paper_id,gold_row,pred_index,match_quality,column,group,gold,pred,outcome
170fead2,433,,unmatched,Polymer family,classification,ether,,missing
170fead2,433,,unmatched,Polymer,identity,PEO,,missing
170fead2,433,,unmatched,SMILES descriptor 1,curator_computed,COC,,missing
170fead2,433,,unmatched,SMILES descriptor 2,curator_computed,COC,,missing
170fead2,433,,unmatched,Comonomer percentage,identity,100.0,,missing
170fead2,433,,unmatched,Average functional group per monomer,curator_computed,1.0,,missing
170fead2,433,,unmatched,Anion,identity,TFSI,,missing
170fead2,433,,unmatched,Li:functional group,identity,0.002,,missing
170fead2,433,,unmatched,Tg,thermal,-66.0,,missing
170fead2,433,,unmatched,crystalline?,classification,yes,,missing
170fead2,433,,unmatched,Conductivity at 50C,conductivity,2.28e-05,,missing
170fead2,433,,unmatched,Conductivity at 55C,conductivity,2.7e-05,,missing
170fead2,433,,unmatched,Conductivity at 60C,conductivity,3.18e-05,,missing
170fead2,433,,unmatched,Conductivity at 65C,conductivity,3.7e-05,,missing
170fead2,433,,unmatched,Conductivity at 70C,conductivity,4.18e-05,,missing
170fead2,433,,unmatched,Conductivity at 75C,conductivity,4.77e-05,,missing
170fead2,433,,unmatched,Conductivity at 80C,conductivity,5.4e-05,,missing
170fead2,433,,unmatched,Conductivity at 85C,conductivity,6.2e-05,,missing
170fead2,433,,unmatched,Conductivity at 90C,conductivity,6.7e-05,,missing
170fead2,433,,unmatched,Conductivity at 100C,conductivity,8.2e-05,,missing
170fead2,433,,unmatched,Conductivity at 110C,conductivity,9.7e-05,,missing
170fead2,433,,unmatched,VFT prefactor (S/cm*T^(1/2)),fits,0.05,,missing
170fead2,433,,unmatched,VFT activation energy (K),fits,638.0,,missing
170fead2,433,,unmatched,VFT T0 (degC),fits,-81.0,,missing
170fead2,433,,unmatched,VFT prefactor with set T0,fits,0.136,,missing
170fead2,433,,unmatched,VFT activation energy with fixed T0 (K),fits,961.0,,missing
170fead2,433,,unmatched,Fixed T0 (degC),fits,-116.0,,missing
170fead2,433,,unmatched,Arrhenius Ea (eV),fits,0.26,,missing
170fead2,433,,unmatched,Arrhenius prefactor (S/cm),fits,0.25,,missing
170fead2,433,,unmatched,PDI,molecular_weight,1.21,,missing
170fead2,433,,unmatched,Polymer Mn (kDa),molecular_weight,4.0,,missing
170fead2,433,,unmatched,Polymer Mw (kDa),molecular_weight,4.84,,missing
170fead2,433,,unmatched,chain architecture,classification,linear,,missing
170fead2,433,,unmatched,Solvent used,processing,methanol,,missing
170fead2,433,,unmatched,drying temp,processing,130,,missing
170fead2,433,,unmatched,drying time (h),processing,24,,missing
170fead2,433,,unmatched,drying vacuum,processing,high,,missing
170fead2,434,,unmatched,Polymer family,classification,ether,,missing
170fead2,434,,unmatched,Polymer,identity,PEO,,missing
170fead2,434,,unmatched,SMILES descriptor 1,curator_computed,COC,,missing
170fead2,434,,unmatched,SMILES descriptor 2,curator_computed,COC,,missing
170fead2,434,,unmatched,Comonomer percentage,identity,100.0,,missing
170fead2,434,,unmatched,Average functional group per monomer,curator_computed,1.0,,missing
170fead2,434,,unmatched,Anion,identity,TFSI,,missing
170fead2,434,,unmatched,Li:functional group,identity,0.005208333,,missing
170fead2,434,,unmatched,Tg,thermal,-65.0,,missing
170fead2,434,,unmatched,crystalline?,classification,yes,,missing
170fead2,434,,unmatched,Conductivity at 50C,conductivity,8.2e-05,,missing
170fead2,434,,unmatched,Conductivity at 55C,conductivity,9.4e-05,,missing
170fead2,434,,unmatched,Conductivity at 60C,conductivity,0.000116,,missing
170fead2,434,,unmatched,Conductivity at 65C,conductivity,0.000136,,missing
170fead2,434,,unmatched,Conductivity at 70C,conductivity,0.000156,,missing
170fead2,434,,unmatched,Conductivity at 75C,conductivity,0.00018,,missing
170fead2,434,,unmatched,Conductivity at 80C,conductivity,0.000202,,missing
170fead2,434,,unmatched,Conductivity at 85C,conductivity,0.000229,,missing
170fead2,434,,unmatched,Conductivity at 90C,conductivity,0.000255,,missing
170fead2,434,,unmatched,Conductivity at 100C,conductivity,0.000312,,missing
170fead2,434,,unmatched,Conductivity at 110C,conductivity,0.000371,,missing
170fead2,434,,unmatched,VFT prefactor (S/cm*T^(1/2)),fits,0.22,,missing
170fead2,434,,unmatched,VFT activation energy (K),fits,644.0,,missing
170fead2,434,,unmatched,VFT T0 (degC),fits,-78.0,,missing
170fead2,434,,unmatched,VFT prefactor with set T0,fits,0.6,,missing
170fead2,434,,unmatched,VFT activation energy with fixed T0 (K),fits,989.0,,missing
170fead2,434,,unmatched,Fixed T0 (degC),fits,-115.0,,missing
170fead2,434,,unmatched,Arrhenius Ea (eV),fits,0.27,,missing
170fead2,434,,unmatched,Arrhenius prefactor (S/cm),fits,1.3,,missing
170fead2,434,,unmatched,PDI,molecular_weight,1.21,,missing
170fead2,434,,unmatched,Polymer Mn (kDa),molecular_weight,4.0,,missing
170fead2,434,,unmatched,Polymer Mw (kDa),molecular_weight,4.84,,missing
170fead2,434,,unmatched,chain architecture,classification,linear,,missing
170fead2,434,,unmatched,Solvent used,processing,methanol,,missing
170fead2,434,,unmatched,drying temp,processing,130,,missing
170fead2,434,,unmatched,drying time (h),processing,24,,missing
170fead2,434,,unmatched,drying vacuum,processing,high,,missing
170fead2,435,,unmatched,Polymer family,classification,ether,,missing
170fead2,435,,unmatched,Polymer,identity,PEO,,missing
170fead2,435,,unmatched,SMILES descriptor 1,curator_computed,COC,,missing
170fead2,435,,unmatched,SMILES descriptor 2,curator_computed,COC,,missing
170fead2,435,,unmatched,Comonomer percentage,identity,100.0,,missing
170fead2,435,,unmatched,Average functional group per monomer,curator_computed,1.0,,missing
170fead2,435,,unmatched,Anion,identity,TFSI,,missing
170fead2,435,,unmatched,Li:functional group,identity,0.0078125,,missing
170fead2,435,,unmatched,Tg,thermal,-64.0,,missing
170fead2,435,,unmatched,crystalline?,classification,yes,,missing
170fead2,435,,unmatched,Conductivity at 50C,conductivity,0.00012,,missing
170fead2,435,,unmatched,Conductivity at 55C,conductivity,0.000143,,missing
170fead2,435,,unmatched,Conductivity at 60C,conductivity,0.000169,,missing
170fead2,435,,unmatched,Conductivity at 65C,conductivity,0.000199,,missing
170fead2,435,,unmatched,Conductivity at 70C,conductivity,0.000229,,missing
170fead2,435,,unmatched,Conductivity at 75C,conductivity,0.00026,,missing
170fead2,435,,unmatched,Conductivity at 80C,conductivity,0.000297,,missing
170fead2,435,,unmatched,Conductivity at 85C,conductivity,0.000336,,missing
170fead2,435,,unmatched,Conductivity at 90C,conductivity,0.000379,,missing
170fead2,435,,unmatched,Conductivity at 100C,conductivity,0.000463,,missing
170fead2,435,,unmatched,Conductivity at 110C,conductivity,0.00056,,missing
170fead2,435,,unmatched,VFT prefactor (S/cm*T^(1/2)),fits,0.52,,missing
170fead2,435,,unmatched,VFT activation energy (K),fits,781.0,,missing
170fead2,435,,unmatched,VFT T0 (degC),fits,-92.0,,missing
170fead2,435,,unmatched,VFT prefactor with set T0,fits,0.94,,missing
170fead2,435,,unmatched,VFT activation energy with fixed T0 (K),fits,996.0,,missing
170fead2,435,,unmatched,Fixed T0 (degC),fits,-114.0,,missing
170fead2,435,,unmatched,Arrhenius Ea (eV),fits,0.27,,missing
170fead2,435,,unmatched,Arrhenius prefactor (S/cm),fits,2.3,,missing
170fead2,435,,unmatched,PDI,molecular_weight,1.21,,missing
170fead2,435,,unmatched,Polymer Mn (kDa),molecular_weight,4.0,,missing
170fead2,435,,unmatched,Polymer Mw (kDa),molecular_weight,4.84,,missing
170fead2,435,,unmatched,chain architecture,classification,linear,,missing
170fead2,435,,unmatched,Solvent used,processing,methanol,,missing
170fead2,435,,unmatched,drying temp,processing,130,,missing
170fead2,435,,unmatched,drying time (h),processing,24,,missing
170fead2,435,,unmatched,drying vacuum,processing,high,,missing
170fead2,436,,unmatched,Polymer family,classification,ether,,missing
170fead2,436,,unmatched,Polymer,identity,PEO,,missing
170fead2,436,,unmatched,SMILES descriptor 1,curator_computed,COC,,missing
170fead2,436,,unmatched,SMILES descriptor 2,curator_computed,COC,,missing
170fead2,436,,unmatched,Comonomer percentage,identity,100.0,,missing
170fead2,436,,unmatched,Average functional group per monomer,curator_computed,1.0,,missing
170fead2,436,,unmatched,Anion,identity,TFSI,,missing
170fead2,436,,unmatched,Li:functional group,identity,0.010416667,,missing
170fead2,436,,unmatched,Tg,thermal,-63.5,,missing
170fead2,436,,unmatched,crystalline?,classification,yes,,missing
170fead2,436,,unmatched,Conductivity at 50C,conductivity,0.000141,,missing
170fead2,436,,unmatched,Conductivity at 55C,conductivity,0.000171,,missing
170fead2,436,,unmatched,Conductivity at 60C,conductivity,0.000202,,missing
170fead2,436,,unmatched,Conductivity at 65C,conductivity,0.000242,,missing
170fead2,436,,unmatched,Conductivity at 70C,conductivity,0.000279,,missing
170fead2,436,,unmatched,Conductivity at 75C,conductivity,0.00032,,missing
170fead2,436,,unmatched,Conductivity at 80C,conductivity,0.000367,,missing
170fead2,436,,unmatched,Conductivity at 85C,conductivity,0.000422,,missing
170fead2,436,,unmatched,Conductivity at 90C,conductivity,0.000476,,missing
170fead2,436,,unmatched,Conductivity at 100C,conductivity,0.00058,,missing
170fead2,436,,unmatched,Conductivity at 110C,conductivity,0.00071,,missing
170fead2,436,,unmatched,VFT prefactor (S/cm*T^(1/2)),fits,0.6,,missing
170fead2,436,,unmatched,VFT activation energy (K),fits,723.0,,missing
170fead2,436,,unmatched,VFT T0 (degC),fits,-83.0,,missing
170fead2,436,,unmatched,VFT prefactor with set T0,fits,1.5,,missing
170fead2,436,,unmatched,VFT activation energy with fixed T0 (K),fits,1038.0,,missing
170fead2,436,,unmatched,Fixed T0 (degC),fits,-113.5,,missing
170fead2,436,,unmatched,Arrhenius Ea (eV),fits,0.29,,missing
170fead2,436,,unmatched,Arrhenius prefactor (S/cm),fits,4.5,,missing
170fead2,436,,unmatched,PDI,molecular_weight,1.21,,missing
170fead2,436,,unmatched,Polymer Mn (kDa),molecular_weight,4.0,,missing
170fead2,436,,unmatched,Polymer Mw (kDa),molecular_weight,4.84,,missing
170fead2,436,,unmatched,chain architecture,classification,linear,,missing
170fead2,436,,unmatched,Solvent used,processing,methanol,,missing
170fead2,436,,unmatched,drying temp,processing,130,,missing
170fead2,436,,unmatched,drying time (h),processing,24,,missing
170fead2,436,,unmatched,drying vacuum,processing,high,,missing
170fead2,437,,unmatched,Polymer family,classification,ether,,missing
170fead2,437,,unmatched,Polymer,identity,PEO,,missing
170fead2,437,,unmatched,SMILES descriptor 1,curator_computed,COC,,missing
170fead2,437,,unmatched,SMILES descriptor 2,curator_computed,COC,,missing
170fead2,437,,unmatched,Comonomer percentage,identity,100.0,,missing
170fead2,437,,unmatched,Average functional group per monomer,curator_computed,1.0,,missing
170fead2,437,,unmatched,Anion,identity,TFSI,,missing
170fead2,437,,unmatched,Li:functional group,identity,0.015625,,missing
170fead2,437,,unmatched,Tg,thermal,-62.0,,missing
170fead2,437,,unmatched,crystalline?,classification,yes,,missing
170fead2,437,,unmatched,Conductivity at 50C,conductivity,0.000185,,missing
170fead2,437,,unmatched,Conductivity at 55C,conductivity,0.000231,,missing
170fead2,437,,unmatched,Conductivity at 60C,conductivity,0.00028,,missing
170fead2,437,,unmatched,Conductivity at 65C,conductivity,0.000335,,missing
170fead2,437,,unmatched,Conductivity at 70C,conductivity,0.000397,,missing
170fead2,437,,unmatched,Conductivity at 75C,conductivity,0.000465,,missing
170fead2,437,,unmatched,Conductivity at 80C,conductivity,0.00054,,missing
170fead2,437,,unmatched,Conductivity at 85C,conductivity,0.00062,,missing
170fead2,437,,unmatched,Conductivity at 90C,conductivity,0.0007,,missing
170fead2,437,,unmatched,Conductivity at 100C,conductivity,0.0009,,missing
170fead2,437,,unmatched,Conductivity at 110C,conductivity,0.00112,,missing
170fead2,437,,unmatched,VFT prefactor (S/cm*T^(1/2)),fits,1.5,,missing
170fead2,437,,unmatched,VFT activation energy (K),fits,822.0,,missing
170fead2,437,,unmatched,VFT T0 (degC),fits,-85.0,,missing
170fead2,437,,unmatched,VFT prefactor with set T0,fits,3.5,,missing
170fead2,437,,unmatched,VFT activation energy with fixed T0 (K),fits,1126.0,,missing
170fead2,437,,unmatched,Fixed T0 (degC),fits,-112.0,,missing
170fead2,437,,unmatched,Arrhenius Ea (eV),fits,0.32,,missing
170fead2,437,,unmatched,Arrhenius prefactor (S/cm),fits,18.3,,missing
170fead2,437,,unmatched,PDI,molecular_weight,1.21,,missing
170fead2,437,,unmatched,Polymer Mn (kDa),molecular_weight,4.0,,missing
170fead2,437,,unmatched,Polymer Mw (kDa),molecular_weight,4.84,,missing
170fead2,437,,unmatched,chain architecture,classification,linear,,missing
170fead2,437,,unmatched,Solvent used,processing,methanol,,missing
170fead2,437,,unmatched,drying temp,processing,130,,missing
170fead2,437,,unmatched,drying time (h),processing,24,,missing
170fead2,437,,unmatched,drying vacuum,processing,high,,missing
170fead2,438,,unmatched,Polymer family,classification,ether,,missing
170fead2,438,,unmatched,Polymer,identity,PEO,,missing
170fead2,438,,unmatched,SMILES descriptor 1,curator_computed,COC,,missing
170fead2,438,,unmatched,SMILES descriptor 2,curator_computed,COC,,missing
170fead2,438,,unmatched,Comonomer percentage,identity,100.0,,missing
170fead2,438,,unmatched,Average functional group per monomer,curator_computed,1.0,,missing
170fead2,438,,unmatched,Anion,identity,TFSI,,missing
170fead2,438,,unmatched,Li:functional group,identity,0.020833333,,missing
170fead2,438,,unmatched,Tg,thermal,-61.0,,missing
170fead2,438,,unmatched,crystalline?,classification,yes,,missing
170fead2,438,,unmatched,Conductivity at 50C,conductivity,0.000268,,missing
170fead2,438,,unmatched,Conductivity at 55C,conductivity,0.000325,,missing
170fead2,438,,unmatched,Conductivity at 60C,conductivity,0.000395,,missing
170fead2,438,,unmatched,Conductivity at 65C,conductivity,0.000467,,missing
170fead2,438,,unmatched,Conductivity at 70C,conductivity,0.00056,,missing
170fead2,438,,unmatched,Conductivity at 75C,conductivity,0.00065,,missing
170fead2,438,,unmatched,Conductivity at 80C,conductivity,0.00074,,missing
170fead2,438,,unmatched,Conductivity at 85C,conductivity,0.00085,,missing
170fead2,438,,unmatched,Conductivity at 90C,conductivity,0.00096,,missing
170fead2,438,,unmatched,Conductivity at 100C,conductivity,0.0012,,missing
170fead2,438,,unmatched,Conductivity at 110C,conductivity,0.00149,,missing
170fead2,438,,unmatched,VFT prefactor (S/cm*T^(1/2)),fits,1.5,,missing
170fead2,438,,unmatched,VFT activation energy (K),fits,751.0,,missing
170fead2,438,,unmatched,VFT T0 (degC),fits,-81.0,,missing
170fead2,438,,unmatched,VFT prefactor with set T0,fits,3.6,,missing
170fead2,438,,unmatched,VFT activation energy with fixed T0 (K),fits,1064.0,,missing
170fead2,438,,unmatched,Fixed T0 (degC),fits,-111.0,,missing
170fead2,438,,unmatched,Arrhenius Ea (eV),fits,0.3,,missing
170fead2,438,,unmatched,Arrhenius prefactor (S/cm),fits,15.0,,missing
170fead2,438,,unmatched,PDI,molecular_weight,1.21,,missing
170fead2,438,,unmatched,Polymer Mn (kDa),molecular_weight,4.0,,missing
170fead2,438,,unmatched,Polymer Mw (kDa),molecular_weight,4.84,,missing
170fead2,438,,unmatched,chain architecture,classification,linear,,missing
170fead2,438,,unmatched,Solvent used,processing,methanol,,missing
170fead2,438,,unmatched,drying temp,processing,130,,missing
170fead2,438,,unmatched,drying time (h),processing,24,,missing
170fead2,438,,unmatched,drying vacuum,processing,high,,missing
170fead2,439,,unmatched,Polymer family,classification,ether,,missing
170fead2,439,,unmatched,Polymer,identity,PEO,,missing
170fead2,439,,unmatched,SMILES descriptor 1,curator_computed,COC,,missing
170fead2,439,,unmatched,SMILES descriptor 2,curator_computed,COC,,missing
170fead2,439,,unmatched,Comonomer percentage,identity,100.0,,missing
170fead2,439,,unmatched,Average functional group per monomer,curator_computed,1.0,,missing
170fead2,439,,unmatched,Anion,identity,TFSI,,missing
170fead2,439,,unmatched,Li:functional group,identity,0.03125,,missing
170fead2,439,,unmatched,Tg,thermal,-58.0,,missing
170fead2,439,,unmatched,crystalline?,classification,yes,,missing
170fead2,439,,unmatched,Conductivity at 50C,conductivity,0.000363,,missing
170fead2,439,,unmatched,Conductivity at 55C,conductivity,0.000446,,missing
170fead2,439,,unmatched,Conductivity at 60C,conductivity,0.00054,,missing
170fead2,439,,unmatched,Conductivity at 65C,conductivity,0.00064,,missing
170fead2,439,,unmatched,Conductivity at 70C,conductivity,0.00074,,missing
170fead2,439,,unmatched,Conductivity at 75C,conductivity,0.00088,,missing
170fead2,439,,unmatched,Conductivity at 80C,conductivity,0.00101,,missing
170fead2,439,,unmatched,Conductivity at 85C,conductivity,0.00117,,missing
170fead2,439,,unmatched,Conductivity at 90C,conductivity,0.00134,,missing
170fead2,439,,unmatched,Conductivity at 100C,conductivity,0.00171,,missing
170fead2,439,,unmatched,VFT prefactor (S/cm*T^(1/2)),fits,8.8,,missing
170fead2,439,,unmatched,VFT activation energy (K),fits,1240.0,,missing
170fead2,439,,unmatched,VFT T0 (degC),fits,-122.0,,missing
170fead2,439,,unmatched,VFT prefactor with set T0,fits,5.5,,missing
170fead2,439,,unmatched,VFT activation energy with fixed T0 (K),fits,1064.0,,missing
170fead2,439,,unmatched,Fixed T0 (degC),fits,-108.0,,missing
170fead2,439,,unmatched,Arrhenius Ea (eV),fits,0.32,,missing
170fead2,439,,unmatched,Arrhenius prefactor (S/cm),fits,39.0,,missing
170fead2,439,,unmatched,PDI,molecular_weight,1.21,,missing
170fead2,439,,unmatched,Polymer Mn (kDa),molecular_weight,4.0,,missing
170fead2,439,,unmatched,Polymer Mw (kDa),molecular_weight,4.84,,missing
170fead2,439,,unmatched,chain architecture,classification,linear,,missing
170fead2,439,,unmatched,Solvent used,processing,methanol,,missing
170fead2,439,,unmatched,drying temp,processing,130,,missing
170fead2,439,,unmatched,drying time (h),processing,24,,missing
170fead2,439,,unmatched,drying vacuum,processing,high,,missing
170fead2,440,,unmatched,Polymer family,classification,ether,,missing
170fead2,440,,unmatched,Polymer,identity,PEO,,missing
170fead2,440,,unmatched,SMILES descriptor 1,curator_computed,COC,,missing
170fead2,440,,unmatched,SMILES descriptor 2,curator_computed,COC,,missing
170fead2,440,,unmatched,Comonomer percentage,identity,100.0,,missing
170fead2,440,,unmatched,Average functional group per monomer,curator_computed,1.0,,missing
170fead2,440,,unmatched,Anion,identity,TFSI,,missing
170fead2,440,,unmatched,Li:functional group,identity,0.041666667,,missing
170fead2,440,,unmatched,Tg,thermal,-56.0,,missing
170fead2,440,,unmatched,crystalline?,classification,yes,,missing
170fead2,440,,unmatched,Conductivity at 50C,conductivity,0.000384,,missing
170fead2,440,,unmatched,Conductivity at 55C,conductivity,0.00048,,missing
170fead2,440,,unmatched,Conductivity at 60C,conductivity,0.00059,,missing
170fead2,440,,unmatched,Conductivity at 65C,conductivity,0.00071,,missing
170fead2,440,,unmatched,Conductivity at 70C,conductivity,0.00084,,missing
170fead2,440,,unmatched,Conductivity at 75C,conductivity,0.00099,,missing
170fead2,440,,unmatched,Conductivity at 80C,conductivity,0.00116,,missing
170fead2,440,,unmatched,Conductivity at 85C,conductivity,0.00135,,missing
170fead2,440,,unmatched,Conductivity at 90C,conductivity,0.00154,,missing
170fead2,440,,unmatched,Conductivity at 100C,conductivity,0.00196,,missing
170fead2,440,,unmatched,VFT prefactor (S/cm*T^(1/2)),fits,3.0,,missing
170fead2,440,,unmatched,VFT activation energy (K),fits,783.0,,missing
170fead2,440,,unmatched,VFT T0 (degC),fits,-79.0,,missing
170fead2,440,,unmatched,VFT prefactor with set T0,fits,7.8,,missing
170fead2,440,,unmatched,VFT activation energy with fixed T0 (K),fits,1096.0,,missing
170fead2,440,,unmatched,Fixed T0 (degC),fits,-106.0,,missing
170fead2,440,,unmatched,Arrhenius Ea (eV),fits,0.34,,missing
170fead2,440,,unmatched,Arrhenius prefactor (S/cm),fits,79.0,,missing
170fead2,440,,unmatched,PDI,molecular_weight,1.21,,missing
170fead2,440,,unmatched,Polymer Mn (kDa),molecular_weight,4.0,,missing
170fead2,440,,unmatched,Polymer Mw (kDa),molecular_weight,4.84,,missing
170fead2,440,,unmatched,chain architecture,classification,linear,,missing
170fead2,440,,unmatched,Solvent used,processing,methanol,,missing
170fead2,440,,unmatched,drying temp,processing,130,,missing
170fead2,440,,unmatched,drying time (h),processing,24,,missing
170fead2,440,,unmatched,drying vacuum,processing,high,,missing
170fead2,441,,unmatched,Polymer family,classification,ether,,missing
170fead2,441,,unmatched,Polymer,identity,PEO,,missing
170fead2,441,,unmatched,SMILES descriptor 1,curator_computed,COC,,missing
170fead2,441,,unmatched,SMILES descriptor 2,curator_computed,COC,,missing
170fead2,441,,unmatched,Comonomer percentage,identity,100.0,,missing
170fead2,441,,unmatched,Average functional group per monomer,curator_computed,1.0,,missing
170fead2,441,,unmatched,Anion,identity,TFSI,,missing
170fead2,441,,unmatched,Li:functional group,identity,0.0625,,missing
170fead2,441,,unmatched,Tg,thermal,-50.0,,missing
170fead2,441,,unmatched,crystalline?,classification,yes,,missing
170fead2,441,,unmatched,Conductivity at 50C,conductivity,0.000381,,missing
170fead2,441,,unmatched,Conductivity at 55C,conductivity,0.00049,,missing
170fead2,441,,unmatched,Conductivity at 60C,conductivity,0.00061,,missing
170fead2,441,,unmatched,Conductivity at 65C,conductivity,0.00077,,missing
170fead2,441,,unmatched,Conductivity at 70C,conductivity,0.00094,,missing
170fead2,441,,unmatched,Conductivity at 75C,conductivity,0.00111,,missing
170fead2,441,,unmatched,Conductivity at 80C,conductivity,0.00132,,missing
170fead2,441,,unmatched,Conductivity at 85C,conductivity,0.00155,,missing
170fead2,441,,unmatched,Conductivity at 90C,conductivity,0.00179,,missing
170fead2,441,,unmatched,VFT prefactor (S/cm*T^(1/2)),fits,3.3,,missing
170fead2,441,,unmatched,VFT activation energy (K),fits,704.0,,missing
170fead2,441,,unmatched,VFT T0 (degC),fits,-64.0,,missing
170fead2,441,,unmatched,VFT prefactor with set T0,fits,14.5,,missing
170fead2,441,,unmatched,VFT activation energy with fixed T0 (K),fits,1147.0,,missing
170fead2,441,,unmatched,Fixed T0 (degC),fits,-100.0,,missing
170fead2,441,,unmatched,Arrhenius Ea (eV),fits,0.39,,missing
170fead2,441,,unmatched,Arrhenius prefactor (S/cm),fits,498.0,,missing
170fead2,441,,unmatched,PDI,molecular_weight,1.21,,missing
170fead2,441,,unmatched,Polymer Mn (kDa),molecular_weight,4.0,,missing
170fead2,441,,unmatched,Polymer Mw (kDa),molecular_weight,4.84,,missing
170fead2,441,,unmatched,chain architecture,classification,linear,,missing
170fead2,441,,unmatched,Solvent used,processing,methanol,,missing
170fead2,441,,unmatched,drying temp,processing,130,,missing
170fead2,441,,unmatched,drying time (h),processing,24,,missing
170fead2,441,,unmatched,drying vacuum,processing,high,,missing
170fead2,442,,unmatched,Polymer family,classification,ether,,missing
170fead2,442,,unmatched,Polymer,identity,PEO,,missing
170fead2,442,,unmatched,SMILES descriptor 1,curator_computed,COC,,missing
170fead2,442,,unmatched,SMILES descriptor 2,curator_computed,COC,,missing
170fead2,442,,unmatched,Comonomer percentage,identity,100.0,,missing
170fead2,442,,unmatched,Average functional group per monomer,curator_computed,1.0,,missing
170fead2,442,,unmatched,Anion,identity,TFSI,,missing
170fead2,442,,unmatched,Li:functional group,identity,0.090909091,,missing
170fead2,442,,unmatched,Tg,thermal,-43.0,,missing
170fead2,442,,unmatched,crystalline?,classification,yes,,missing
170fead2,442,,unmatched,Conductivity at 50C,conductivity,0.000296,,missing
170fead2,442,,unmatched,Conductivity at 55C,conductivity,0.000392,,missing
170fead2,442,,unmatched,Conductivity at 60C,conductivity,0.00052,,missing
170fead2,442,,unmatched,Conductivity at 65C,conductivity,0.00067,,missing
170fead2,442,,unmatched,Conductivity at 70C,conductivity,0.00084,,missing
170fead2,442,,unmatched,Conductivity at 75C,conductivity,0.00104,,missing
170fead2,442,,unmatched,Conductivity at 80C,conductivity,0.00126,,missing
170fead2,442,,unmatched,Conductivity at 85C,conductivity,0.00156,,missing
170fead2,442,,unmatched,Conductivity at 90C,conductivity,0.00187,,missing
170fead2,442,,unmatched,Conductivity at 100C,conductivity,0.0025,,missing
170fead2,442,,unmatched,Conductivity at 110C,conductivity,0.00337,,missing
170fead2,442,,unmatched,VFT prefactor (S/cm*T^(1/2)),fits,10.5,,missing
170fead2,442,,unmatched,VFT activation energy (K),fits,918.0,,missing
170fead2,442,,unmatched,VFT T0 (degC),fits,-71.0,,missing
170fead2,442,,unmatched,VFT prefactor with set T0,fits,27.0,,missing
170fead2,442,,unmatched,VFT activation energy with fixed T0 (K),fits,1218.0,,missing
170fead2,442,,unmatched,Fixed T0 (degC),fits,-93.0,,missing
170fead2,442,,unmatched,Arrhenius Ea (eV),fits,0.43,,missing
170fead2,442,,unmatched,Arrhenius prefactor (S/cm),fits,1748.0,,missing
170fead2,442,,unmatched,PDI,molecular_weight,1.21,,missing
170fead2,442,,unmatched,Polymer Mn (kDa),molecular_weight,4.0,,missing
170fead2,442,,unmatched,Polymer Mw (kDa),molecular_weight,4.84,,missing
170fead2,442,,unmatched,chain architecture,classification,linear,,missing
170fead2,442,,unmatched,Solvent used,processing,methanol,,missing
170fead2,442,,unmatched,drying temp,processing,130,,missing
170fead2,442,,unmatched,drying time (h),processing,24,,missing
170fead2,442,,unmatched,drying vacuum,processing,high,,missing
170fead2,443,,unmatched,Polymer family,classification,ether,,missing
170fead2,443,,unmatched,Polymer,identity,PEO,,missing
170fead2,443,,unmatched,SMILES descriptor 1,curator_computed,COC,,missing
170fead2,443,,unmatched,SMILES descriptor 2,curator_computed,COC,,missing
170fead2,443,,unmatched,Comonomer percentage,identity,100.0,,missing
170fead2,443,,unmatched,Average functional group per monomer,curator_computed,1.0,,missing
170fead2,443,,unmatched,Anion,identity,TFSI,,missing
170fead2,443,,unmatched,Li:functional group,identity,0.125,,missing
170fead2,443,,unmatched,Tg,thermal,-36.0,,missing
170fead2,443,,unmatched,crystalline?,classification,yes,,missing
170fead2,443,,unmatched,Conductivity at 50C,conductivity,0.000223,,missing
170fead2,443,,unmatched,Conductivity at 55C,conductivity,0.000304,,missing
170fead2,443,,unmatched,Conductivity at 60C,conductivity,0.000411,,missing
170fead2,443,,unmatched,Conductivity at 65C,conductivity,0.00054,,missing
170fead2,443,,unmatched,Conductivity at 70C,conductivity,0.0007,,missing
170fead2,443,,unmatched,Conductivity at 75C,conductivity,0.00089,,missing
170fead2,443,,unmatched,Conductivity at 80C,conductivity,0.0011,,missing
170fead2,443,,unmatched,Conductivity at 85C,conductivity,0.00136,,missing
170fead2,443,,unmatched,Conductivity at 90C,conductivity,0.00165,,missing
170fead2,443,,unmatched,Conductivity at 100C,conductivity,0.00235,,missing
170fead2,443,,unmatched,Conductivity at 110C,conductivity,0.00321,,missing
170fead2,443,,unmatched,VFT prefactor (S/cm*T^(1/2)),fits,18.9,,missing
170fead2,443,,unmatched,VFT activation energy (K),fits,1052.0,,missing
170fead2,443,,unmatched,VFT T0 (degC),fits,-74.0,,missing
170fead2,443,,unmatched,VFT prefactor with set T0,fits,33.0,,missing
170fead2,443,,unmatched,VFT activation energy with fixed T0 (K),fits,1224.0,,missing
170fead2,443,,unmatched,Fixed T0 (degC),fits,-86.0,,missing
170fead2,443,,unmatched,Arrhenius Ea (eV),fits,0.47,,missing
170fead2,443,,unmatched,Arrhenius prefactor (S/cm),fits,6027.0,,missing
170fead2,443,,unmatched,PDI,molecular_weight,1.21,,missing
170fead2,443,,unmatched,Polymer Mn (kDa),molecular_weight,4.0,,missing
170fead2,443,,unmatched,Polymer Mw (kDa),molecular_weight,4.84,,missing
170fead2,443,,unmatched,chain architecture,classification,linear,,missing
170fead2,443,,unmatched,Solvent used,processing,methanol,,missing
170fead2,443,,unmatched,drying temp,processing,130,,missing
170fead2,443,,unmatched,drying time (h),processing,24,,missing
170fead2,443,,unmatched,drying vacuum,processing,high,,missing
170fead2,444,,unmatched,Polymer family,classification,ether,,missing
170fead2,444,,unmatched,Polymer,identity,PEO,,missing
170fead2,444,,unmatched,SMILES descriptor 1,curator_computed,COC,,missing
170fead2,444,,unmatched,SMILES descriptor 2,curator_computed,COC,,missing
170fead2,444,,unmatched,Comonomer percentage,identity,100.0,,missing
170fead2,444,,unmatched,Average functional group per monomer,curator_computed,1.0,,missing
170fead2,444,,unmatched,Anion,identity,TFSI,,missing
170fead2,444,,unmatched,Li:functional group,identity,0.166666667,,missing
170fead2,444,,unmatched,Tg,thermal,-29.0,,missing
170fead2,444,,unmatched,crystalline?,classification,yes,,missing
170fead2,444,,unmatched,Conductivity at 50C,conductivity,0.000174,,missing
170fead2,444,,unmatched,Conductivity at 55C,conductivity,0.000239,,missing
170fead2,444,,unmatched,Conductivity at 60C,conductivity,0.000324,,missing
170fead2,444,,unmatched,Conductivity at 65C,conductivity,0.000422,,missing
170fead2,444,,unmatched,Conductivity at 70C,conductivity,0.00054,,missing
170fead2,444,,unmatched,Conductivity at 75C,conductivity,0.00068,,missing
170fead2,444,,unmatched,Conductivity at 80C,conductivity,0.00084,,missing
170fead2,444,,unmatched,Conductivity at 85C,conductivity,0.00103,,missing
170fead2,444,,unmatched,Conductivity at 90C,conductivity,0.00127,,missing
170fead2,444,,unmatched,Conductivity at 100C,conductivity,0.00172,,missing
170fead2,444,,unmatched,VFT prefactor (S/cm*T^(1/2)),fits,6.2,,missing
170fead2,444,,unmatched,VFT activation energy (K),fits,837.0,,missing
170fead2,444,,unmatched,VFT T0 (degC),fits,-60.0,,missing
170fead2,444,,unmatched,VFT prefactor with set T0,fits,15.5,,missing
170fead2,444,,unmatched,VFT activation energy with fixed T0 (K),fits,1096.0,,missing
170fead2,444,,unmatched,Fixed T0 (degC),fits,-79.0,,missing
170fead2,444,,unmatched,Arrhenius Ea (eV),fits,0.48,,missing
170fead2,444,,unmatched,Arrhenius prefactor (S/cm),fits,5394.0,,missing
170fead2,444,,unmatched,PDI,molecular_weight,1.21,,missing
170fead2,444,,unmatched,Polymer Mn (kDa),molecular_weight,4.0,,missing
170fead2,444,,unmatched,Polymer Mw (kDa),molecular_weight,4.84,,missing
170fead2,444,,unmatched,chain architecture,classification,linear,,missing
170fead2,444,,unmatched,Solvent used,processing,methanol,,missing
170fead2,444,,unmatched,drying temp,processing,130,,missing
170fead2,444,,unmatched,drying time (h),processing,24,,missing
170fead2,444,,unmatched,drying vacuum,processing,high,,missing
170fead2,445,,unmatched,Polymer family,classification,ether,,missing
170fead2,445,,unmatched,Polymer,identity,PEO,,missing
170fead2,445,,unmatched,SMILES descriptor 1,curator_computed,COC,,missing
170fead2,445,,unmatched,SMILES descriptor 2,curator_computed,COC,,missing
170fead2,445,,unmatched,Comonomer percentage,identity,100.0,,missing
170fead2,445,,unmatched,Average functional group per monomer,curator_computed,1.0,,missing
170fead2,445,,unmatched,Anion,identity,TFSI,,missing
170fead2,445,,unmatched,Li:functional group,identity,0.2,,missing
170fead2,445,,unmatched,Tg,thermal,-25.0,,missing
170fead2,445,,unmatched,crystalline?,classification,yes,,missing
170fead2,445,,unmatched,Conductivity at 50C,conductivity,4.21e-05,,missing
170fead2,445,,unmatched,Conductivity at 55C,conductivity,6.3e-05,,missing
170fead2,445,,unmatched,Conductivity at 60C,conductivity,9.2e-05,,missing
170fead2,445,,unmatched,Conductivity at 65C,conductivity,0.000129,,missing
170fead2,445,,unmatched,Conductivity at 70C,conductivity,0.000175,,missing
170fead2,445,,unmatched,Conductivity at 75C,conductivity,0.000235,,missing
170fead2,445,,unmatched,Conductivity at 80C,conductivity,0.000312,,missing
170fead2,445,,unmatched,Conductivity at 85C,conductivity,0.000409,,missing
170fead2,445,,unmatched,Conductivity at 90C,conductivity,0.00053,,missing
170fead2,445,,unmatched,Conductivity at 100C,conductivity,0.00082,,missing
170fead2,445,,unmatched,Conductivity at 110C,conductivity,0.00115,,missing
170fead2,445,,unmatched,VFT prefactor (S/cm*T^(1/2)),fits,16.0,,missing
170fead2,445,,unmatched,VFT activation energy (K),fits,1150.0,,missing
170fead2,445,,unmatched,VFT T0 (degC),fits,-65.0,,missing
170fead2,445,,unmatched,VFT prefactor with set T0,fits,29.0,,missing
170fead2,445,,unmatched,VFT activation energy with fixed T0 (K),fits,1318.0,,missing
170fead2,445,,unmatched,Fixed T0 (degC),fits,-75.0,,missing
170fead2,445,,unmatched,Arrhenius Ea (eV),fits,0.59,,missing
170fead2,445,,unmatched,Arrhenius prefactor (S/cm),fits,81000.0,,missing
170fead2,445,,unmatched,PDI,molecular_weight,1.21,,missing
170fead2,445,,unmatched,Polymer Mn (kDa),molecular_weight,4.0,,missing
170fead2,445,,unmatched,Polymer Mw (kDa),molecular_weight,4.84,,missing
170fead2,445,,unmatched,chain architecture,classification,linear,,missing
170fead2,445,,unmatched,Solvent used,processing,methanol,,missing
170fead2,445,,unmatched,drying temp,processing,130,,missing
170fead2,445,,unmatched,drying time (h),processing,24,,missing
170fead2,445,,unmatched,drying vacuum,processing,high,,missing
170fead2,446,,unmatched,Polymer family,classification,ether,,missing
170fead2,446,,unmatched,Polymer,identity,PEO,,missing
170fead2,446,,unmatched,SMILES descriptor 1,curator_computed,COC,,missing
170fead2,446,,unmatched,SMILES descriptor 2,curator_computed,COC,,missing
170fead2,446,,unmatched,Comonomer percentage,identity,100.0,,missing
170fead2,446,,unmatched,Average functional group per monomer,curator_computed,1.0,,missing
170fead2,446,,unmatched,Anion,identity,TFSI,,missing
170fead2,446,,unmatched,Li:functional group,identity,0.25,,missing
170fead2,446,,unmatched,Tg,thermal,-19.0,,missing
170fead2,446,,unmatched,crystalline?,classification,yes,,missing
170fead2,446,,unmatched,Conductivity at 50C,conductivity,2.29e-05,,missing
170fead2,446,,unmatched,Conductivity at 55C,conductivity,3.5e-05,,missing
170fead2,446,,unmatched,Conductivity at 60C,conductivity,5.2e-05,,missing
170fead2,446,,unmatched,Conductivity at 65C,conductivity,7.5e-05,,missing
170fead2,446,,unmatched,Conductivity at 70C,conductivity,0.000106,,missing
170fead2,446,,unmatched,Conductivity at 75C,conductivity,0.000148,,missing
170fead2,446,,unmatched,Conductivity at 80C,conductivity,0.000197,,missing
170fead2,446,,unmatched,Conductivity at 85C,conductivity,0.00026,,missing
170fead2,446,,unmatched,Conductivity at 90C,conductivity,0.000335,,missing
170fead2,446,,unmatched,Conductivity at 100C,conductivity,0.00053,,missing
170fead2,446,,unmatched,Conductivity at 110C,conductivity,0.00078,,missing
170fead2,446,,unmatched,VFT prefactor (S/cm*T^(1/2)),fits,13.0,,missing
170fead2,446,,unmatched,VFT activation energy (K),fits,1156.0,,missing
170fead2,446,,unmatched,VFT T0 (degC),fits,-61.0,,missing
170fead2,446,,unmatched,VFT prefactor with set T0,fits,21.0,,missing
170fead2,446,,unmatched,VFT activation energy with fixed T0 (K),fits,1290.0,,missing
170fead2,446,,unmatched,Fixed T0 (degC),fits,-69.0,,missing
170fead2,446,,unmatched,Arrhenius Ea (eV),fits,0.63,,missing
170fead2,446,,unmatched,Arrhenius prefactor (S/cm),fits,170000.0,,missing
170fead2,446,,unmatched,PDI,molecular_weight,1.21,,missing
170fead2,446,,unmatched,Polymer Mn (kDa),molecular_weight,4.0,,missing
170fead2,446,,unmatched,Polymer Mw (kDa),molecular_weight,4.84,,missing
170fead2,446,,unmatched,chain architecture,classification,linear,,missing
170fead2,446,,unmatched,Solvent used,processing,methanol,,missing
170fead2,446,,unmatched,drying temp,processing,130,,missing
170fead2,446,,unmatched,drying time (h),processing,24,,missing
170fead2,446,,unmatched,drying vacuum,processing,high,,missing
170fead2,447,,unmatched,Polymer family,classification,ether,,missing
170fead2,447,,unmatched,Polymer,identity,PEO,,missing
170fead2,447,,unmatched,SMILES descriptor 1,curator_computed,COC,,missing
170fead2,447,,unmatched,SMILES descriptor 2,curator_computed,COC,,missing
170fead2,447,,unmatched,Comonomer percentage,identity,100.0,,missing
170fead2,447,,unmatched,Average functional group per monomer,curator_computed,1.0,,missing
170fead2,447,,unmatched,Anion,identity,TFSI,,missing
170fead2,447,,unmatched,Li:functional group,identity,0.5,,missing
170fead2,447,,unmatched,Tg,thermal,5.0,,missing
170fead2,447,,unmatched,crystalline?,classification,yes,,missing
170fead2,447,,unmatched,Conductivity at 90C,conductivity,4.56e-05,,missing
170fead2,447,,unmatched,Conductivity at 100C,conductivity,7.5e-05,,missing
170fead2,447,,unmatched,Conductivity at 110C,conductivity,0.000126,,missing
170fead2,447,,unmatched,VFT prefactor (S/cm*T^(1/2)),fits,410000.0,,missing
170fead2,447,,unmatched,VFT activation energy (K),fits,7250.0,,missing
170fead2,447,,unmatched,VFT T0 (degC),fits,-273.15,,missing
170fead2,447,,unmatched,VFT prefactor with set T0,fits,2.7,,missing
170fead2,447,,unmatched,VFT activation energy with fixed T0 (K),fits,1089.0,,missing
170fead2,447,,unmatched,Fixed T0 (degC),fits,-45.0,,missing
170fead2,447,,unmatched,Arrhenius Ea (eV),fits,0.61,,missing
170fead2,447,,unmatched,Arrhenius prefactor (S/cm),fits,13000.0,,missing
170fead2,447,,unmatched,PDI,molecular_weight,1.21,,missing
170fead2,447,,unmatched,Polymer Mn (kDa),molecular_weight,4.0,,missing
170fead2,447,,unmatched,Polymer Mw (kDa),molecular_weight,4.84,,missing
170fead2,447,,unmatched,chain architecture,classification,linear,,missing
170fead2,447,,unmatched,Solvent used,processing,methanol,,missing
170fead2,447,,unmatched,drying temp,processing,130,,missing
170fead2,447,,unmatched,drying time (h),processing,24,,missing
170fead2,447,,unmatched,drying vacuum,processing,high,,missing
170fead2,448,,unmatched,Polymer family,classification,ether,,missing
170fead2,448,,unmatched,Polymer,identity,PEO,,missing
170fead2,448,,unmatched,SMILES descriptor 1,curator_computed,COC,,missing
170fead2,448,,unmatched,SMILES descriptor 2,curator_computed,COC,,missing
170fead2,448,,unmatched,Comonomer percentage,identity,100.0,,missing
170fead2,448,,unmatched,Average functional group per monomer,curator_computed,1.0,,missing
170fead2,448,,unmatched,Anion,identity,MPSA,,missing
170fead2,448,,unmatched,Li:functional group,identity,0.015625,,missing
170fead2,448,,unmatched,Tg,thermal,-62.0,,missing
170fead2,448,,unmatched,crystalline?,classification,yes,,missing
170fead2,448,,unmatched,Conductivity at 55C,conductivity,2.65e-05,,missing
170fead2,448,,unmatched,Conductivity at 60C,conductivity,3.09e-05,,missing
170fead2,448,,unmatched,Conductivity at 65C,conductivity,3.53e-05,,missing
170fead2,448,,unmatched,Conductivity at 70C,conductivity,3.99e-05,,missing
170fead2,448,,unmatched,Conductivity at 75C,conductivity,4.51e-05,,missing
170fead2,448,,unmatched,Conductivity at 80C,conductivity,5e-05,,missing
170fead2,448,,unmatched,Conductivity at 85C,conductivity,5.6e-05,,missing
170fead2,448,,unmatched,Conductivity at 90C,conductivity,6.1e-05,,missing
170fead2,448,,unmatched,Conductivity at 100C,conductivity,7.2e-05,,missing
170fead2,448,,unmatched,Conductivity at 110C,conductivity,8.3e-05,,missing
170fead2,448,,unmatched,VFT prefactor (S/cm*T^(1/2)),fits,0.02,,missing
170fead2,448,,unmatched,VFT activation energy (K),fits,420.0,,missing
170fead2,448,,unmatched,VFT T0 (degC),fits,-58.0,,missing
170fead2,448,,unmatched,VFT prefactor with set T0,fits,0.07,,missing
170fead2,448,,unmatched,VFT activation energy with fixed T0 (K),fits,817.0,,missing
170fead2,448,,unmatched,Fixed T0 (degC),fits,-112.0,,missing
170fead2,448,,unmatched,Arrhenius Ea (eV),fits,0.22,,missing
170fead2,448,,unmatched,Arrhenius prefactor (S/cm),fits,0.07,,missing
170fead2,448,,unmatched,PDI,molecular_weight,1.21,,missing
170fead2,448,,unmatched,Polymer Mn (kDa),molecular_weight,4.0,,missing
170fead2,448,,unmatched,Polymer Mw (kDa),molecular_weight,4.84,,missing
170fead2,448,,unmatched,chain architecture,classification,linear,,missing
170fead2,448,,unmatched,Solvent used,processing,methanol,,missing
170fead2,448,,unmatched,drying temp,processing,130,,missing
170fead2,448,,unmatched,drying time (h),processing,24,,missing
170fead2,448,,unmatched,drying vacuum,processing,high,,missing
170fead2,449,,unmatched,Polymer family,classification,ether,,missing
170fead2,449,,unmatched,Polymer,identity,PEO,,missing
170fead2,449,,unmatched,SMILES descriptor 1,curator_computed,COC,,missing
170fead2,449,,unmatched,SMILES descriptor 2,curator_computed,COC,,missing
170fead2,449,,unmatched,Comonomer percentage,identity,100.0,,missing
170fead2,449,,unmatched,Average functional group per monomer,curator_computed,1.0,,missing
170fead2,449,,unmatched,Anion,identity,MPSA,,missing
170fead2,449,,unmatched,Li:functional group,identity,0.033333333,,missing
170fead2,449,,unmatched,Tg,thermal,-60.0,,missing
170fead2,449,,unmatched,crystalline?,classification,yes,,missing
170fead2,449,,unmatched,Conductivity at 55C,conductivity,5.2e-05,,missing
170fead2,449,,unmatched,Conductivity at 60C,conductivity,6.1e-05,,missing
170fead2,449,,unmatched,Conductivity at 65C,conductivity,7.2e-05,,missing
170fead2,449,,unmatched,Conductivity at 70C,conductivity,8.3e-05,,missing
170fead2,449,,unmatched,Conductivity at 75C,conductivity,9.6e-05,,missing
170fead2,449,,unmatched,Conductivity at 80C,conductivity,0.00011,,missing
170fead2,449,,unmatched,Conductivity at 85C,conductivity,0.000123,,missing
170fead2,449,,unmatched,Conductivity at 90C,conductivity,0.000138,,missing
170fead2,449,,unmatched,Conductivity at 100C,conductivity,0.00017,,missing
170fead2,449,,unmatched,Conductivity at 110C,conductivity,0.000205,,missing
170fead2,449,,unmatched,VFT prefactor (S/cm*T^(1/2)),fits,0.13,,missing
170fead2,449,,unmatched,VFT activation energy (K),fits,645.0,,missing
170fead2,449,,unmatched,VFT T0 (degC),fits,-76.0,,missing
170fead2,449,,unmatched,VFT prefactor with set T0,fits,0.3,,missing
170fead2,449,,unmatched,VFT activation energy with fixed T0 (K),fits,950.0,,missing
170fead2,449,,unmatched,Fixed T0 (degC),fits,-110.0,,missing
170fead2,449,,unmatched,Arrhenius Ea (eV),fits,0.26,,missing
170fead2,449,,unmatched,Arrhenius prefactor (S/cm),fits,0.62,,missing
170fead2,449,,unmatched,PDI,molecular_weight,1.21,,missing
170fead2,449,,unmatched,Polymer Mn (kDa),molecular_weight,4.0,,missing
170fead2,449,,unmatched,Polymer Mw (kDa),molecular_weight,4.84,,missing
170fead2,449,,unmatched,chain architecture,classification,linear,,missing
170fead2,449,,unmatched,Solvent used,processing,methanol,,missing
170fead2,449,,unmatched,drying temp,processing,130,,missing
170fead2,449,,unmatched,drying time (h),processing,24,,missing
170fead2,449,,unmatched,drying vacuum,processing,high,,missing
170fead2,450,,unmatched,Polymer family,classification,ether,,missing
170fead2,450,,unmatched,Polymer,identity,PEO,,missing
170fead2,450,,unmatched,SMILES descriptor 1,curator_computed,COC,,missing
170fead2,450,,unmatched,SMILES descriptor 2,curator_computed,COC,,missing
170fead2,450,,unmatched,Comonomer percentage,identity,100.0,,missing
170fead2,450,,unmatched,Average functional group per monomer,curator_computed,1.0,,missing
170fead2,450,,unmatched,Anion,identity,MPSA,,missing
170fead2,450,,unmatched,Li:functional group,identity,0.047619048,,missing
170fead2,450,,unmatched,Tg,thermal,-58.0,,missing
170fead2,450,,unmatched,crystalline?,classification,yes,,missing
170fead2,450,,unmatched,Conductivity at 55C,conductivity,6.2e-05,,missing
170fead2,450,,unmatched,Conductivity at 60C,conductivity,7.5e-05,,missing
170fead2,450,,unmatched,Conductivity at 65C,conductivity,8.8e-05,,missing
170fead2,450,,unmatched,Conductivity at 70C,conductivity,0.000103,,missing
170fead2,450,,unmatched,Conductivity at 75C,conductivity,0.000122,,missing
170fead2,450,,unmatched,Conductivity at 80C,conductivity,0.00014,,missing
170fead2,450,,unmatched,Conductivity at 85C,conductivity,0.000158,,missing
170fead2,450,,unmatched,Conductivity at 90C,conductivity,0.000178,,missing
170fead2,450,,unmatched,Conductivity at 100C,conductivity,0.00022,,missing
170fead2,450,,unmatched,Conductivity at 110C,conductivity,0.00027,,missing
170fead2,450,,unmatched,VFT prefactor (S/cm*T^(1/2)),fits,0.17,,missing
170fead2,450,,unmatched,VFT activation energy (K),fits,617.0,,missing
170fead2,450,,unmatched,VFT T0 (degC),fits,-68.0,,missing
170fead2,450,,unmatched,VFT prefactor with set T0,fits,0.5,,missing
170fead2,450,,unmatched,VFT activation energy with fixed T0 (K),fits,989.0,,missing
170fead2,450,,unmatched,Fixed T0 (degC),fits,-108.0,,missing
170fead2,450,,unmatched,Arrhenius Ea (eV),fits,0.28,,missing
170fead2,450,,unmatched,Arrhenius prefactor (S/cm),fits,1.4,,missing
170fead2,450,,unmatched,PDI,molecular_weight,1.21,,missing
170fead2,450,,unmatched,Polymer Mn (kDa),molecular_weight,4.0,,missing
170fead2,450,,unmatched,Polymer Mw (kDa),molecular_weight,4.84,,missing
170fead2,450,,unmatched,chain architecture,classification,linear,,missing
170fead2,450,,unmatched,Solvent used,processing,methanol,,missing
170fead2,450,,unmatched,drying temp,processing,130,,missing
170fead2,450,,unmatched,drying time (h),processing,24,,missing
170fead2,450,,unmatched,drying vacuum,processing,high,,missing
170fead2,451,,unmatched,Polymer family,classification,ether,,missing
170fead2,451,,unmatched,Polymer,identity,PEO,,missing
170fead2,451,,unmatched,SMILES descriptor 1,curator_computed,COC,,missing
170fead2,451,,unmatched,SMILES descriptor 2,curator_computed,COC,,missing
170fead2,451,,unmatched,Comonomer percentage,identity,100.0,,missing
170fead2,451,,unmatched,Average functional group per monomer,curator_computed,1.0,,missing
170fead2,451,,unmatched,Anion,identity,MPSA,,missing
170fead2,451,,unmatched,Li:functional group,identity,0.0625,,missing
170fead2,451,,unmatched,Tg,thermal,-56.5,,missing
170fead2,451,,unmatched,crystalline?,classification,yes,,missing
170fead2,451,,unmatched,Conductivity at 55C,conductivity,6.9e-05,,missing
170fead2,451,,unmatched,Conductivity at 60C,conductivity,8.6e-05,,missing
170fead2,451,,unmatched,Conductivity at 65C,conductivity,0.000102,,missing
170fead2,451,,unmatched,Conductivity at 70C,conductivity,0.000122,,missing
170fead2,451,,unmatched,Conductivity at 75C,conductivity,0.000144,,missing
170fead2,451,,unmatched,Conductivity at 80C,conductivity,0.000168,,missing
170fead2,451,,unmatched,Conductivity at 85C,conductivity,0.000194,,missing
170fead2,451,,unmatched,Conductivity at 90C,conductivity,0.000223,,missing
170fead2,451,,unmatched,Conductivity at 100C,conductivity,0.000282,,missing
170fead2,451,,unmatched,Conductivity at 110C,conductivity,0.000345,,missing
170fead2,451,,unmatched,VFT prefactor (S/cm*T^(1/2)),fits,0.27,,missing
170fead2,451,,unmatched,VFT activation energy (K),fits,642.0,,missing
170fead2,451,,unmatched,VFT T0 (degC),fits,-65.0,,missing
170fead2,451,,unmatched,VFT prefactor with set T0,fits,0.93,,missing
170fead2,451,,unmatched,VFT activation energy with fixed T0 (K),fits,1064.0,,missing
170fead2,451,,unmatched,Fixed T0 (degC),fits,-106.5,,missing
170fead2,451,,unmatched,Arrhenius Ea (eV),fits,0.31,,missing
170fead2,451,,unmatched,Arrhenius prefactor (S/cm),fits,4.1,,missing
170fead2,451,,unmatched,PDI,molecular_weight,1.21,,missing
170fead2,451,,unmatched,Polymer Mn (kDa),molecular_weight,4.0,,missing
170fead2,451,,unmatched,Polymer Mw (kDa),molecular_weight,4.84,,missing
170fead2,451,,unmatched,chain architecture,classification,linear,,missing
170fead2,451,,unmatched,Solvent used,processing,methanol,,missing
170fead2,451,,unmatched,drying temp,processing,130,,missing
170fead2,451,,unmatched,drying time (h),processing,24,,missing
170fead2,451,,unmatched,drying vacuum,processing,high,,missing
170fead2,452,,unmatched,Polymer family,classification,ether,,missing
170fead2,452,,unmatched,Polymer,identity,PEO,,missing
170fead2,452,,unmatched,SMILES descriptor 1,curator_computed,COC,,missing
170fead2,452,,unmatched,SMILES descriptor 2,curator_computed,COC,,missing
170fead2,452,,unmatched,Comonomer percentage,identity,100.0,,missing
170fead2,452,,unmatched,Average functional group per monomer,curator_computed,1.0,,missing
170fead2,452,,unmatched,Anion,identity,MPSA,,missing
170fead2,452,,unmatched,Li:functional group,identity,0.083333333,,missing
170fead2,452,,unmatched,Tg,thermal,-53.5,,missing
170fead2,452,,unmatched,crystalline?,classification,yes,,missing
170fead2,452,,unmatched,Conductivity at 55C,conductivity,6.4e-05,,missing
170fead2,452,,unmatched,Conductivity at 60C,conductivity,7.9e-05,,missing
170fead2,452,,unmatched,Conductivity at 65C,conductivity,9.7e-05,,missing
170fead2,452,,unmatched,Conductivity at 70C,conductivity,0.000115,,missing
170fead2,452,,unmatched,Conductivity at 75C,conductivity,0.000138,,missing
170fead2,452,,unmatched,Conductivity at 80C,conductivity,0.00016,,missing
170fead2,452,,unmatched,Conductivity at 85C,conductivity,0.000186,,missing
170fead2,452,,unmatched,Conductivity at 90C,conductivity,0.000214,,missing
170fead2,452,,unmatched,Conductivity at 100C,conductivity,0.000279,,missing
170fead2,452,,unmatched,Conductivity at 110C,conductivity,0.000353,,missing
170fead2,452,,unmatched,VFT prefactor (S/cm*T^(1/2)),fits,0.81,,missing
170fead2,452,,unmatched,VFT activation energy (K),fits,963.0,,missing
170fead2,452,,unmatched,VFT T0 (degC),fits,-92.0,,missing
170fead2,452,,unmatched,VFT prefactor with set T0,fits,1.2,,missing
170fead2,452,,unmatched,VFT activation energy with fixed T0 (K),fits,1093.0,,missing
170fead2,452,,unmatched,Fixed T0 (degC),fits,-103.5,,missing
170fead2,452,,unmatched,Arrhenius Ea (eV),fits,0.33,,missing
170fead2,452,,unmatched,Arrhenius prefactor (S/cm),fits,7.8,,missing
170fead2,452,,unmatched,PDI,molecular_weight,1.21,,missing
170fead2,452,,unmatched,Polymer Mn (kDa),molecular_weight,4.0,,missing
170fead2,452,,unmatched,Polymer Mw (kDa),molecular_weight,4.84,,missing
170fead2,452,,unmatched,chain architecture,classification,linear,,missing
170fead2,452,,unmatched,Solvent used,processing,methanol,,missing
170fead2,452,,unmatched,drying temp,processing,130,,missing
170fead2,452,,unmatched,drying time (h),processing,24,,missing
170fead2,452,,unmatched,drying vacuum,processing,high,,missing
170fead2,453,,unmatched,Polymer family,classification,ether,,missing
170fead2,453,,unmatched,Polymer,identity,PEO,,missing
170fead2,453,,unmatched,SMILES descriptor 1,curator_computed,COC,,missing
170fead2,453,,unmatched,SMILES descriptor 2,curator_computed,COC,,missing
170fead2,453,,unmatched,Comonomer percentage,identity,100.0,,missing
170fead2,453,,unmatched,Average functional group per monomer,curator_computed,1.0,,missing
170fead2,453,,unmatched,Anion,identity,MPSA,,missing
170fead2,453,,unmatched,Li:functional group,identity,0.1,,missing
170fead2,453,,unmatched,Tg,thermal,-53.0,,missing
170fead2,453,,unmatched,crystalline?,classification,yes,,missing
170fead2,453,,unmatched,Conductivity at 55C,conductivity,5.5e-05,,missing
170fead2,453,,unmatched,Conductivity at 60C,conductivity,6.8e-05,,missing
170fead2,453,,unmatched,Conductivity at 65C,conductivity,8.4e-05,,missing
170fead2,453,,unmatched,Conductivity at 70C,conductivity,0.000102,,missing
170fead2,453,,unmatched,Conductivity at 75C,conductivity,0.000121,,missing
170fead2,453,,unmatched,Conductivity at 80C,conductivity,0.000142,,missing
170fead2,453,,unmatched,Conductivity at 85C,conductivity,0.000168,,missing
170fead2,453,,unmatched,Conductivity at 90C,conductivity,0.000194,,missing
170fead2,453,,unmatched,Conductivity at 100C,conductivity,0.000257,,missing
170fead2,453,,unmatched,Conductivity at 110C,conductivity,0.000328,,missing
170fead2,453,,unmatched,VFT prefactor (S/cm*T^(1/2)),fits,0.95,,missing
170fead2,453,,unmatched,VFT activation energy (K),fits,1014.0,,missing
170fead2,453,,unmatched,VFT T0 (degC),fits,-93.0,,missing
170fead2,453,,unmatched,VFT prefactor with set T0,fits,1.3,,missing
170fead2,453,,unmatched,VFT activation energy with fixed T0 (K),fits,1137.0,,missing
170fead2,453,,unmatched,Fixed T0 (degC),fits,-103.0,,missing
170fead2,453,,unmatched,Arrhenius Ea (eV),fits,0.35,,missing
170fead2,453,,unmatched,Arrhenius prefactor (S/cm),fits,11.8,,missing
170fead2,453,,unmatched,PDI,molecular_weight,1.21,,missing
170fead2,453,,unmatched,Polymer Mn (kDa),molecular_weight,4.0,,missing
170fead2,453,,unmatched,Polymer Mw (kDa),molecular_weight,4.84,,missing
170fead2,453,,unmatched,chain architecture,classification,linear,,missing
170fead2,453,,unmatched,Solvent used,processing,methanol,,missing
170fead2,453,,unmatched,drying temp,processing,130,,missing
170fead2,453,,unmatched,drying time (h),processing,24,,missing
170fead2,453,,unmatched,drying vacuum,processing,high,,missing
5feba0f9,261,,unmatched,Polymer family,classification,ether,,missing
5feba0f9,261,,unmatched,Polymer,identity,PEO,,missing
5feba0f9,261,,unmatched,SMILES descriptor 1,curator_computed,COC,,missing
5feba0f9,261,,unmatched,SMILES descriptor 2,curator_computed,COC,,missing
5feba0f9,261,,unmatched,Comonomer percentage,identity,100.0,,missing
5feba0f9,261,,unmatched,Average functional group per monomer,curator_computed,1.0,,missing
5feba0f9,261,,unmatched,Anion,identity,CF3SO3,,missing
5feba0f9,261,,unmatched,Li:functional group,identity,0.25,,missing
5feba0f9,261,,unmatched,crystalline?,classification,yes,,missing
5feba0f9,261,,unmatched,Conductivity at 30C,conductivity,3.8e-09,,missing
5feba0f9,261,,unmatched,Conductivity at 35C,conductivity,1.05e-08,,missing
5feba0f9,261,,unmatched,Conductivity at 40C,conductivity,2.8e-08,,missing
5feba0f9,261,,unmatched,Conductivity at 45C,conductivity,7.25e-08,,missing
5feba0f9,261,,unmatched,Conductivity at 50C,conductivity,1.83e-07,,missing
5feba0f9,261,,unmatched,Conductivity at 55C,conductivity,2.8e-07,,missing
5feba0f9,261,,unmatched,Conductivity at 60C,conductivity,4.23e-07,,missing
5feba0f9,261,,unmatched,Conductivity at 65C,conductivity,6.32e-07,,missing
5feba0f9,261,,unmatched,Conductivity at 70C,conductivity,9.32e-07,,missing
5feba0f9,261,,unmatched,Conductivity at 75C,conductivity,1.36e-06,,missing
5feba0f9,261,,unmatched,Conductivity at 80C,conductivity,1.96e-06,,missing
5feba0f9,261,,unmatched,Conductivity at 85C,conductivity,2.8e-06,,missing
5feba0f9,261,,unmatched,Conductivity at 90C,conductivity,3.97e-06,,missing
5feba0f9,261,,unmatched,Conductivity at 100C,conductivity,7.72e-06,,missing
5feba0f9,261,,unmatched,Conductivity at 110C,conductivity,1.45e-05,,missing
5feba0f9,261,,unmatched,VFT prefactor (S/cm*T^(1/2)),fits,0.13,,missing
5feba0f9,261,,unmatched,VFT activation energy (K),fits,857.0,,missing
5feba0f9,261,,unmatched,VFT T0 (degC),fits,-29.0,,missing
5feba0f9,261,,unmatched,Arrhenius Ea (eV) high T,fits,0.7618,,missing
5feba0f9,261,,unmatched,Arrhenius Ea (eV) low T me,curator_computed,1.63,,missing
5feba0f9,261,,unmatched,Arrhenius prefactor low T me (S/cm),curator_computed,5.5e+18,,missing
5feba0f9,261,,unmatched,Arrhenius Ea (eV),fits,0.778,,missing
5feba0f9,261,,unmatched,Arrhenius prefactor (S/cm),fits,250000.0,,missing
5feba0f9,261,,unmatched,Polymer Mw (kDa),molecular_weight,900.0,,missing
5feba0f9,261,,unmatched,chain architecture,classification,linear,,missing
5feba0f9,261,,unmatched,Solvent used,processing,acetonitrile,,missing
5feba0f9,261,,unmatched,drying temp,processing,100,,missing
5feba0f9,261,,unmatched,drying time (h),processing,48,,missing
5feba0f9,261,,unmatched,drying vacuum,processing,yes,,missing
5feba0f9,262,,unmatched,Polymer family,classification,ether,,missing
5feba0f9,262,,unmatched,Polymer,identity,PEO,,missing
5feba0f9,262,,unmatched,SMILES descriptor 1,curator_computed,COC,,missing
5feba0f9,262,,unmatched,SMILES descriptor 2,curator_computed,COC,,missing
5feba0f9,262,,unmatched,Comonomer percentage,identity,100.0,,missing
5feba0f9,262,,unmatched,Average functional group per monomer,curator_computed,1.0,,missing
5feba0f9,262,,unmatched,Anion,identity,CF3SO3,,missing
5feba0f9,262,,unmatched,Li:functional group,identity,0.2,,missing
5feba0f9,262,,unmatched,crystalline?,classification,yes,,missing
5feba0f9,262,,unmatched,Conductivity at 40C,conductivity,8.86e-09,,missing
5feba0f9,262,,unmatched,Conductivity at 45C,conductivity,2.39e-08,,missing
5feba0f9,262,,unmatched,Conductivity at 50C,conductivity,6.26e-08,,missing
5feba0f9,262,,unmatched,Conductivity at 55C,conductivity,3.59e-07,,missing
5feba0f9,262,,unmatched,Conductivity at 60C,conductivity,5.42e-07,,missing
5feba0f9,262,,unmatched,Conductivity at 65C,conductivity,8.09e-07,,missing
5feba0f9,262,,unmatched,Conductivity at 70C,conductivity,1.19e-06,,missing
5feba0f9,262,,unmatched,Conductivity at 75C,conductivity,1.74e-06,,missing
5feba0f9,262,,unmatched,Conductivity at 80C,conductivity,2.5e-06,,missing
5feba0f9,262,,unmatched,Conductivity at 85C,conductivity,3.57e-06,,missing
5feba0f9,262,,unmatched,Conductivity at 90C,conductivity,5.05e-06,,missing
5feba0f9,262,,unmatched,Conductivity at 100C,conductivity,9.81e-06,,missing
5feba0f9,262,,unmatched,Conductivity at 110C,conductivity,1.84e-05,,missing
5feba0f9,262,,unmatched,Conductivity at 125C,conductivity,4.46e-05,,missing
5feba0f9,262,,unmatched,VFT prefactor (S/cm*T^(1/2)),fits,9100000.0,,missing
5feba0f9,262,,unmatched,VFT activation energy (K),fits,9180.0,,missing
5feba0f9,262,,unmatched,VFT T0 (degC),fits,-273.15,,missing
5feba0f9,262,,unmatched,Arrhenius Ea (eV) high T,fits,0.74032,,missing
5feba0f9,262,,unmatched,Arrhenius Ea (eV) low T me,curator_computed,1.71,,missing
5feba0f9,262,,unmatched,Arrhenius prefactor low T me (S/cm),curator_computed,2.4e+19,,missing
5feba0f9,262,,unmatched,Arrhenius Ea (eV),fits,0.775,,missing
5feba0f9,262,,unmatched,Arrhenius prefactor (S/cm),fits,290000.0,,missing
5feba0f9,262,,unmatched,Polymer Mw (kDa),molecular_weight,900.0,,missing
5feba0f9,262,,unmatched,chain architecture,classification,linear,,missing
5feba0f9,262,,unmatched,Solvent used,processing,acetonitrile,,missing
5feba0f9,262,,unmatched,drying temp,processing,100,,missing
5feba0f9,262,,unmatched,drying time (h),processing,48,,missing
5feba0f9,262,,unmatched,drying vacuum,processing,yes,,missing
5feba0f9,263,,unmatched,Polymer family,classification,ether,,missing
5feba0f9,263,,unmatched,Polymer,identity,PEO,,missing
5feba0f9,263,,unmatched,SMILES descriptor 1,curator_computed,COC,,missing
5feba0f9,263,,unmatched,SMILES descriptor 2,curator_computed,COC,,missing
5feba0f9,263,,unmatched,Comonomer percentage,identity,100.0,,missing
5feba0f9,263,,unmatched,Average functional group per monomer,curator_computed,1.0,,missing
5feba0f9,263,,unmatched,Anion,identity,CF3SO3,,missing
5feba0f9,263,,unmatched,Li:functional group,identity,0.166666667,,missing
5feba0f9,263,,unmatched,crystalline?,classification,yes,,missing
5feba0f9,263,,unmatched,Conductivity at 30C,conductivity,3.53e-09,,missing
5feba0f9,263,,unmatched,Conductivity at 35C,conductivity,1.01e-08,,missing
5feba0f9,263,,unmatched,Conductivity at 40C,conductivity,2.77e-08,,missing
5feba0f9,263,,unmatched,Conductivity at 45C,conductivity,7.4e-08,,missing
5feba0f9,263,,unmatched,Conductivity at 50C,conductivity,1.91e-07,,missing
5feba0f9,263,,unmatched,Conductivity at 55C,conductivity,1.01e-06,,missing
5feba0f9,263,,unmatched,Conductivity at 60C,conductivity,1.44e-06,,missing
5feba0f9,263,,unmatched,Conductivity at 65C,conductivity,2.03e-06,,missing
5feba0f9,263,,unmatched,Conductivity at 70C,conductivity,2.83e-06,,missing
5feba0f9,263,,unmatched,Conductivity at 75C,conductivity,3.9e-06,,missing
5feba0f9,263,,unmatched,Conductivity at 80C,conductivity,5.34e-06,,missing
5feba0f9,263,,unmatched,Conductivity at 85C,conductivity,7.24e-06,,missing
5feba0f9,263,,unmatched,Conductivity at 90C,conductivity,9.73e-06,,missing
5feba0f9,263,,unmatched,Conductivity at 100C,conductivity,1.72e-05,,missing
5feba0f9,263,,unmatched,Conductivity at 110C,conductivity,2.94e-05,,missing
5feba0f9,263,,unmatched,Conductivity at 125C,conductivity,6.27e-05,,missing
5feba0f9,263,,unmatched,VFT prefactor (S/cm*T^(1/2)),fits,490000.0,,missing
5feba0f9,263,,unmatched,VFT activation energy (K),fits,7882.0,,missing
5feba0f9,263,,unmatched,VFT T0 (degC),fits,-273.15,,missing
5feba0f9,263,,unmatched,Arrhenius Ea (eV) high T,fits,0.63735,,missing
5feba0f9,263,,unmatched,Arrhenius Ea (eV) low T me,curator_computed,1.69,,missing
5feba0f9,263,,unmatched,Arrhenius prefactor low T me (S/cm),curator_computed,3.7e+19,,missing
5feba0f9,263,,unmatched,Arrhenius Ea (eV),fits,0.6636,,missing
5feba0f9,263,,unmatched,Arrhenius prefactor (S/cm),fits,16000.0,,missing
5feba0f9,263,,unmatched,Polymer Mw (kDa),molecular_weight,900.0,,missing
5feba0f9,263,,unmatched,chain architecture,classification,linear,,missing
5feba0f9,263,,unmatched,Solvent used,processing,acetonitrile,,missing
5feba0f9,263,,unmatched,drying temp,processing,100,,missing
5feba0f9,263,,unmatched,drying time (h),processing,48,,missing
5feba0f9,263,,unmatched,drying vacuum,processing,yes,,missing
5feba0f9,264,,unmatched,Polymer family,classification,ether,,missing
5feba0f9,264,,unmatched,Polymer,identity,PEO,,missing
5feba0f9,264,,unmatched,SMILES descriptor 1,curator_computed,COC,,missing
5feba0f9,264,,unmatched,SMILES descriptor 2,curator_computed,COC,,missing
5feba0f9,264,,unmatched,Comonomer percentage,identity,100.0,,missing
5feba0f9,264,,unmatched,Average functional group per monomer,curator_computed,1.0,,missing
5feba0f9,264,,unmatched,Anion,identity,CF3SO3,,missing
5feba0f9,264,,unmatched,Li:functional group,identity,0.142857143,,missing
5feba0f9,264,,unmatched,crystalline?,classification,yes,,missing
5feba0f9,264,,unmatched,Conductivity at 20C,conductivity,8.72e-09,,missing
5feba0f9,264,,unmatched,Conductivity at 25C,conductivity,1.71e-08,,missing
5feba0f9,264,,unmatched,Conductivity at 30C,conductivity,3.28e-08,,missing
5feba0f9,264,,unmatched,Conductivity at 35C,conductivity,6.17e-08,,missing
5feba0f9,264,,unmatched,Conductivity at 40C,conductivity,1.14e-07,,missing
5feba0f9,264,,unmatched,Conductivity at 45C,conductivity,2.05e-07,,missing
5feba0f9,264,,unmatched,Conductivity at 50C,conductivity,3.64e-07,,missing
5feba0f9,264,,unmatched,Conductivity at 55C,conductivity,6.35e-07,,missing
5feba0f9,264,,unmatched,Conductivity at 60C,conductivity,3.84e-06,,missing
5feba0f9,264,,unmatched,Conductivity at 65C,conductivity,5.23e-06,,missing
5feba0f9,264,,unmatched,Conductivity at 70C,conductivity,7.08e-06,,missing
5feba0f9,264,,unmatched,Conductivity at 75C,conductivity,9.49e-06,,missing
5feba0f9,264,,unmatched,Conductivity at 80C,conductivity,1.26e-05,,missing
5feba0f9,264,,unmatched,Conductivity at 85C,conductivity,1.66e-05,,missing
5feba0f9,264,,unmatched,Conductivity at 90C,conductivity,2.18e-05,,missing
5feba0f9,264,,unmatched,Conductivity at 100C,conductivity,3.65e-05,,missing
5feba0f9,264,,unmatched,Conductivity at 110C,conductivity,5.96e-05,,missing
5feba0f9,264,,unmatched,Conductivity at 125C,conductivity,0.00011858,,missing
5feba0f9,264,,unmatched,VFT prefactor (S/cm*T^(1/2)),fits,160000.0,,missing
5feba0f9,264,,unmatched,VFT activation energy (K),fits,7184.0,,missing
5feba0f9,264,,unmatched,VFT T0 (degC),fits,-273.15,,missing
5feba0f9,264,,unmatched,Arrhenius Ea (eV) high T,fits,0.57744,,missing
5feba0f9,264,,unmatched,Arrhenius Ea (eV) low T me,curator_computed,1.02,,missing
5feba0f9,264,,unmatched,Arrhenius prefactor low T me (S/cm),curator_computed,2500000000.0,,missing
5feba0f9,264,,unmatched,Arrhenius Ea (eV),fits,0.6003,,missing
5feba0f9,264,,unmatched,Arrhenius prefactor (S/cm),fits,5100.0,,missing
5feba0f9,264,,unmatched,Polymer Mw (kDa),molecular_weight,900.0,,missing
5feba0f9,264,,unmatched,chain architecture,classification,linear,,missing
5feba0f9,264,,unmatched,Solvent used,processing,acetonitrile,,missing
5feba0f9,264,,unmatched,drying temp,processing,100,,missing
5feba0f9,264,,unmatched,drying time (h),processing,48,,missing
5feba0f9,264,,unmatched,drying vacuum,processing,yes,,missing
5feba0f9,265,,unmatched,Polymer family,classification,ether,,missing
5feba0f9,265,,unmatched,Polymer,identity,PEO,,missing
5feba0f9,265,,unmatched,SMILES descriptor 1,curator_computed,COC,,missing
5feba0f9,265,,unmatched,SMILES descriptor 2,curator_computed,COC,,missing
5feba0f9,265,,unmatched,Comonomer percentage,identity,100.0,,missing
5feba0f9,265,,unmatched,Average functional group per monomer,curator_computed,1.0,,missing
5feba0f9,265,,unmatched,Anion,identity,CF3SO3,,missing
5feba0f9,265,,unmatched,Li:functional group,identity,0.125,,missing
5feba0f9,265,,unmatched,crystalline?,classification,yes,,missing
5feba0f9,265,,unmatched,Conductivity at 25C,conductivity,1.16e-08,,missing
5feba0f9,265,,unmatched,Conductivity at 30C,conductivity,2.87e-08,,missing
5feba0f9,265,,unmatched,Conductivity at 35C,conductivity,6.9e-08,,missing
5feba0f9,265,,unmatched,Conductivity at 40C,conductivity,1.61e-07,,missing
5feba0f9,265,,unmatched,Conductivity at 45C,conductivity,3.67e-07,,missing
5feba0f9,265,,unmatched,Conductivity at 50C,conductivity,8.14e-07,,missing
5feba0f9,265,,unmatched,Conductivity at 55C,conductivity,6e-06,,missing
5feba0f9,265,,unmatched,Conductivity at 60C,conductivity,8.55e-06,,missing
5feba0f9,265,,unmatched,Conductivity at 65C,conductivity,1.21e-05,,missing
5feba0f9,265,,unmatched,Conductivity at 70C,conductivity,1.68e-05,,missing
5feba0f9,265,,unmatched,Conductivity at 75C,conductivity,2.33e-05,,missing
5feba0f9,265,,unmatched,Conductivity at 80C,conductivity,3.19e-05,,missing
5feba0f9,265,,unmatched,Conductivity at 85C,conductivity,4.33e-05,,missing
5feba0f9,265,,unmatched,Conductivity at 90C,conductivity,5.83e-05,,missing
5feba0f9,265,,unmatched,Conductivity at 100C,conductivity,0.000103191,,missing
5feba0f9,265,,unmatched,Conductivity at 110C,conductivity,0.000177337,,missing
5feba0f9,265,,unmatched,Conductivity at 125C,conductivity,0.000379656,,missing
5feba0f9,265,,unmatched,VFT prefactor (S/cm*T^(1/2)),fits,1600000.0,,missing
5feba0f9,265,,unmatched,VFT activation energy (K),fits,7417.0,,missing
5feba0f9,265,,unmatched,VFT T0 (degC),fits,-261.0,,missing
5feba0f9,265,,unmatched,Arrhenius Ea (eV) high T,fits,0.66296,,missing
5feba0f9,265,,unmatched,Arrhenius Ea (eV) low T me,curator_computed,1.41,,missing
5feba0f9,265,,unmatched,Arrhenius prefactor low T me (S/cm),curator_computed,8500000000000000.0,,missing
5feba0f9,265,,unmatched,Arrhenius Ea (eV),fits,0.667,,missing
5feba0f9,265,,unmatched,Arrhenius prefactor (S/cm),fits,110000.0,,missing
5feba0f9,265,,unmatched,Polymer Mw (kDa),molecular_weight,900.0,,missing
5feba0f9,265,,unmatched,chain architecture,classification,linear,,missing
5feba0f9,265,,unmatched,Solvent used,processing,acetonitrile,,missing
5feba0f9,265,,unmatched,drying temp,processing,100,,missing
5feba0f9,265,,unmatched,drying time (h),processing,48,,missing
5feba0f9,265,,unmatched,drying vacuum,processing,yes,,missing
5feba0f9,266,,unmatched,Polymer family,classification,ether,,missing
5feba0f9,266,,unmatched,Polymer,identity,PEO,,missing
5feba0f9,266,,unmatched,SMILES descriptor 1,curator_computed,COC,,missing
5feba0f9,266,,unmatched,SMILES descriptor 2,curator_computed,COC,,missing
5feba0f9,266,,unmatched,Comonomer percentage,identity,100.0,,missing
5feba0f9,266,,unmatched,Average functional group per monomer,curator_computed,1.0,,missing
5feba0f9,266,,unmatched,Anion,identity,CF3SO3,,missing
5feba0f9,266,,unmatched,Li:functional group,identity,0.083333333,,missing
5feba0f9,266,,unmatched,crystalline?,classification,yes,,missing
5feba0f9,266,,unmatched,Conductivity at 20C,conductivity,1.4e-08,,missing
5feba0f9,266,,unmatched,Conductivity at 25C,conductivity,3.4e-08,,missing
5feba0f9,266,,unmatched,Conductivity at 30C,conductivity,8.02e-08,,missing
5feba0f9,266,,unmatched,Conductivity at 35C,conductivity,1.84e-07,,missing
5feba0f9,266,,unmatched,Conductivity at 40C,conductivity,4.11e-07,,missing
5feba0f9,266,,unmatched,Conductivity at 45C,conductivity,8.95e-07,,missing
5feba0f9,266,,unmatched,Conductivity at 50C,conductivity,1.9e-06,,missing
5feba0f9,266,,unmatched,Conductivity at 55C,conductivity,1.21e-05,,missing
5feba0f9,266,,unmatched,Conductivity at 60C,conductivity,1.81e-05,,missing
5feba0f9,266,,unmatched,Conductivity at 65C,conductivity,2.68e-05,,missing
5feba0f9,266,,unmatched,Conductivity at 70C,conductivity,3.91e-05,,missing
5feba0f9,266,,unmatched,Conductivity at 75C,conductivity,5.65e-05,,missing
5feba0f9,266,,unmatched,Conductivity at 80C,conductivity,8.08e-05,,missing
5feba0f9,266,,unmatched,Conductivity at 85C,conductivity,0.000114396,,missing
5feba0f9,266,,unmatched,Conductivity at 90C,conductivity,0.000160394,,missing
5feba0f9,266,,unmatched,Conductivity at 100C,conductivity,0.000306859,,missing
5feba0f9,266,,unmatched,Conductivity at 110C,conductivity,0.000567523,,missing
5feba0f9,266,,unmatched,Conductivity at 125C,conductivity,0.001347097,,missing
5feba0f9,266,,unmatched,VFT prefactor (S/cm*T^(1/2)),fits,170000000.0,,missing
5feba0f9,266,,unmatched,VFT activation energy (K),fits,8974.0,,missing
5feba0f9,266,,unmatched,VFT T0 (degC),fits,-273.15,,missing
5feba0f9,266,,unmatched,Arrhenius Ea (eV) high T,fits,0.72295,,missing
5feba0f9,266,,unmatched,Arrhenius Ea (eV) low T me,curator_computed,1.337,,missing
5feba0f9,266,,unmatched,Arrhenius prefactor low T me (S/cm),curator_computed,1300000000000000.0,,missing
5feba0f9,266,,unmatched,Arrhenius Ea (eV),fits,0.758,,missing
5feba0f9,266,,unmatched,Arrhenius prefactor (S/cm),fits,5200000.0,,missing
5feba0f9,266,,unmatched,Polymer Mw (kDa),molecular_weight,900.0,,missing
5feba0f9,266,,unmatched,chain architecture,classification,linear,,missing
5feba0f9,266,,unmatched,Solvent used,processing,acetonitrile,,missing
5feba0f9,266,,unmatched,drying temp,processing,100,,missing
5feba0f9,266,,unmatched,drying time (h),processing,48,,missing
5feba0f9,266,,unmatched,drying vacuum,processing,yes,,missing
5feba0f9,267,,unmatched,Polymer family,classification,ether,,missing
5feba0f9,267,,unmatched,Polymer,identity,PEO,,missing
5feba0f9,267,,unmatched,SMILES descriptor 1,curator_computed,COC,,missing
5feba0f9,267,,unmatched,SMILES descriptor 2,curator_computed,COC,,missing
5feba0f9,267,,unmatched,Comonomer percentage,identity,100.0,,missing
5feba0f9,267,,unmatched,Average functional group per monomer,curator_computed,1.0,,missing
5feba0f9,267,,unmatched,Anion,identity,CF3SO3,,missing
5feba0f9,267,,unmatched,Li:functional group,identity,0.05,,missing
5feba0f9,267,,unmatched,crystalline?,classification,yes,,missing
5feba0f9,267,,unmatched,Conductivity at 20C,conductivity,2.34e-08,,missing
5feba0f9,267,,unmatched,Conductivity at 25C,conductivity,5.22e-08,,missing
5feba0f9,267,,unmatched,Conductivity at 30C,conductivity,1.13e-07,,missing
5feba0f9,267,,unmatched,Conductivity at 35C,conductivity,2.4e-07,,missing
5feba0f9,267,,unmatched,Conductivity at 40C,conductivity,4.98e-07,,missing
5feba0f9,267,,unmatched,Conductivity at 45C,conductivity,1.01e-06,,missing
5feba0f9,267,,unmatched,Conductivity at 50C,conductivity,1.99e-06,,missing
5feba0f9,267,,unmatched,Conductivity at 55C,conductivity,3.86e-06,,missing
5feba0f9,267,,unmatched,Conductivity at 60C,conductivity,3.06e-05,,missing
5feba0f9,267,,unmatched,Conductivity at 65C,conductivity,4.59e-05,,missing
5feba0f9,267,,unmatched,Conductivity at 70C,conductivity,6.82e-05,,missing
5feba0f9,267,,unmatched,Conductivity at 75C,conductivity,0.000100065,,missing
5feba0f9,267,,unmatched,Conductivity at 80C,conductivity,0.000145268,,missing
5feba0f9,267,,unmatched,Conductivity at 85C,conductivity,0.000208707,,missing
5feba0f9,267,,unmatched,Conductivity at 90C,conductivity,0.000296873,,missing
5feba0f9,267,,unmatched,Conductivity at 100C,conductivity,0.000583896,,missing
5feba0f9,267,,unmatched,Conductivity at 110C,conductivity,0.001108576,,missing
5feba0f9,267,,unmatched,Conductivity at 125C,conductivity,0.00273015,,missing
5feba0f9,267,,unmatched,VFT prefactor (S/cm*T^(1/2)),fits,860000000.0,,missing
5feba0f9,267,,unmatched,VFT activation energy (K),fits,9350.0,,missing
5feba0f9,267,,unmatched,VFT T0 (degC),fits,-273.15,,missing
5feba0f9,267,,unmatched,Arrhenius Ea (eV) high T,fits,0.68461,,missing
5feba0f9,267,,unmatched,Arrhenius Ea (eV) low T me,curator_computed,1.21,,missing
5feba0f9,267,,unmatched,Arrhenius prefactor low T me (S/cm),curator_computed,15000000000000.0,,missing
5feba0f9,267,,unmatched,Arrhenius Ea (eV),fits,0.79,,missing
5feba0f9,267,,unmatched,Arrhenius prefactor (S/cm),fits,27000000.0,,missing
5feba0f9,267,,unmatched,Polymer Mw (kDa),molecular_weight,900.0,,missing
5feba0f9,267,,unmatched,chain architecture,classification,linear,,missing
5feba0f9,267,,unmatched,Solvent used,processing,acetonitrile,,missing
5feba0f9,267,,unmatched,drying temp,processing,100,,missing
5feba0f9,267,,unmatched,drying time (h),processing,48,,missing
5feba0f9,267,,unmatched,drying vacuum,processing,yes,,missing
5feba0f9,268,,unmatched,Polymer family,classification,ether,,missing
5feba0f9,268,,unmatched,Polymer,identity,PEO,,missing
5feba0f9,268,,unmatched,SMILES descriptor 1,curator_computed,COC,,missing
5feba0f9,268,,unmatched,SMILES descriptor 2,curator_computed,COC,,missing
5feba0f9,268,,unmatched,Comonomer percentage,identity,100.0,,missing
5feba0f9,268,,unmatched,Average functional group per monomer,curator_computed,1.0,,missing
5feba0f9,268,,unmatched,Anion,identity,CF3SO3,,missing
5feba0f9,268,,unmatched,Li:functional group,identity,0.027777778,,missing
5feba0f9,268,,unmatched,crystalline?,classification,yes,,missing
5feba0f9,268,,unmatched,Conductivity at 50C,conductivity,1.15e-08,,missing
5feba0f9,268,,unmatched,Conductivity at 55C,conductivity,2.78e-08,,missing
5feba0f9,268,,unmatched,Conductivity at 60C,conductivity,2.68e-06,,missing
5feba0f9,268,,unmatched,Conductivity at 65C,conductivity,4.04e-06,,missing
5feba0f9,268,,unmatched,Conductivity at 70C,conductivity,6.03e-06,,missing
5feba0f9,268,,unmatched,Conductivity at 75C,conductivity,8.88e-06,,missing
5feba0f9,268,,unmatched,Conductivity at 80C,conductivity,1.29e-05,,missing
5feba0f9,268,,unmatched,Conductivity at 85C,conductivity,1.87e-05,,missing
5feba0f9,268,,unmatched,Conductivity at 90C,conductivity,2.67e-05,,missing
5feba0f9,268,,unmatched,Conductivity at 100C,conductivity,5.28e-05,,missing
5feba0f9,268,,unmatched,Conductivity at 110C,conductivity,0.000100913,,missing
5feba0f9,268,,unmatched,Conductivity at 125C,conductivity,0.000250873,,missing
5feba0f9,268,,unmatched,VFT prefactor (S/cm*T^(1/2)),fits,6100000.0,,missing
5feba0f9,268,,unmatched,VFT activation energy (K),fits,7500.0,,missing
5feba0f9,268,,unmatched,VFT T0 (degC),fits,-233.5,,missing
5feba0f9,268,,unmatched,Arrhenius Ea (eV) high T,fits,0.73099,,missing
5feba0f9,268,,unmatched,Arrhenius Ea (eV) low T me,curator_computed,1.61,,missing
5feba0f9,268,,unmatched,Arrhenius prefactor low T me (S/cm),curator_computed,1.6e+17,,missing
5feba0f9,268,,unmatched,Arrhenius Ea (eV),fits,0.798,,missing
5feba0f9,268,,unmatched,Arrhenius prefactor (S/cm),fits,3200000.0,,missing
5feba0f9,268,,unmatched,Polymer Mw (kDa),molecular_weight,900.0,,missing
5feba0f9,268,,unmatched,chain architecture,classification,linear,,missing
5feba0f9,268,,unmatched,Solvent used,processing,acetonitrile,,missing
5feba0f9,268,,unmatched,drying temp,processing,100,,missing
5feba0f9,268,,unmatched,drying time (h),processing,48,,missing
5feba0f9,268,,unmatched,drying vacuum,processing,yes,,missing
5feba0f9,269,,unmatched,Polymer family,classification,ether,,missing
5feba0f9,269,,unmatched,Polymer,identity,PEO,,missing
5feba0f9,269,,unmatched,SMILES descriptor 1,curator_computed,COC,,missing
5feba0f9,269,,unmatched,SMILES descriptor 2,curator_computed,COC,,missing
5feba0f9,269,,unmatched,Comonomer percentage,identity,100.0,,missing
5feba0f9,269,,unmatched,Average functional group per monomer,curator_computed,1.0,,missing
5feba0f9,269,,unmatched,Anion,identity,CF3SO3,,missing
5feba0f9,269,,unmatched,Li:functional group,identity,0.01,,missing
5feba0f9,269,,unmatched,crystalline?,classification,yes,,missing
5feba0f9,269,,unmatched,Conductivity at 20C,conductivity,2.78e-08,,missing
5feba0f9,269,,unmatched,Conductivity at 25C,conductivity,5.81e-08,,missing
5feba0f9,269,,unmatched,Conductivity at 30C,conductivity,1.19e-07,,missing
5feba0f9,269,,unmatched,Conductivity at 35C,conductivity,2.37e-07,,missing
5feba0f9,269,,unmatched,Conductivity at 40C,conductivity,4.62e-07,,missing
5feba0f9,269,,unmatched,Conductivity at 45C,conductivity,8.82e-07,,missing
5feba0f9,269,,unmatched,Conductivity at 50C,conductivity,1.65e-06,,missing
5feba0f9,269,,unmatched,Conductivity at 55C,conductivity,3.04e-06,,missing
5feba0f9,269,,unmatched,Conductivity at 60C,conductivity,5.48e-06,,missing
5feba0f9,269,,unmatched,Conductivity at 65C,conductivity,0.000127869,,missing
5feba0f9,269,,unmatched,Conductivity at 70C,conductivity,0.000164906,,missing
5feba0f9,269,,unmatched,Conductivity at 75C,conductivity,0.000211123,,missing
5feba0f9,269,,unmatched,Conductivity at 80C,conductivity,0.000268408,,missing
5feba0f9,269,,unmatched,Conductivity at 85C,conductivity,0.000338957,,missing
5feba0f9,269,,unmatched,Conductivity at 90C,conductivity,0.000425308,,missing
5feba0f9,269,,unmatched,Conductivity at 100C,conductivity,0.0006575,,missing
5feba0f9,269,,unmatched,Conductivity at 110C,conductivity,0.000993603,,missing
5feba0f9,269,,unmatched,Conductivity at 125C,conductivity,0.001775413,,missing
5feba0f9,269,,unmatched,VFT prefactor (S/cm*T^(1/2)),fits,160000.0,,missing
5feba0f9,269,,unmatched,VFT activation energy (K),fits,6090.0,,missing
5feba0f9,269,,unmatched,VFT T0 (degC),fits,-273.15,,missing
5feba0f9,269,,unmatched,Arrhenius Ea (eV) high T,fits,0.51974,,missing
5feba0f9,269,,unmatched,Arrhenius Ea (eV) low T me,curator_computed,1.11,,missing
5feba0f9,269,,unmatched,Arrhenius prefactor low T me (S/cm),curator_computed,360000000000.0,,missing
5feba0f9,269,,unmatched,Arrhenius Ea (eV),fits,0.509,,missing
5feba0f9,269,,unmatched,Arrhenius prefactor (S/cm),fits,4900.0,,missing
5feba0f9,269,,unmatched,Polymer Mw (kDa),molecular_weight,900.0,,missing
5feba0f9,269,,unmatched,chain architecture,classification,linear,,missing
5feba0f9,269,,unmatched,Solvent used,processing,acetonitrile,,missing
5feba0f9,269,,unmatched,drying temp,processing,100,,missing
5feba0f9,269,,unmatched,drying time (h),processing,48,,missing
5feba0f9,269,,unmatched,drying vacuum,processing,yes,,missing
5feba0f9,270,,unmatched,Polymer family,classification,ether,,missing
5feba0f9,270,,unmatched,Polymer,identity,PEO,,missing
5feba0f9,270,,unmatched,SMILES descriptor 1,curator_computed,COC,,missing
5feba0f9,270,,unmatched,SMILES descriptor 2,curator_computed,COC,,missing
5feba0f9,270,,unmatched,Comonomer percentage,identity,100.0,,missing
5feba0f9,270,,unmatched,Average functional group per monomer,curator_computed,1.0,,missing
5feba0f9,270,,unmatched,Anion,identity,ClO4,,missing
5feba0f9,270,,unmatched,Li:functional group,identity,0.333333333,,missing
5feba0f9,270,,unmatched,crystalline?,classification,yes,,missing
5feba0f9,270,,unmatched,Conductivity at 80C,conductivity,8.46e-09,,missing
5feba0f9,270,,unmatched,Conductivity at 85C,conductivity,1.46e-08,,missing
5feba0f9,270,,unmatched,Conductivity at 90C,conductivity,2.49e-08,,missing
5feba0f9,270,,unmatched,Conductivity at 100C,conductivity,6.89e-08,,missing
5feba0f9,270,,unmatched,Conductivity at 110C,conductivity,1.81e-07,,missing
5feba0f9,270,,unmatched,Conductivity at 125C,conductivity,7.04e-07,,missing
5feba0f9,270,,unmatched,VFT prefactor (S/cm*T^(1/2)),fits,27000000000.0,,missing
5feba0f9,270,,unmatched,VFT activation energy (K),fits,14000.0,,missing
5feba0f9,270,,unmatched,VFT T0 (degC),fits,-273.15,,missing
5feba0f9,270,,unmatched,Arrhenius Ea (eV) high T,fits,1.1995,,missing
5feba0f9,270,,unmatched,Arrhenius Ea (eV),fits,1.19,,missing
5feba0f9,270,,unmatched,Arrhenius prefactor (S/cm),fits,830000000.0,,missing
5feba0f9,270,,unmatched,Polymer Mw (kDa),molecular_weight,900.0,,missing
5feba0f9,270,,unmatched,chain architecture,classification,linear,,missing
5feba0f9,270,,unmatched,Solvent used,processing,acetonitrile,,missing
5feba0f9,270,,unmatched,drying temp,processing,100,,missing
5feba0f9,270,,unmatched,drying time (h),processing,48,,missing
5feba0f9,270,,unmatched,drying vacuum,processing,yes,,missing
5feba0f9,271,,unmatched,Polymer family,classification,ether,,missing
5feba0f9,271,,unmatched,Polymer,identity,PEO,,missing
5feba0f9,271,,unmatched,SMILES descriptor 1,curator_computed,COC,,missing
5feba0f9,271,,unmatched,SMILES descriptor 2,curator_computed,COC,,missing
5feba0f9,271,,unmatched,Comonomer percentage,identity,100.0,,missing
5feba0f9,271,,unmatched,Average functional group per monomer,curator_computed,1.0,,missing
5feba0f9,271,,unmatched,Anion,identity,ClO4,,missing
5feba0f9,271,,unmatched,Li:functional group,identity,0.25,,missing
5feba0f9,271,,unmatched,crystalline?,classification,yes,,missing
5feba0f9,271,,unmatched,Conductivity at 40C,conductivity,1.09e-08,,missing
5feba0f9,271,,unmatched,Conductivity at 45C,conductivity,3.37e-08,,missing
5feba0f9,271,,unmatched,Conductivity at 50C,conductivity,1.01e-07,,missing
5feba0f9,271,,unmatched,Conductivity at 55C,conductivity,2.93e-07,,missing
5feba0f9,271,,unmatched,Conductivity at 60C,conductivity,8.22e-07,,missing
5feba0f9,271,,unmatched,Conductivity at 65C,conductivity,2.24e-06,,missing
5feba0f9,271,,unmatched,Conductivity at 70C,conductivity,8.15e-06,,missing
5feba0f9,271,,unmatched,Conductivity at 75C,conductivity,1.11e-05,,missing
5feba0f9,271,,unmatched,Conductivity at 80C,conductivity,1.5e-05,,missing
5feba0f9,271,,unmatched,Conductivity at 85C,conductivity,2.01e-05,,missing
5feba0f9,271,,unmatched,Conductivity at 90C,conductivity,2.67e-05,,missing
5feba0f9,271,,unmatched,Conductivity at 100C,conductivity,4.61e-05,,missing
5feba0f9,271,,unmatched,Conductivity at 110C,conductivity,7.73e-05,,missing
5feba0f9,271,,unmatched,Conductivity at 125C,conductivity,0.000159999,,missing
5feba0f9,271,,unmatched,VFT prefactor (S/cm*T^(1/2)),fits,170000.0,,missing
5feba0f9,271,,unmatched,VFT activation energy (K),fits,6685.0,,missing
5feba0f9,271,,unmatched,VFT T0 (degC),fits,-251.0,,missing
5feba0f9,271,,unmatched,Arrhenius Ea (eV) high T,fits,0.62907,,missing
5feba0f9,271,,unmatched,Arrhenius Ea (eV) low T me,curator_computed,1.94,,missing
5feba0f9,271,,unmatched,Arrhenius prefactor low T me (S/cm),curator_computed,2.1e+23,,missing
5feba0f9,271,,unmatched,Arrhenius Ea (eV),fits,0.637,,missing
5feba0f9,271,,unmatched,Arrhenius prefactor (S/cm),fits,19000.0,,missing
5feba0f9,271,,unmatched,Polymer Mw (kDa),molecular_weight,900.0,,missing
5feba0f9,271,,unmatched,chain architecture,classification,linear,,missing
5feba0f9,271,,unmatched,Solvent used,processing,acetonitrile,,missing
5feba0f9,271,,unmatched,drying temp,processing,100,,missing
5feba0f9,271,,unmatched,drying time (h),processing,48,,missing
5feba0f9,271,,unmatched,drying vacuum,processing,yes,,missing
5feba0f9,272,,unmatched,Polymer family,classification,ether,,missing
5feba0f9,272,,unmatched,Polymer,identity,PEO,,missing
5feba0f9,272,,unmatched,SMILES descriptor 1,curator_computed,COC,,missing
5feba0f9,272,,unmatched,SMILES descriptor 2,curator_computed,COC,,missing
5feba0f9,272,,unmatched,Comonomer percentage,identity,100.0,,missing
5feba0f9,272,,unmatched,Average functional group per monomer,curator_computed,1.0,,missing
5feba0f9,272,,unmatched,Anion,identity,ClO4,,missing
5feba0f9,272,,unmatched,Li:functional group,identity,0.2,,missing
5feba0f9,272,,unmatched,crystalline?,classification,yes,,missing
5feba0f9,272,,unmatched,Conductivity at 50C,conductivity,7.42e-09,,missing
5feba0f9,272,,unmatched,Conductivity at 55C,conductivity,3.11e-08,,missing
5feba0f9,272,,unmatched,Conductivity at 60C,conductivity,1.25e-07,,missing
5feba0f9,272,,unmatched,Conductivity at 65C,conductivity,4.83e-07,,missing
5feba0f9,272,,unmatched,Conductivity at 70C,conductivity,1.79e-06,,missing
5feba0f9,272,,unmatched,Conductivity at 75C,conductivity,6.4e-06,,missing
5feba0f9,272,,unmatched,Conductivity at 80C,conductivity,1.69e-05,,missing
5feba0f9,272,,unmatched,Conductivity at 85C,conductivity,2.51e-05,,missing
5feba0f9,272,,unmatched,Conductivity at 90C,conductivity,3.69e-05,,missing
5feba0f9,272,,unmatched,Conductivity at 100C,conductivity,7.72e-05,,missing
5feba0f9,272,,unmatched,Conductivity at 110C,conductivity,0.000155223,,missing
5feba0f9,272,,unmatched,Conductivity at 125C,conductivity,0.000414556,,missing
5feba0f9,272,,unmatched,VFT prefactor (S/cm*T^(1/2)),fits,10000000.0,,missing
5feba0f9,272,,unmatched,VFT activation energy (K),fits,7013.0,,missing
5feba0f9,272,,unmatched,VFT T0 (degC),fits,-210.0,,missing
5feba0f9,272,,unmatched,Arrhenius Ea (eV) high T,fits,0.79909,,missing
5feba0f9,272,,unmatched,Arrhenius Ea (eV) low T me,curator_computed,2.62,,missing
5feba0f9,272,,unmatched,Arrhenius prefactor low T me (S/cm),curator_computed,5.7000000000000005e+32,,missing
5feba0f9,272,,unmatched,Arrhenius Ea (eV),fits,0.86,,missing
5feba0f9,272,,unmatched,Arrhenius prefactor (S/cm),fits,33000000.0,,missing
5feba0f9,272,,unmatched,Polymer Mw (kDa),molecular_weight,900.0,,missing
5feba0f9,272,,unmatched,chain architecture,classification,linear,,missing
5feba0f9,272,,unmatched,Solvent used,processing,acetonitrile,,missing
5feba0f9,272,,unmatched,drying temp,processing,100,,missing
5feba0f9,272,,unmatched,drying time (h),processing,48,,missing
5feba0f9,272,,unmatched,drying vacuum,processing,yes,,missing
5feba0f9,273,,unmatched,Polymer family,classification,ether,,missing
5feba0f9,273,,unmatched,Polymer,identity,PEO,,missing
5feba0f9,273,,unmatched,SMILES descriptor 1,curator_computed,COC,,missing
5feba0f9,273,,unmatched,SMILES descriptor 2,curator_computed,COC,,missing
5feba0f9,273,,unmatched,Comonomer percentage,identity,100.0,,missing
5feba0f9,273,,unmatched,Average functional group per monomer,curator_computed,1.0,,missing
5feba0f9,273,,unmatched,Anion,identity,ClO4,,missing
5feba0f9,273,,unmatched,Li:functional group,identity,0.166666667,,missing
5feba0f9,273,,unmatched,crystalline?,classification,yes,,missing
5feba0f9,273,,unmatched,Conductivity at 30C,conductivity,6.62e-09,,missing
5feba0f9,273,,unmatched,Conductivity at 35C,conductivity,2.4e-08,,missing
5feba0f9,273,,unmatched,Conductivity at 40C,conductivity,8.33e-08,,missing
5feba0f9,273,,unmatched,Conductivity at 45C,conductivity,2.78e-07,,missing
5feba0f9,273,,unmatched,Conductivity at 50C,conductivity,8.95e-07,,missing
5feba0f9,273,,unmatched,Conductivity at 55C,conductivity,2.78e-06,,missing
5feba0f9,273,,unmatched,Conductivity at 60C,conductivity,8.34e-06,,missing
5feba0f9,273,,unmatched,Conductivity at 65C,conductivity,2.42e-05,,missing
5feba0f9,273,,unmatched,Conductivity at 70C,conductivity,8.95e-05,,missing
5feba0f9,273,,unmatched,Conductivity at 75C,conductivity,0.000121669,,missing
5feba0f9,273,,unmatched,Conductivity at 80C,conductivity,0.000164006,,missing
5feba0f9,273,,unmatched,Conductivity at 85C,conductivity,0.000219239,,missing
5feba0f9,273,,unmatched,Conductivity at 90C,conductivity,0.000290739,,missing
5feba0f9,273,,unmatched,Conductivity at 100C,conductivity,0.00049983,,missing
5feba0f9,273,,unmatched,Conductivity at 110C,conductivity,0.000835235,,missing
5feba0f9,273,,unmatched,VFT prefactor (S/cm*T^(1/2)),fits,130000.0,,missing
5feba0f9,273,,unmatched,VFT activation energy (K),fits,5030.0,,missing
5feba0f9,273,,unmatched,VFT T0 (degC),fits,-207.0,,missing
5feba0f9,273,,unmatched,Arrhenius Ea (eV) high T,fits,0.66188,,missing
5feba0f9,273,,unmatched,Arrhenius Ea (eV) low T me,curator_computed,2.07,,missing
5feba0f9,273,,unmatched,Arrhenius prefactor low T me (S/cm),curator_computed,1.8e+26,,missing
5feba0f9,273,,unmatched,Arrhenius Ea (eV),fits,0.63,,missing
5feba0f9,273,,unmatched,Arrhenius prefactor (S/cm),fits,180000.0,,missing
5feba0f9,273,,unmatched,Polymer Mw (kDa),molecular_weight,900.0,,missing
5feba0f9,273,,unmatched,chain architecture,classification,linear,,missing
5feba0f9,273,,unmatched,Solvent used,processing,acetonitrile,,missing
5feba0f9,273,,unmatched,drying temp,processing,100,,missing
5feba0f9,273,,unmatched,drying time (h),processing,48,,missing
5feba0f9,273,,unmatched,drying vacuum,processing,yes,,missing
5feba0f9,274,,unmatched,Polymer family,classification,ether,,missing
5feba0f9,274,,unmatched,Polymer,identity,PEO,,missing
5feba0f9,274,,unmatched,SMILES descriptor 1,curator_computed,COC,,missing
5feba0f9,274,,unmatched,SMILES descriptor 2,curator_computed,COC,,missing
5feba0f9,274,,unmatched,Comonomer percentage,identity,100.0,,missing
5feba0f9,274,,unmatched,Average functional group per monomer,curator_computed,1.0,,missing
5feba0f9,274,,unmatched,Anion,identity,ClO4,,missing
5feba0f9,274,,unmatched,Li:functional group,identity,0.142857143,,missing
5feba0f9,274,,unmatched,crystalline?,classification,yes,,missing
5feba0f9,274,,unmatched,Conductivity at 30C,conductivity,1.74e-08,,missing
5feba0f9,274,,unmatched,Conductivity at 35C,conductivity,4.47e-08,,missing
5feba0f9,274,,unmatched,Conductivity at 40C,conductivity,1.12e-07,,missing
5feba0f9,274,,unmatched,Conductivity at 45C,conductivity,2.71e-07,,missing
5feba0f9,274,,unmatched,Conductivity at 50C,conductivity,6.39e-07,,missing
5feba0f9,274,,unmatched,Conductivity at 55C,conductivity,1.47e-06,,missing
5feba0f9,274,,unmatched,Conductivity at 60C,conductivity,3.29e-06,,missing
5feba0f9,274,,unmatched,Conductivity at 65C,conductivity,7.2e-06,,missing
5feba0f9,274,,unmatched,Conductivity at 70C,conductivity,1.54e-05,,missing
5feba0f9,274,,unmatched,Conductivity at 75C,conductivity,0.000109263,,missing
5feba0f9,274,,unmatched,Conductivity at 80C,conductivity,0.00015431,,missing
5feba0f9,274,,unmatched,Conductivity at 85C,conductivity,0.00021584,,missing
5feba0f9,274,,unmatched,Conductivity at 90C,conductivity,0.000299127,,missing
5feba0f9,274,,unmatched,Conductivity at 100C,conductivity,0.000559642,,missing
5feba0f9,274,,unmatched,Conductivity at 110C,conductivity,0.001013287,,missing
5feba0f9,274,,unmatched,VFT prefactor (S/cm*T^(1/2)),fits,840000.0,,missing
5feba0f9,274,,unmatched,VFT activation energy (K),fits,5372.0,,missing
5feba0f9,274,,unmatched,VFT T0 (degC),fits,-196.0,,missing
5feba0f9,274,,unmatched,Arrhenius Ea (eV) high T,fits,0.6019,,missing
5feba0f9,274,,unmatched,Arrhenius Ea (eV) low T me,curator_computed,1.52,,missing
5feba0f9,274,,unmatched,Arrhenius prefactor low T me (S/cm),curator_computed,3.4e+17,,missing
5feba0f9,274,,unmatched,Arrhenius Ea (eV),fits,0.73,,missing
5feba0f9,274,,unmatched,Arrhenius prefactor (S/cm),fits,4200000.0,,missing
5feba0f9,274,,unmatched,Polymer Mw (kDa),molecular_weight,900.0,,missing
5feba0f9,274,,unmatched,chain architecture,classification,linear,,missing
5feba0f9,274,,unmatched,Solvent used,processing,acetonitrile,,missing
5feba0f9,274,,unmatched,drying temp,processing,100,,missing
5feba0f9,274,,unmatched,drying time (h),processing,48,,missing
5feba0f9,274,,unmatched,drying vacuum,processing,yes,,missing
5feba0f9,275,,unmatched,Polymer family,classification,ether,,missing
5feba0f9,275,,unmatched,Polymer,identity,PEO,,missing
5feba0f9,275,,unmatched,SMILES descriptor 1,curator_computed,COC,,missing
5feba0f9,275,,unmatched,SMILES descriptor 2,curator_computed,COC,,missing
5feba0f9,275,,unmatched,Comonomer percentage,identity,100.0,,missing
5feba0f9,275,,unmatched,Average functional group per monomer,curator_computed,1.0,,missing
5feba0f9,275,,unmatched,Anion,identity,ClO4,,missing
5feba0f9,275,,unmatched,Li:functional group,identity,0.125,,missing
5feba0f9,275,,unmatched,crystalline?,classification,yes,,missing
5feba0f9,275,,unmatched,Conductivity at 30C,conductivity,1.19e-08,,missing
5feba0f9,275,,unmatched,Conductivity at 35C,conductivity,4.57e-08,,missing
5feba0f9,275,,unmatched,Conductivity at 40C,conductivity,1.68e-07,,missing
5feba0f9,275,,unmatched,Conductivity at 45C,conductivity,5.95e-07,,missing
5feba0f9,275,,unmatched,Conductivity at 50C,conductivity,2.02e-06,,missing
5feba0f9,275,,unmatched,Conductivity at 55C,conductivity,6.63e-06,,missing
5feba0f9,275,,unmatched,Conductivity at 60C,conductivity,2.1e-05,,missing
5feba0f9,275,,unmatched,Conductivity at 65C,conductivity,7.7e-05,,missing
5feba0f9,275,,unmatched,Conductivity at 70C,conductivity,0.000115142,,missing
5feba0f9,275,,unmatched,Conductivity at 75C,conductivity,0.000170231,,missing
5feba0f9,275,,unmatched,Conductivity at 80C,conductivity,0.000248906,,missing
5feba0f9,275,,unmatched,Conductivity at 85C,conductivity,0.000360101,,missing
5feba0f9,275,,unmatched,Conductivity at 90C,conductivity,0.000515701,,missing
5feba0f9,275,,unmatched,Conductivity at 100C,conductivity,0.001027553,,missing
5feba0f9,275,,unmatched,Conductivity at 110C,conductivity,0.001975067,,missing
5feba0f9,275,,unmatched,Conductivity at 125C,conductivity,0.004949036,,missing
5feba0f9,275,,unmatched,VFT prefactor (S/cm*T^(1/2)),fits,8.1,,missing
5feba0f9,275,,unmatched,VFT activation energy (K),fits,601.0,,missing
5feba0f9,275,,unmatched,VFT T0 (degC),fits,-2.0,,missing
5feba0f9,275,,unmatched,Arrhenius Ea (eV) high T,fits,0.96155,,missing
5feba0f9,275,,unmatched,Arrhenius Ea (eV) low T me,curator_computed,2.17,,missing
5feba0f9,275,,unmatched,Arrhenius prefactor low T me (S/cm),curator_computed,1.3e+28,,missing
5feba0f9,275,,unmatched,Arrhenius Ea (eV),fits,0.95,,missing
5feba0f9,275,,unmatched,Arrhenius prefactor (S/cm),fits,10000000000.0,,missing
5feba0f9,275,,unmatched,Polymer Mw (kDa),molecular_weight,900.0,,missing
5feba0f9,275,,unmatched,chain architecture,classification,linear,,missing
5feba0f9,275,,unmatched,Solvent used,processing,acetonitrile,,missing
5feba0f9,275,,unmatched,drying temp,processing,100,,missing
5feba0f9,275,,unmatched,drying time (h),processing,48,,missing
5feba0f9,275,,unmatched,drying vacuum,processing,yes,,missing
5feba0f9,276,,unmatched,Polymer family,classification,ether,,missing
5feba0f9,276,,unmatched,Polymer,identity,PEO,,missing
5feba0f9,276,,unmatched,SMILES descriptor 1,curator_computed,COC,,missing
5feba0f9,276,,unmatched,SMILES descriptor 2,curator_computed,COC,,missing
5feba0f9,276,,unmatched,Comonomer percentage,identity,100.0,,missing
5feba0f9,276,,unmatched,Average functional group per monomer,curator_computed,1.0,,missing
5feba0f9,276,,unmatched,Anion,identity,ClO4,,missing
5feba0f9,276,,unmatched,Li:functional group,identity,0.083333333,,missing
5feba0f9,276,,unmatched,crystalline?,classification,yes,,missing
5feba0f9,276,,unmatched,Conductivity at 20C,conductivity,8.81e-09,,missing
5feba0f9,276,,unmatched,Conductivity at 25C,conductivity,3.43e-08,,missing
5feba0f9,276,,unmatched,Conductivity at 30C,conductivity,1.28e-07,,missing
5feba0f9,276,,unmatched,Conductivity at 35C,conductivity,4.55e-07,,missing
5feba0f9,276,,unmatched,Conductivity at 40C,conductivity,1.56e-06,,missing
5feba0f9,276,,unmatched,Conductivity at 45C,conductivity,5.14e-06,,missing
5feba0f9,276,,unmatched,Conductivity at 50C,conductivity,1.63e-05,,missing
5feba0f9,276,,unmatched,Conductivity at 55C,conductivity,0.000192034,,missing
5feba0f9,276,,unmatched,Conductivity at 60C,conductivity,0.000256491,,missing
5feba0f9,276,,unmatched,Conductivity at 65C,conductivity,0.000339663,,missing
5feba0f9,276,,unmatched,Conductivity at 70C,conductivity,0.00044614,,missing
5feba0f9,276,,unmatched,Conductivity at 75C,conductivity,0.000581422,,missing
5feba0f9,276,,unmatched,Conductivity at 80C,conductivity,0.000752065,,missing
5feba0f9,276,,unmatched,Conductivity at 85C,conductivity,0.000965825,,missing
5feba0f9,276,,unmatched,Conductivity at 90C,conductivity,0.001231828,,missing
5feba0f9,276,,unmatched,Conductivity at 100C,conductivity,0.001964983,,missing
5feba0f9,276,,unmatched,Conductivity at 110C,conductivity,0.003059013,,missing
5feba0f9,276,,unmatched,Conductivity at 125C,conductivity,0.005699156,,missing
5feba0f9,276,,unmatched,VFT prefactor (S/cm*T^(1/2)),fits,0.285,,missing
5feba0f9,276,,unmatched,VFT activation energy (K),fits,130.0,,missing
5feba0f9,276,,unmatched,VFT T0 (degC),fits,31.0,,missing
5feba0f9,276,,unmatched,Arrhenius Ea (eV) high T,fits,0.51912,,missing
5feba0f9,276,,unmatched,Arrhenius Ea (eV) low T me,curator_computed,2.05,,missing
5feba0f9,276,,unmatched,Arrhenius prefactor low T me (S/cm),curator_computed,1.4000000000000002e+27,,missing
5feba0f9,276,,unmatched,Arrhenius Ea (eV),fits,0.55,,missing
5feba0f9,276,,unmatched,Arrhenius prefactor (S/cm),fits,46000.0,,missing
5feba0f9,276,,unmatched,Polymer Mw (kDa),molecular_weight,900.0,,missing
5feba0f9,276,,unmatched,chain architecture,classification,linear,,missing
5feba0f9,276,,unmatched,Solvent used,processing,acetonitrile,,missing
5feba0f9,276,,unmatched,drying temp,processing,100,,missing
5feba0f9,276,,unmatched,drying time (h),processing,48,,missing
5feba0f9,276,,unmatched,drying vacuum,processing,yes,,missing
5feba0f9,277,,unmatched,Polymer family,classification,ether,,missing
5feba0f9,277,,unmatched,Polymer,identity,PEO,,missing
5feba0f9,277,,unmatched,SMILES descriptor 1,curator_computed,COC,,missing
5feba0f9,277,,unmatched,SMILES descriptor 2,curator_computed,COC,,missing
5feba0f9,277,,unmatched,Comonomer percentage,identity,100.0,,missing
5feba0f9,277,,unmatched,Average functional group per monomer,curator_computed,1.0,,missing
5feba0f9,277,,unmatched,Anion,identity,ClO4,,missing
5feba0f9,277,,unmatched,Li:functional group,identity,0.05,,missing
5feba0f9,277,,unmatched,crystalline?,classification,yes,,missing
5feba0f9,277,,unmatched,Conductivity at 25C,conductivity,1.48e-08,,missing
5feba0f9,277,,unmatched,Conductivity at 30C,conductivity,5.95e-08,,missing
5feba0f9,277,,unmatched,Conductivity at 35C,conductivity,2.29e-07,,missing
5feba0f9,277,,unmatched,Conductivity at 40C,conductivity,8.43e-07,,missing
5feba0f9,277,,unmatched,Conductivity at 45C,conductivity,2.98e-06,,missing
5feba0f9,277,,unmatched,Conductivity at 50C,conductivity,1.01e-05,,missing
5feba0f9,277,,unmatched,Conductivity at 55C,conductivity,0.000110964,,missing
5feba0f9,277,,unmatched,Conductivity at 60C,conductivity,0.000218396,,missing
5feba0f9,277,,unmatched,Conductivity at 65C,conductivity,0.00035391,,missing
5feba0f9,277,,unmatched,Conductivity at 70C,conductivity,0.000507737,,missing
5feba0f9,277,,unmatched,Conductivity at 75C,conductivity,0.000671508,,missing
5feba0f9,277,,unmatched,Conductivity at 80C,conductivity,0.000838878,,missing
5feba0f9,277,,unmatched,Conductivity at 85C,conductivity,0.001005361,,missing
5feba0f9,277,,unmatched,Conductivity at 90C,conductivity,0.001167942,,missing
5feba0f9,277,,unmatched,Conductivity at 100C,conductivity,0.001474474,,missing
5feba0f9,277,,unmatched,Conductivity at 110C,conductivity,0.001751051,,missing
5feba0f9,277,,unmatched,VFT prefactor (S/cm*T^(1/2)),fits,0.13,,missing
5feba0f9,277,,unmatched,VFT activation energy (K),fits,104.0,,missing
5feba0f9,277,,unmatched,VFT T0 (degC),fits,30.0,,missing
5feba0f9,277,,unmatched,Arrhenius Ea (eV) high T,fits,0.26686,,missing
5feba0f9,277,,unmatched,Arrhenius Ea (eV) low T me,curator_computed,2.17,,missing
5feba0f9,277,,unmatched,Arrhenius prefactor low T me (S/cm),curator_computed,6.6e+28,,missing
5feba0f9,277,,unmatched,Arrhenius Ea (eV),fits,0.45,,missing
5feba0f9,277,,unmatched,Arrhenius prefactor (S/cm),fits,1700.0,,missing
5feba0f9,277,,unmatched,Polymer Mw (kDa),molecular_weight,900.0,,missing
5feba0f9,277,,unmatched,chain architecture,classification,linear,,missing
5feba0f9,277,,unmatched,Solvent used,processing,acetonitrile,,missing
5feba0f9,277,,unmatched,drying temp,processing,100,,missing
5feba0f9,277,,unmatched,drying time (h),processing,48,,missing
5feba0f9,277,,unmatched,drying vacuum,processing,yes,,missing
5feba0f9,278,,unmatched,Polymer family,classification,ether,,missing
5feba0f9,278,,unmatched,Polymer,identity,PEO,,missing
5feba0f9,278,,unmatched,SMILES descriptor 1,curator_computed,COC,,missing
5feba0f9,278,,unmatched,SMILES descriptor 2,curator_computed,COC,,missing
5feba0f9,278,,unmatched,Comonomer percentage,identity,100.0,,missing
5feba0f9,278,,unmatched,Average functional group per monomer,curator_computed,1.0,,missing
5feba0f9,278,,unmatched,Anion,identity,ClO4,,missing
5feba0f9,278,,unmatched,Li:functional group,identity,0.025,,missing
5feba0f9,278,,unmatched,crystalline?,classification,yes,,missing
5feba0f9,278,,unmatched,Conductivity at 20C,conductivity,1.58e-08,,missing
5feba0f9,278,,unmatched,Conductivity at 25C,conductivity,4.65e-08,,missing
5feba0f9,278,,unmatched,Conductivity at 30C,conductivity,1.32e-07,,missing
5feba0f9,278,,unmatched,Conductivity at 35C,conductivity,3.62e-07,,missing
5feba0f9,278,,unmatched,Conductivity at 40C,conductivity,9.62e-07,,missing
5feba0f9,278,,unmatched,Conductivity at 45C,conductivity,2.48e-06,,missing
5feba0f9,278,,unmatched,Conductivity at 50C,conductivity,6.2e-06,,missing
5feba0f9,278,,unmatched,Conductivity at 55C,conductivity,1.51e-05,,missing
5feba0f9,278,,unmatched,Conductivity at 60C,conductivity,0.000139334,,missing
5feba0f9,278,,unmatched,Conductivity at 65C,conductivity,0.000262946,,missing
5feba0f9,278,,unmatched,Conductivity at 70C,conductivity,0.000404127,,missing
5feba0f9,278,,unmatched,Conductivity at 75C,conductivity,0.00055067,,missing
5feba0f9,278,,unmatched,Conductivity at 80C,conductivity,0.000695021,,missing
5feba0f9,278,,unmatched,Conductivity at 85C,conductivity,0.000832976,,missing
5feba0f9,278,,unmatched,Conductivity at 90C,conductivity,0.000962454,,missing
5feba0f9,278,,unmatched,Conductivity at 100C,conductivity,0.001193454,,missing
5feba0f9,278,,unmatched,Conductivity at 110C,conductivity,0.001388415,,missing
5feba0f9,278,,unmatched,VFT prefactor (S/cm*T^(1/2)),fits,0.075,,missing
5feba0f9,278,,unmatched,VFT activation energy (K),fits,72.0,,missing
5feba0f9,278,,unmatched,VFT T0 (degC),fits,39.0,,missing
5feba0f9,278,,unmatched,Arrhenius Ea (eV) high T,fits,0.27349,,missing
5feba0f9,278,,unmatched,Arrhenius Ea (eV) low T me,curator_computed,1.62,,missing
5feba0f9,278,,unmatched,Arrhenius prefactor low T me (S/cm),curator_computed,1.4e+20,,missing
5feba0f9,278,,unmatched,Arrhenius Ea (eV),fits,0.5,,missing
5feba0f9,278,,unmatched,Arrhenius prefactor (S/cm),fits,7300.0,,missing
5feba0f9,278,,unmatched,Polymer Mw (kDa),molecular_weight,900.0,,missing
5feba0f9,278,,unmatched,chain architecture,classification,linear,,missing
5feba0f9,278,,unmatched,Solvent used,processing,acetonitrile,,missing
5feba0f9,278,,unmatched,drying temp,processing,100,,missing
5feba0f9,278,,unmatched,drying time (h),processing,48,,missing
5feba0f9,278,,unmatched,drying vacuum,processing,yes,,missing
5feba0f9,279,,unmatched,Polymer family,classification,ether,,missing
5feba0f9,279,,unmatched,Polymer,identity,PEO,,missing
5feba0f9,279,,unmatched,SMILES descriptor 1,curator_computed,COC,,missing
5feba0f9,279,,unmatched,SMILES descriptor 2,curator_computed,COC,,missing
5feba0f9,279,,unmatched,Comonomer percentage,identity,100.0,,missing
5feba0f9,279,,unmatched,Average functional group per monomer,curator_computed,1.0,,missing
5feba0f9,279,,unmatched,Anion,identity,ClO4,,missing
5feba0f9,279,,unmatched,Li:functional group,identity,0.01,,missing
5feba0f9,279,,unmatched,crystalline?,classification,yes,,missing
5feba0f9,279,,unmatched,Conductivity at 20C,conductivity,8.3e-08,,missing
5feba0f9,279,,unmatched,Conductivity at 25C,conductivity,2.19e-07,,missing
5feba0f9,279,,unmatched,Conductivity at 30C,conductivity,5.6e-07,,missing
5feba0f9,279,,unmatched,Conductivity at 35C,conductivity,1.39e-06,,missing
5feba0f9,279,,unmatched,Conductivity at 40C,conductivity,3.34e-06,,missing
5feba0f9,279,,unmatched,Conductivity at 45C,conductivity,7.82e-06,,missing
5feba0f9,279,,unmatched,Conductivity at 50C,conductivity,1.78e-05,,missing
5feba0f9,279,,unmatched,Conductivity at 55C,conductivity,3.97e-05,,missing
5feba0f9,279,,unmatched,Conductivity at 60C,conductivity,6.25e-05,,missing
5feba0f9,279,,unmatched,Conductivity at 65C,conductivity,7.57e-05,,missing
5feba0f9,279,,unmatched,Conductivity at 70C,conductivity,8.92e-05,,missing
5feba0f9,279,,unmatched,Conductivity at 75C,conductivity,0.000102789,,missing
5feba0f9,279,,unmatched,Conductivity at 80C,conductivity,0.000116369,,missing
5feba0f9,279,,unmatched,Conductivity at 85C,conductivity,0.000129798,,missing
5feba0f9,279,,unmatched,Conductivity at 90C,conductivity,0.000142986,,missing
5feba0f9,279,,unmatched,Conductivity at 100C,conductivity,0.000168388,,missing
5feba0f9,279,,unmatched,Conductivity at 110C,conductivity,0.000192234,,missing
5feba0f9,279,,unmatched,VFT prefactor (S/cm*T^(1/2)),fits,0.017,,missing
5feba0f9,279,,unmatched,VFT activation energy (K),fits,169.0,,missing
5feba0f9,279,,unmatched,VFT T0 (degC),fits,-3.0,,missing
5feba0f9,279,,unmatched,Arrhenius Ea (eV) high T,fits,0.23332,,missing
5feba0f9,279,,unmatched,Arrhenius Ea (eV) low T me,curator_computed,1.46,,missing
5feba0f9,279,,unmatched,Arrhenius prefactor low T me (S/cm),curator_computed,1.1e+18,,missing
5feba0f9,279,,unmatched,Arrhenius Ea (eV),fits,0.25,,missing
5feba0f9,279,,unmatched,Arrhenius prefactor (S/cm),fits,0.36,,missing
5feba0f9,279,,unmatched,Polymer Mw (kDa),molecular_weight,900.0,,missing
5feba0f9,279,,unmatched,chain architecture,classification,linear,,missing
5feba0f9,279,,unmatched,Solvent used,processing,acetonitrile,,missing
5feba0f9,279,,unmatched,drying temp,processing,100,,missing
5feba0f9,279,,unmatched,drying time (h),processing,48,,missing
5feba0f9,279,,unmatched,drying vacuum,processing,yes,,missing
5feba0f9,280,,unmatched,Polymer family,classification,ether,,missing
5feba0f9,280,,unmatched,Polymer,identity,PEO,,missing
5feba0f9,280,,unmatched,SMILES descriptor 1,curator_computed,COC,,missing
5feba0f9,280,,unmatched,SMILES descriptor 2,curator_computed,COC,,missing
5feba0f9,280,,unmatched,Comonomer percentage,identity,100.0,,missing
5feba0f9,280,,unmatched,Average functional group per monomer,curator_computed,1.0,,missing
5feba0f9,280,,unmatched,Anion,identity,AsF6,,missing
5feba0f9,280,,unmatched,Li:functional group,identity,0.25,,missing
5feba0f9,280,,unmatched,crystalline?,classification,yes,,missing
5feba0f9,280,,unmatched,Conductivity at 80C,conductivity,1.58e-08,,missing
5feba0f9,280,,unmatched,Conductivity at 85C,conductivity,3.61e-08,,missing
5feba0f9,280,,unmatched,Conductivity at 90C,conductivity,8.04e-08,,missing
5feba0f9,280,,unmatched,Conductivity at 100C,conductivity,3.7e-07,,missing
5feba0f9,280,,unmatched,Conductivity at 110C,conductivity,1.56e-06,,missing
5feba0f9,280,,unmatched,Conductivity at 125C,conductivity,1.15e-05,,missing
5feba0f9,280,,unmatched,VFT prefactor (S/cm*T^(1/2)),fits,2.4e+16,,missing
5feba0f9,280,,unmatched,VFT activation energy (K),fits,16000.0,,missing
5feba0f9,280,,unmatched,VFT T0 (degC),fits,-232.0,,missing
5feba0f9,280,,unmatched,Arrhenius Ea (eV),fits,1.78,,missing
5feba0f9,280,,unmatched,Arrhenius prefactor (S/cm),fits,3.6e+17,,missing
5feba0f9,280,,unmatched,Polymer Mw (kDa),molecular_weight,900.0,,missing
5feba0f9,280,,unmatched,chain architecture,classification,linear,,missing
5feba0f9,280,,unmatched,Solvent used,processing,acetonitrile,,missing
5feba0f9,280,,unmatched,drying temp,processing,100,,missing
5feba0f9,280,,unmatched,drying time (h),processing,48,,missing
5feba0f9,280,,unmatched,drying vacuum,processing,yes,,missing
5feba0f9,281,,unmatched,Polymer family,classification,ether,,missing
5feba0f9,281,,unmatched,Polymer,identity,PEO,,missing
5feba0f9,281,,unmatched,SMILES descriptor 1,curator_computed,COC,,missing
5feba0f9,281,,unmatched,SMILES descriptor 2,curator_computed,COC,,missing
5feba0f9,281,,unmatched,Comonomer percentage,identity,100.0,,missing
5feba0f9,281,,unmatched,Average functional group per monomer,curator_computed,1.0,,missing
5feba0f9,281,,unmatched,Anion,identity,AsF6,,missing
5feba0f9,281,,unmatched,Li:functional group,identity,0.125,,missing
5feba0f9,281,,unmatched,crystalline?,classification,yes,,missing
5feba0f9,281,,unmatched,Conductivity at 25C,conductivity,1.66e-08,,missing
5feba0f9,281,,unmatched,Conductivity at 30C,conductivity,4.17e-08,,missing
5feba0f9,281,,unmatched,Conductivity at 35C,conductivity,1.02e-07,,missing
5feba0f9,281,,unmatched,Conductivity at 40C,conductivity,2.41e-07,,missing
5feba0f9,281,,unmatched,Conductivity at 45C,conductivity,5.55e-07,,missing
5feba0f9,281,,unmatched,Conductivity at 50C,conductivity,1.25e-06,,missing
5feba0f9,281,,unmatched,Conductivity at 55C,conductivity,6.01e-06,,missing
5feba0f9,281,,unmatched,Conductivity at 60C,conductivity,8.79e-06,,missing
5feba0f9,281,,unmatched,Conductivity at 65C,conductivity,1.27e-05,,missing
5feba0f9,281,,unmatched,Conductivity at 70C,conductivity,1.82e-05,,missing
5feba0f9,281,,unmatched,Conductivity at 75C,conductivity,2.58e-05,,missing
5feba0f9,281,,unmatched,Conductivity at 80C,conductivity,3.61e-05,,missing
5feba0f9,281,,unmatched,Conductivity at 85C,conductivity,5.02e-05,,missing
5feba0f9,281,,unmatched,Conductivity at 90C,conductivity,6.91e-05,,missing
5feba0f9,281,,unmatched,Conductivity at 100C,conductivity,0.000127506,,missing
5feba0f9,281,,unmatched,Conductivity at 110C,conductivity,0.000227827,,missing
5feba0f9,281,,unmatched,VFT prefactor (S/cm*T^(1/2)),fits,19000000.0,,missing
5feba0f9,281,,unmatched,VFT activation energy (K),fits,8500.0,,missing
5feba0f9,281,,unmatched,VFT T0 (degC),fits,-273.15,,missing
5feba0f9,281,,unmatched,Arrhenius Ea (eV) high T,fits,0.72334,,missing
5feba0f9,281,,unmatched,Arrhenius Ea (eV) low T me,curator_computed,1.43,,missing
5feba0f9,281,,unmatched,Arrhenius prefactor low T me (S/cm),curator_computed,3e+16,,missing
5feba0f9,281,,unmatched,Arrhenius Ea (eV),fits,0.716,,missing
5feba0f9,281,,unmatched,Arrhenius prefactor (S/cm),fits,600000.0,,missing
5feba0f9,281,,unmatched,Polymer Mw (kDa),molecular_weight,900.0,,missing
5feba0f9,281,,unmatched,chain architecture,classification,linear,,missing
5feba0f9,281,,unmatched,Solvent used,processing,acetonitrile,,missing
5feba0f9,281,,unmatched,drying temp,processing,100,,missing
5feba0f9,281,,unmatched,drying time (h),processing,48,,missing
5feba0f9,281,,unmatched,drying vacuum,processing,yes,,missing
5feba0f9,282,,unmatched,Polymer family,classification,ether,,missing
5feba0f9,282,,unmatched,Polymer,identity,PEO,,missing
5feba0f9,282,,unmatched,SMILES descriptor 1,curator_computed,COC,,missing
5feba0f9,282,,unmatched,SMILES descriptor 2,curator_computed,COC,,missing
5feba0f9,282,,unmatched,Comonomer percentage,identity,100.0,,missing
5feba0f9,282,,unmatched,Average functional group per monomer,curator_computed,1.0,,missing
5feba0f9,282,,unmatched,Anion,identity,AsF6,,missing
5feba0f9,282,,unmatched,Li:functional group,identity,0.083333333,,missing
5feba0f9,282,,unmatched,crystalline?,classification,yes,,missing
5feba0f9,282,,unmatched,Conductivity at 25C,conductivity,1.08e-08,,missing
5feba0f9,282,,unmatched,Conductivity at 30C,conductivity,3.69e-08,,missing
5feba0f9,282,,unmatched,Conductivity at 35C,conductivity,1.21e-07,,missing
5feba0f9,282,,unmatched,Conductivity at 40C,conductivity,3.83e-07,,missing
5feba0f9,282,,unmatched,Conductivity at 45C,conductivity,1.17e-06,,missing
5feba0f9,282,,unmatched,Conductivity at 50C,conductivity,3.43e-06,,missing
5feba0f9,282,,unmatched,Conductivity at 55C,conductivity,3.4e-05,,missing
5feba0f9,282,,unmatched,Conductivity at 60C,conductivity,4.98e-05,,missing
5feba0f9,282,,unmatched,Conductivity at 65C,conductivity,7.22e-05,,missing
5feba0f9,282,,unmatched,Conductivity at 70C,conductivity,0.000103451,,missing
5feba0f9,282,,unmatched,Conductivity at 75C,conductivity,0.0001468,,missing
5feba0f9,282,,unmatched,Conductivity at 80C,conductivity,0.000206258,,missing
5feba0f9,282,,unmatched,Conductivity at 85C,conductivity,0.000287059,,missing
5feba0f9,282,,unmatched,Conductivity at 90C,conductivity,0.000395895,,missing
5feba0f9,282,,unmatched,Conductivity at 100C,conductivity,0.000733792,,missing
5feba0f9,282,,unmatched,Conductivity at 110C,conductivity,0.001316972,,missing
5feba0f9,282,,unmatched,Conductivity at 125C,conductivity,0.002996807,,missing
5feba0f9,282,,unmatched,VFT prefactor (S/cm*T^(1/2)),fits,120000000.0,,missing
5feba0f9,282,,unmatched,VFT activation energy (K),fits,8540.0,,missing
5feba0f9,282,,unmatched,VFT T0 (degC),fits,-273.15,,missing
5feba0f9,282,,unmatched,Arrhenius Ea (eV) high T,fits,0.70503,,missing
5feba0f9,282,,unmatched,Arrhenius Ea (eV) low T me,curator_computed,1.9,,missing
5feba0f9,282,,unmatched,Arrhenius prefactor low T me (S/cm),curator_computed,2.3e+24,,missing
5feba0f9,282,,unmatched,Arrhenius Ea (eV),fits,0.72,,missing
5feba0f9,282,,unmatched,Arrhenius prefactor (S/cm),fits,4000000.0,,missing
5feba0f9,282,,unmatched,Polymer Mw (kDa),molecular_weight,900.0,,missing
5feba0f9,282,,unmatched,chain architecture,classification,linear,,missing
5feba0f9,282,,unmatched,Solvent used,processing,acetonitrile,,missing
5feba0f9,282,,unmatched,drying temp,processing,100,,missing
5feba0f9,282,,unmatched,drying time (h),processing,48,,missing
5feba0f9,282,,unmatched,drying vacuum,processing,yes,,missing
5feba0f9,283,,unmatched,Polymer family,classification,ether,,missing
5feba0f9,283,,unmatched,Polymer,identity,PEO,,missing
5feba0f9,283,,unmatched,SMILES descriptor 1,curator_computed,COC,,missing
5feba0f9,283,,unmatched,SMILES descriptor 2,curator_computed,COC,,missing
5feba0f9,283,,unmatched,Comonomer percentage,identity,100.0,,missing
5feba0f9,283,,unmatched,Average functional group per monomer,curator_computed,1.0,,missing
5feba0f9,283,,unmatched,Anion,identity,AsF6,,missing
5feba0f9,283,,unmatched,Li:functional group,identity,0.05,,missing
5feba0f9,283,,unmatched,crystalline?,classification,yes,,missing
5feba0f9,283,,unmatched,Conductivity at 30C,conductivity,5.95e-09,,missing
5feba0f9,283,,unmatched,Conductivity at 35C,conductivity,3.03e-08,,missing
5feba0f9,283,,unmatched,Conductivity at 40C,conductivity,1.46e-07,,missing
5feba0f9,283,,unmatched,Conductivity at 45C,conductivity,6.73e-07,,missing
5feba0f9,283,,unmatched,Conductivity at 50C,conductivity,2.95e-06,,missing
5feba0f9,283,,unmatched,Conductivity at 55C,conductivity,1.24e-05,,missing
5feba0f9,283,,unmatched,Conductivity at 60C,conductivity,0.00024778,,missing
5feba0f9,283,,unmatched,Conductivity at 65C,conductivity,0.000350041,,missing
5feba0f9,283,,unmatched,Conductivity at 70C,conductivity,0.000489552,,missing
5feba0f9,283,,unmatched,Conductivity at 75C,conductivity,0.000678102,,missing
5feba0f9,283,,unmatched,Conductivity at 80C,conductivity,0.000930646,,missing
5feba0f9,283,,unmatched,Conductivity at 85C,conductivity,0.001266003,,missing
5feba0f9,283,,unmatched,Conductivity at 90C,conductivity,0.001707674,,missing
5feba0f9,283,,unmatched,Conductivity at 100C,conductivity,0.003033165,,missing
5feba0f9,283,,unmatched,Conductivity at 110C,conductivity,0.005228341,,missing
5feba0f9,283,,unmatched,VFT prefactor (S/cm*T^(1/2)),fits,110000000.0,,missing
5feba0f9,283,,unmatched,VFT activation energy (K),fits,7960.0,,missing
5feba0f9,283,,unmatched,VFT T0 (degC),fits,-273.15,,missing
5feba0f9,283,,unmatched,Arrhenius Ea (eV) high T,fits,0.62888,,missing
5feba0f9,283,,unmatched,Arrhenius Ea (eV) low T me,curator_computed,2.62,,missing
5feba0f9,283,,unmatched,Arrhenius prefactor low T me (S/cm),curator_computed,2.2e+35,,missing
5feba0f9,283,,unmatched,Arrhenius Ea (eV),fits,0.67,,missing
5feba0f9,283,,unmatched,Arrhenius prefactor (S/cm),fits,3500000.0,,missing
5feba0f9,283,,unmatched,Polymer Mw (kDa),molecular_weight,900.0,,missing
5feba0f9,283,,unmatched,chain architecture,classification,linear,,missing
5feba0f9,283,,unmatched,Solvent used,processing,acetonitrile,,missing
5feba0f9,283,,unmatched,drying temp,processing,100,,missing
5feba0f9,283,,unmatched,drying time (h),processing,48,,missing
5feba0f9,283,,unmatched,drying vacuum,processing,yes,,missing
5feba0f9,284,,unmatched,Polymer family,classification,ether,,missing
5feba0f9,284,,unmatched,Polymer,identity,PEO,,missing
5feba0f9,284,,unmatched,SMILES descriptor 1,curator_computed,COC,,missing
5feba0f9,284,,unmatched,SMILES descriptor 2,curator_computed,COC,,missing
5feba0f9,284,,unmatched,Comonomer percentage,identity,100.0,,missing
5feba0f9,284,,unmatched,Average functional group per monomer,curator_computed,1.0,,missing
5feba0f9,284,,unmatched,Anion,identity,AsF6,,missing
5feba0f9,284,,unmatched,Li:functional group,identity,0.027777778,,missing
5feba0f9,284,,unmatched,crystalline?,classification,yes,,missing
5feba0f9,284,,unmatched,Conductivity at 30C,conductivity,2.55e-09,,missing
5feba0f9,284,,unmatched,Conductivity at 35C,conductivity,1.35e-08,,missing
5feba0f9,284,,unmatched,Conductivity at 40C,conductivity,6.81e-08,,missing
5feba0f9,284,,unmatched,Conductivity at 45C,conductivity,3.26e-07,,missing
5feba0f9,284,,unmatched,Conductivity at 50C,conductivity,1.48e-06,,missing
5feba0f9,284,,unmatched,Conductivity at 55C,conductivity,6.46e-06,,missing
5feba0f9,284,,unmatched,Conductivity at 60C,conductivity,0.0002407,,missing
5feba0f9,284,,unmatched,Conductivity at 65C,conductivity,0.000312807,,missing
5feba0f9,284,,unmatched,Conductivity at 70C,conductivity,0.000403424,,missing
5feba0f9,284,,unmatched,Conductivity at 75C,conductivity,0.000516502,,missing
5feba0f9,284,,unmatched,Conductivity at 80C,conductivity,0.000656667,,missing
5feba0f9,284,,unmatched,Conductivity at 85C,conductivity,0.000829289,,missing
5feba0f9,284,,unmatched,Conductivity at 90C,conductivity,0.001040581,,missing
5feba0f9,284,,unmatched,Conductivity at 100C,conductivity,0.001608759,,missing
5feba0f9,284,,unmatched,Conductivity at 110C,conductivity,0.002431224,,missing
5feba0f9,284,,unmatched,VFT prefactor (S/cm*T^(1/2)),fits,370000.0,,missing
5feba0f9,284,,unmatched,VFT activation energy (K),fits,6082.0,,missing
5feba0f9,284,,unmatched,VFT T0 (degC),fits,-273.15,,missing
5feba0f9,284,,unmatched,Arrhenius Ea (eV) high T,fits,0.47598,,missing
5feba0f9,284,,unmatched,Arrhenius Ea (eV) low T me,curator_computed,2.688,,missing
5feba0f9,284,,unmatched,Arrhenius prefactor low T me (S/cm),curator_computed,1.2e+36,,missing
5feba0f9,284,,unmatched,Arrhenius Ea (eV),fits,0.509,,missing
5feba0f9,284,,unmatched,Arrhenius prefactor (S/cm),fits,12000.0,,missing
5feba0f9,284,,unmatched,Polymer Mw (kDa),molecular_weight,900.0,,missing
5feba0f9,284,,unmatched,chain architecture,classification,linear,,missing
5feba0f9,284,,unmatched,Solvent used,processing,acetonitrile,,missing
5feba0f9,284,,unmatched,drying temp,processing,100,,missing
5feba0f9,284,,unmatched,drying time (h),processing,48,,missing
5feba0f9,284,,unmatched,drying vacuum,processing,yes,,missing
5feba0f9,285,,unmatched,Polymer family,classification,ether,,missing
5feba0f9,285,,unmatched,Polymer,identity,PEO,,missing
5feba0f9,285,,unmatched,SMILES descriptor 1,curator_computed,COC,,missing
5feba0f9,285,,unmatched,SMILES descriptor 2,curator_computed,COC,,missing
5feba0f9,285,,unmatched,Comonomer percentage,identity,100.0,,missing
5feba0f9,285,,unmatched,Average functional group per monomer,curator_computed,1.0,,missing
5feba0f9,285,,unmatched,Anion,identity,AsF6,,missing
5feba0f9,285,,unmatched,Li:functional group,identity,0.01,,missing
5feba0f9,285,,unmatched,crystalline?,classification,yes,,missing
5feba0f9,285,,unmatched,Conductivity at 20C,conductivity,1.61e-08,,missing
5feba0f9,285,,unmatched,Conductivity at 25C,conductivity,4.47e-08,,missing
5feba0f9,285,,unmatched,Conductivity at 30C,conductivity,1.2e-07,,missing
5feba0f9,285,,unmatched,Conductivity at 35C,conductivity,3.11e-07,,missing
5feba0f9,285,,unmatched,Conductivity at 40C,conductivity,7.85e-07,,missing
5feba0f9,285,,unmatched,Conductivity at 45C,conductivity,1.92e-06,,missing
5feba0f9,285,,unmatched,Conductivity at 50C,conductivity,4.58e-06,,missing
5feba0f9,285,,unmatched,Conductivity at 55C,conductivity,1.06e-05,,missing
5feba0f9,285,,unmatched,Conductivity at 60C,conductivity,0.000444073,,missing
5feba0f9,285,,unmatched,Conductivity at 65C,conductivity,0.000524547,,missing
5feba0f9,285,,unmatched,Conductivity at 70C,conductivity,0.000616604,,missing
5feba0f9,285,,unmatched,Conductivity at 75C,conductivity,0.000721458,,missing
5feba0f9,285,,unmatched,Conductivity at 80C,conductivity,0.000840397,,missing
5feba0f9,285,,unmatched,Conductivity at 85C,conductivity,0.000974783,,missing
5feba0f9,285,,unmatched,Conductivity at 90C,conductivity,0.001126049,,missing
5feba0f9,285,,unmatched,Conductivity at 100C,conductivity,0.001485315,,missing
5feba0f9,285,,unmatched,VFT prefactor (S/cm*T^(1/2)),fits,124.0,,missing
5feba0f9,285,,unmatched,VFT activation energy (K),fits,2546.0,,missing
5feba0f9,285,,unmatched,VFT T0 (degC),fits,-204.0,,missing
5feba0f9,285,,unmatched,Arrhenius Ea (eV) high T,fits,0.62336,,missing
5feba0f9,285,,unmatched,Arrhenius Ea (eV) low T me,curator_computed,1.537,,missing
5feba0f9,285,,unmatched,Arrhenius prefactor low T me (S/cm),curator_computed,4.4e+18,,missing
5feba0f9,285,,unmatched,Arrhenius Ea (eV),fits,0.32,,missing
5feba0f9,285,,unmatched,Arrhenius prefactor (S/cm),fits,34.6,,missing
5feba0f9,285,,unmatched,Polymer Mw (kDa),molecular_weight,900.0,,missing
5feba0f9,285,,unmatched,chain architecture,classification,linear,,missing
5feba0f9,285,,unmatched,Solvent used,processing,acetonitrile,,missing
5feba0f9,285,,unmatched,drying temp,processing,100,,missing
5feba0f9,285,,unmatched,drying time (h),processing,48,,missing
5feba0f9,285,,unmatched,drying vacuum,processing,yes,,missing
6ca669ae,506,12,direct,Polymer family,classification,"ether, sulfonyl",amide,wrong
6ca669ae,506,12,direct,Polymer,identity,poly(acrylamide-co-sulfur dioxide),PAAM-SO2 copolymer,wrong
6ca669ae,506,12,direct,SMILES descriptor 1,curator_computed,CC(C(=O)N),NC(=O)C,wrong
6ca669ae,506,12,direct,SMILES descriptor 2,curator_computed,S(=O)O,C=CCO,wrong
6ca669ae,506,12,direct,Comonomer percentage,identity,71.0,,missing
6ca669ae,506,12,direct,Average functional group per monomer,curator_computed,2.0,,missing
6ca669ae,506,12,direct,Anion,identity,ClO4,ClO4,correct
6ca669ae,506,12,direct,Li:monomer,identity,0.1,0.1,correct
6ca669ae,506,12,direct,Li:functional group,identity,0.05,0.1,wrong
6ca669ae,506,12,direct,crystalline?,classification,no,no,correct
6ca669ae,506,12,direct,Conductivity at 15C,conductivity,9.89e-06,,missing
6ca669ae,506,12,direct,Conductivity at 20C,conductivity,1.55e-05,,missing
6ca669ae,506,12,direct,Conductivity at 25C,conductivity,2.3e-05,,missing
6ca669ae,506,12,direct,Conductivity at 30C,conductivity,3.23e-05,,missing
6ca669ae,506,12,direct,Conductivity at 35C,conductivity,4.35e-05,,missing
6ca669ae,506,12,direct,Conductivity at 40C,conductivity,5.68e-05,,missing
6ca669ae,506,12,direct,Conductivity at 45C,conductivity,7.2e-05,,missing
6ca669ae,506,12,direct,Conductivity at 50C,conductivity,8.91e-05,,missing
6ca669ae,506,12,direct,Conductivity at 55C,conductivity,0.000107938,,missing
6ca669ae,506,12,direct,Conductivity at 60C,conductivity,0.000128444,,missing
6ca669ae,506,12,direct,Conductivity at 65C,conductivity,0.000150473,,missing
6ca669ae,506,12,direct,Conductivity at 70C,conductivity,0.000173883,,missing
6ca669ae,506,12,direct,Conductivity at 75C,conductivity,0.000198532,,missing
6ca669ae,506,12,direct,Conductivity at 80C,conductivity,0.000224276,,missing
6ca669ae,506,12,direct,Conductivity at 85C,conductivity,0.000250976,,missing
6ca669ae,506,12,direct,Conductivity at 90C,conductivity,0.000278498,,missing
6ca669ae,506,12,direct,VFT prefactor (S/cm*T^(1/2)),fits,0.1066,,missing
6ca669ae,506,12,direct,VFT activation energy (K),fits,420.4478,,missing
6ca669ae,506,12,direct,VFT T0 (degC),fits,-50.1529,,missing
6ca669ae,506,12,direct,Arrhenius Ea (eV),fits,0.3795,,missing
6ca669ae,506,12,direct,Arrhenius prefactor (S/cm),fits,60.881,,missing
6ca669ae,506,12,direct,chain architecture,classification,linear,,missing
6ca669ae,506,12,direct,Solvent used,processing,acetonitrile,,missing
6ca669ae,506,12,direct,drying vacuum,processing,yes,,missing
6ca669ae,504,10,direct,Polymer family,classification,"ether, sulfonyl",ester,wrong
6ca669ae,504,10,direct,Polymer,identity,poly(allylalcohol-co-sulfur dioxide),PAA-SO2 copolymer,wrong
6ca669ae,504,10,direct,SMILES descriptor 1,curator_computed,CC(CO),CC(=O)OC,wrong
6ca669ae,504,10,direct,SMILES descriptor 2,curator_computed,S(=O)O,C=CCO,wrong
6ca669ae,504,10,direct,Comonomer percentage,identity,50.0,,missing
6ca669ae,504,10,direct,Average functional group per monomer,curator_computed,1.5,,missing
6ca669ae,504,10,direct,Anion,identity,ClO4,ClO4,correct
6ca669ae,504,10,direct,Li:monomer,identity,0.1,0.1,correct
6ca669ae,504,10,direct,Li:functional group,identity,0.066666667,0.1,wrong
6ca669ae,504,10,direct,crystalline?,classification,no,no,correct
6ca669ae,504,10,direct,Conductivity at 15C,conductivity,1.5e-09,,missing
6ca669ae,504,10,direct,Conductivity at 20C,conductivity,2.16e-09,,missing
6ca669ae,504,10,direct,Conductivity at 25C,conductivity,3.09e-09,,missing
6ca669ae,504,10,direct,Conductivity at 30C,conductivity,4.35e-09,,missing
6ca669ae,504,10,direct,Conductivity at 35C,conductivity,6.07e-09,,missing
6ca669ae,504,10,direct,Conductivity at 40C,conductivity,8.37e-09,,missing
6ca669ae,504,10,direct,Conductivity at 45C,conductivity,1.14e-08,,missing
6ca669ae,504,10,direct,Conductivity at 50C,conductivity,1.54e-08,,missing
6ca669ae,504,10,direct,Conductivity at 55C,conductivity,2.07e-08,,missing
6ca669ae,504,10,direct,Conductivity at 60C,conductivity,2.74e-08,,missing
6ca669ae,504,10,direct,Conductivity at 65C,conductivity,3.61e-08,,missing
6ca669ae,504,10,direct,Conductivity at 70C,conductivity,4.71e-08,,missing
6ca669ae,504,10,direct,Conductivity at 75C,conductivity,6.11e-08,,missing
6ca669ae,504,10,direct,Conductivity at 80C,conductivity,7.85e-08,,missing
6ca669ae,504,10,direct,Conductivity at 85C,conductivity,1e-07,,missing
6ca669ae,504,10,direct,Conductivity at 90C,conductivity,1.27e-07,,missing
6ca669ae,504,10,direct,Conductivity at 100C,conductivity,2e-07,,missing
6ca669ae,504,10,direct,VFT prefactor (S/cm*T^(1/2)),fits,96.8087,,missing
6ca669ae,504,10,direct,VFT activation energy (K),fits,6356.5041,,missing
6ca669ae,504,10,direct,VFT T0 (degC),fits,-273.15,,missing
6ca669ae,504,10,direct,Arrhenius Ea (eV),fits,0.5336,,missing
6ca669ae,504,10,direct,Arrhenius prefactor (S/cm),fits,3.2336,,missing
6ca669ae,504,10,direct,chain architecture,classification,linear,,missing
6ca669ae,504,10,direct,Solvent used,processing,acetonitrile,,missing
6ca669ae,504,10,direct,drying vacuum,processing,yes,,missing
6ca669ae,505,11,direct,Polymer family,classification,"ether, sulfonyl",ester,wrong
6ca669ae,505,11,direct,Polymer,identity,poly(vinylacetate-co-sulfur dioxide),PVA-SO2 copolymer,wrong
6ca669ae,505,11,direct,SMILES descriptor 1,curator_computed,CC(OC(=O)C),CC(=O)OC,wrong
6ca669ae,505,11,direct,SMILES descriptor 2,curator_computed,S(=O)O,CC=CC,wrong
6ca669ae,505,11,direct,Comonomer percentage,identity,50.0,,missing
6ca669ae,505,11,direct,Average functional group per monomer,curator_computed,2.0,,missing
6ca669ae,505,11,direct,Anion,identity,ClO4,ClO4,correct
6ca669ae,505,11,direct,Li:monomer,identity,0.1,0.1,correct
6ca669ae,505,11,direct,Li:functional group,identity,0.05,0.1,wrong
6ca669ae,505,11,direct,crystalline?,classification,no,no,correct
6ca669ae,505,11,direct,Conductivity at 15C,conductivity,2.45e-07,,missing
6ca669ae,505,11,direct,Conductivity at 20C,conductivity,3.27e-07,,missing
6ca669ae,505,11,direct,Conductivity at 25C,conductivity,4.31e-07,,missing
6ca669ae,505,11,direct,Conductivity at 30C,conductivity,5.63e-07,,missing
6ca669ae,505,11,direct,Conductivity at 35C,conductivity,7.29e-07,,missing
6ca669ae,505,11,direct,Conductivity at 40C,conductivity,9.36e-07,,missing
6ca669ae,505,11,direct,Conductivity at 45C,conductivity,1.19e-06,,missing
6ca669ae,505,11,direct,Conductivity at 50C,conductivity,1.51e-06,,missing
6ca669ae,505,11,direct,Conductivity at 55C,conductivity,1.89e-06,,missing
6ca669ae,505,11,direct,Conductivity at 60C,conductivity,2.36e-06,,missing
6ca669ae,505,11,direct,Conductivity at 65C,conductivity,2.92e-06,,missing
6ca669ae,505,11,direct,Conductivity at 70C,conductivity,3.6e-06,,missing
6ca669ae,505,11,direct,Conductivity at 75C,conductivity,4.4e-06,,missing
6ca669ae,505,11,direct,Conductivity at 80C,conductivity,5.35e-06,,missing
6ca669ae,505,11,direct,Conductivity at 85C,conductivity,6.47e-06,,missing
6ca669ae,505,11,direct,Conductivity at 90C,conductivity,7.78e-06,,missing
6ca669ae,505,11,direct,Conductivity at 100C,conductivity,1.11e-05,,missing
6ca669ae,505,11,direct,VFT prefactor (S/cm*T^(1/2)),fits,135.8299,,missing
6ca669ae,505,11,direct,VFT activation energy (K),fits,4985.1665,,missing
6ca669ae,505,11,direct,VFT T0 (degC),fits,-273.15,,missing
6ca669ae,505,11,direct,Arrhenius Ea (eV),fits,0.4154,,missing
6ca669ae,505,11,direct,Arrhenius prefactor (S/cm),fits,4.535,,missing
6ca669ae,505,11,direct,chain architecture,classification,linear,,missing
6ca669ae,505,11,direct,Solvent used,processing,acetonitrile,,missing
6ca669ae,505,11,direct,drying vacuum,processing,yes,,missing
6ca669ae,508,13,direct,Polymer family,classification,"ether, sulfonyl",ether,wrong
6ca669ae,508,13,direct,Polymer,identity,poly(ethyleneoxide-co-sulfur dioxide),EO-SO2 copolymer,wrong
6ca669ae,508,13,direct,SMILES descriptor 1,curator_computed,COC,COC,correct
6ca669ae,508,13,direct,SMILES descriptor 2,curator_computed,S(=O)O,C=SO,wrong
6ca669ae,508,13,direct,Comonomer percentage,identity,64.0,,missing
6ca669ae,508,13,direct,Average functional group per monomer,curator_computed,1.0,,missing
6ca669ae,508,13,direct,Anion,identity,BF4,BF4,correct
6ca669ae,508,13,direct,Li:monomer,identity,0.1,0.1,correct
6ca669ae,508,13,direct,Li:functional group,identity,0.1,0.1,correct
6ca669ae,508,13,direct,Tg polymer without salt,thermal,-60.15,,missing
6ca669ae,508,13,direct,Tm,thermal,108.85,,missing
6ca669ae,508,13,direct,crystalline?,classification,yes,no,wrong
6ca669ae,508,13,direct,Conductivity at 20C,conductivity,2.1e-06,,missing
6ca669ae,508,13,direct,Conductivity at 25C,conductivity,2.93e-06,,missing
6ca669ae,508,13,direct,Conductivity at 30C,conductivity,4.05e-06,,missing
6ca669ae,508,13,direct,Conductivity at 35C,conductivity,5.52e-06,,missing
6ca669ae,508,13,direct,Conductivity at 40C,conductivity,7.47e-06,,missing
6ca669ae,508,13,direct,Conductivity at 45C,conductivity,1e-05,,missing
6ca669ae,508,13,direct,Conductivity at 50C,conductivity,1.33e-05,,missing
6ca669ae,508,13,direct,Conductivity at 55C,conductivity,1.75e-05,,missing
6ca669ae,508,13,direct,Conductivity at 60C,conductivity,2.28e-05,,missing
6ca669ae,508,13,direct,Conductivity at 65C,conductivity,2.95e-05,,missing
6ca669ae,508,13,direct,Conductivity at 70C,conductivity,3.79e-05,,missing
6ca669ae,508,13,direct,Conductivity at 75C,conductivity,4.83e-05,,missing
6ca669ae,508,13,direct,Conductivity at 80C,conductivity,6.11e-05,,missing
6ca669ae,508,13,direct,Conductivity at 85C,conductivity,7.68e-05,,missing
6ca669ae,508,13,direct,Conductivity at 90C,conductivity,9.6e-05,,missing
6ca669ae,508,13,direct,Conductivity at 100C,conductivity,0.000147245,,missing
6ca669ae,508,13,direct,VFT prefactor (S/cm*T^(1/2)),fits,25710.6082,,missing
6ca669ae,508,13,direct,VFT activation energy (K),fits,5976.7745,,missing
6ca669ae,508,13,direct,VFT T0 (degC),fits,-273.15,,missing
6ca669ae,508,13,direct,VFT prefactor with set T0,fits,1.077,,missing
6ca669ae,508,13,direct,VFT activation energy with fixed T0 (K),fits,1189.172,,missing
6ca669ae,508,13,direct,Fixed T0 (degC),fits,-94.15,,missing
6ca669ae,508,13,direct,Arrhenius Ea (eV),fits,0.5008,,missing
6ca669ae,508,13,direct,Arrhenius prefactor (S/cm),fits,858.1019,,missing
6ca669ae,508,13,direct,chain architecture,classification,linear,random,wrong
6ca669ae,508,13,direct,Solvent used,processing,acetonitrile,,missing
6ca669ae,508,13,direct,drying vacuum,processing,yes,,missing
6ca669ae,507,14,direct,Polymer family,classification,"ether, sulfonyl",ether,wrong
6ca669ae,507,14,direct,Polymer,identity,poly(ethyleneoxide-co-sulfur dioxide),EO-SO2 copolymer,wrong
6ca669ae,507,14,direct,SMILES descriptor 1,curator_computed,COC,COC,correct
6ca669ae,507,14,direct,SMILES descriptor 2,curator_computed,S(=O)O,C=SO,wrong
6ca669ae,507,14,direct,Comonomer percentage,identity,64.0,,missing
6ca669ae,507,14,direct,Average functional group per monomer,curator_computed,1.0,,missing
6ca669ae,507,14,direct,Anion,identity,ClO4,ClO4,correct
6ca669ae,507,14,direct,Li:monomer,identity,0.1,0.1,correct
6ca669ae,507,14,direct,Li:functional group,identity,0.1,0.1,correct
6ca669ae,507,14,direct,Tg,thermal,-44.15,,missing
6ca669ae,507,14,direct,Tg polymer without salt,thermal,-60.15,,missing
6ca669ae,507,14,direct,Tm,thermal,108.85,,missing
6ca669ae,507,14,direct,crystalline?,classification,yes,no,wrong
6ca669ae,507,14,direct,Conductivity at 20C,conductivity,5.39e-06,,missing
6ca669ae,507,14,direct,Conductivity at 25C,conductivity,8.86e-06,,missing
6ca669ae,507,14,direct,Conductivity at 30C,conductivity,1.38e-05,,missing
6ca669ae,507,14,direct,Conductivity at 35C,conductivity,2.06e-05,,missing
6ca669ae,507,14,direct,Conductivity at 40C,conductivity,2.97e-05,,missing
6ca669ae,507,14,direct,Conductivity at 45C,conductivity,4.12e-05,,missing
6ca669ae,507,14,direct,Conductivity at 50C,conductivity,5.57e-05,,missing
6ca669ae,507,14,direct,Conductivity at 55C,conductivity,7.33e-05,,missing
6ca669ae,507,14,direct,Conductivity at 60C,conductivity,9.44e-05,,missing
6ca669ae,507,14,direct,Conductivity at 65C,conductivity,0.000119162,,missing
6ca669ae,507,14,direct,Conductivity at 70C,conductivity,0.000147853,,missing
6ca669ae,507,14,direct,VFT prefactor (S/cm*T^(1/2)),fits,0.9701,,missing
6ca669ae,507,14,direct,VFT activation energy (K),fits,801.6236,,missing
6ca669ae,507,14,direct,VFT T0 (degC),fits,-66.5666,,missing
6ca669ae,507,14,direct,VFT prefactor with set T0,fits,7.031,,missing
6ca669ae,507,14,direct,VFT activation energy with fixed T0 (K),fits,1279.7943,,missing
6ca669ae,507,14,direct,Fixed T0 (degC),fits,-94.15,,missing
6ca669ae,507,14,direct,Arrhenius Ea (eV),fits,0.5853,,missing
6ca669ae,507,14,direct,Arrhenius prefactor (S/cm),fits,69226.3548,,missing
6ca669ae,507,14,direct,chain architecture,classification,linear,random,wrong
6ca669ae,507,14,direct,Solvent used,processing,acetonitrile,,missing
6ca669ae,507,14,direct,drying vacuum,processing,yes,,missing
6ca669ae,496,3,rank,Polymer family,classification,ether,ether,correct
6ca669ae,496,3,rank,Polymer,identity,poly(ethyleneoxide-co-propyleneoxide),EO-PO copolymer,wrong
6ca669ae,496,3,rank,SMILES descriptor 1,curator_computed,COC,COC,correct
6ca669ae,496,3,rank,SMILES descriptor 2,curator_computed,C(C)OC,CCO,wrong
6ca669ae,496,3,rank,Comonomer percentage,identity,84.0,16.0,wrong
6ca669ae,496,3,rank,Average functional group per monomer,curator_computed,1.0,1.0,correct
6ca669ae,496,3,rank,Anion,identity,BF4,BF4,correct
6ca669ae,496,3,rank,Li:monomer,identity,0.01912,0.0,wrong
6ca669ae,496,3,rank,Li:functional group,identity,0.01912,0.0,wrong
6ca669ae,496,3,rank,Tg,thermal,-57.15,216.0,wrong
6ca669ae,496,3,rank,Tg polymer without salt,thermal,-73.15,200.0,wrong
6ca669ae,496,3,rank,Tm,thermal,39.85,311,wrong
6ca669ae,496,3,rank,Tm start,thermal,,311.0,extra
6ca669ae,496,3,rank,Tm end,thermal,,311.0,extra
6ca669ae,496,3,rank,crystalline?,classification,yes,yes,correct
6ca669ae,496,3,rank,Conductivity at 15C,conductivity,1.91e-05,,missing
6ca669ae,496,3,rank,Conductivity at 30C,conductivity,3.24e-05,,missing
6ca669ae,496,3,rank,chain architecture,classification,linear,random,wrong
6ca669ae,496,3,rank,Solvent used,processing,acetonitrile,acetonitrile,correct
6ca669ae,496,3,rank,drying temp,processing,100,,missing
6ca669ae,496,3,rank,drying time (h),processing,8,,missing
6ca669ae,496,3,rank,drying vacuum,processing,yes,yes,correct
6ca669ae,497,4,rank,Polymer family,classification,ether,ether,correct
6ca669ae,497,4,rank,Polymer,identity,poly(ethyleneoxide-co-propyleneoxide),EO-PO copolymer,wrong
6ca669ae,497,4,rank,SMILES descriptor 1,curator_computed,COC,COC,correct
6ca669ae,497,4,rank,SMILES descriptor 2,curator_computed,C(C)OC,CCO,wrong
6ca669ae,497,4,rank,Comonomer percentage,identity,84.0,16.0,wrong
6ca669ae,497,4,rank,Average functional group per monomer,curator_computed,1.0,1.0,correct
6ca669ae,497,4,rank,Anion,identity,BF4,BF4,correct
6ca669ae,497,4,rank,Li:monomer,identity,0.035615,0.0,wrong
6ca669ae,497,4,rank,Li:functional group,identity,0.035615,0.0,wrong
6ca669ae,497,4,rank,Tg,thermal,-57.15,216.0,wrong
6ca669ae,497,4,rank,Tg polymer without salt,thermal,-73.15,200.0,wrong
6ca669ae,497,4,rank,Tm,thermal,37.85,311,wrong
6ca669ae,497,4,rank,Tm start,thermal,,311.0,extra
6ca669ae,497,4,rank,Tm end,thermal,,311.0,extra
6ca669ae,497,4,rank,crystalline?,classification,yes,yes,correct
6ca669ae,497,4,rank,Conductivity at 15C,conductivity,3.64e-05,,missing
6ca669ae,497,4,rank,Conductivity at 30C,conductivity,8.61e-05,,missing
6ca669ae,497,4,rank,chain architecture,classification,linear,random,wrong
6ca669ae,497,4,rank,Solvent used,processing,acetonitrile,acetonitrile,correct
6ca669ae,497,4,rank,drying temp,processing,100,,missing
6ca669ae,497,4,rank,drying time (h),processing,8,,missing
6ca669ae,497,4,rank,drying vacuum,processing,yes,yes,correct
6ca669ae,502,9,rank,Polymer family,classification,ether,ether,correct
6ca669ae,502,9,rank,Polymer,identity,poly(ethyleneoxide-co-propyleneoxide),EO-PO copolymer,wrong
6ca669ae,502,9,rank,SMILES descriptor 1,curator_computed,COC,COC,correct
6ca669ae,502,9,rank,SMILES descriptor 2,curator_computed,C(C)OC,CCO,wrong
6ca669ae,502,9,rank,Comonomer percentage,identity,84.0,16.0,wrong
6ca669ae,502,9,rank,Average functional group per monomer,curator_computed,1.0,1.0,correct
6ca669ae,502,9,rank,Anion,identity,BF4,BF4,correct
6ca669ae,502,9,rank,Li:monomer,identity,0.25765,0.0,wrong
6ca669ae,502,9,rank,Li:functional group,identity,0.25765,0.0,wrong
6ca669ae,502,9,rank,Tg,thermal,-58.15,215.0,wrong
6ca669ae,502,9,rank,Tg polymer without salt,thermal,-73.15,200.0,wrong
6ca669ae,502,9,rank,Tm,thermal,,none,extra
6ca669ae,502,9,rank,crystalline?,classification,no,no,correct
6ca669ae,502,9,rank,Conductivity at 15C,conductivity,3.37e-06,,missing
6ca669ae,502,9,rank,Conductivity at 30C,conductivity,1.29e-05,,missing
6ca669ae,502,9,rank,chain architecture,classification,linear,random,wrong
6ca669ae,502,9,rank,Solvent used,processing,acetonitrile,acetonitrile,correct
6ca669ae,502,9,rank,drying temp,processing,100,,missing
6ca669ae,502,9,rank,drying time (h),processing,8,,missing
6ca669ae,502,9,rank,drying vacuum,processing,yes,yes,correct
6ca669ae,498,5,rank,Polymer family,classification,ether,ether,correct
6ca669ae,498,5,rank,Polymer,identity,poly(ethyleneoxide-co-propyleneoxide),EO-PO copolymer,wrong
6ca669ae,498,5,rank,SMILES descriptor 1,curator_computed,COC,COC,correct
6ca669ae,498,5,rank,SMILES descriptor 2,curator_computed,C(C)OC,CCO,wrong
6ca669ae,498,5,rank,Comonomer percentage,identity,84.0,16.0,wrong
6ca669ae,498,5,rank,Average functional group per monomer,curator_computed,1.0,1.0,correct
6ca669ae,498,5,rank,Anion,identity,BF4,BF4,correct
6ca669ae,498,5,rank,Li:monomer,identity,0.05218,0.0,wrong
6ca669ae,498,5,rank,Li:functional group,identity,0.05218,0.0,wrong
6ca669ae,498,5,rank,Tg,thermal,-65.15,208.0,wrong
6ca669ae,498,5,rank,Tg polymer without salt,thermal,-73.15,200.0,wrong
6ca669ae,498,5,rank,Tm,thermal,32.85,306,wrong
6ca669ae,498,5,rank,Tm start,thermal,,306.0,extra
6ca669ae,498,5,rank,Tm end,thermal,,306.0,extra
6ca669ae,498,5,rank,crystalline?,classification,yes,yes,correct
6ca669ae,498,5,rank,Conductivity at 15C,conductivity,5.51e-05,,missing
6ca669ae,498,5,rank,Conductivity at 30C,conductivity,0.000120226,,missing
6ca669ae,498,5,rank,chain architecture,classification,linear,random,wrong
6ca669ae,498,5,rank,Solvent used,processing,acetonitrile,acetonitrile,correct
6ca669ae,498,5,rank,drying temp,processing,100,,missing
6ca669ae,498,5,rank,drying time (h),processing,8,,missing
6ca669ae,498,5,rank,drying vacuum,processing,yes,yes,correct
6ca669ae,501,8,rank,Polymer family,classification,ether,ether,correct
6ca669ae,501,8,rank,Polymer,identity,poly(ethyleneoxide-co-propyleneoxide),EO-PO copolymer,wrong
6ca669ae,501,8,rank,SMILES descriptor 1,curator_computed,COC,COC,correct
6ca669ae,501,8,rank,SMILES descriptor 2,curator_computed,C(C)OC,CCO,wrong
6ca669ae,501,8,rank,Comonomer percentage,identity,84.0,16.0,wrong
6ca669ae,501,8,rank,Average functional group per monomer,curator_computed,1.0,1.0,correct
6ca669ae,501,8,rank,Anion,identity,BF4,BF4,correct
6ca669ae,501,8,rank,Li:monomer,identity,0.2021,0.0,wrong
6ca669ae,501,8,rank,Li:functional group,identity,0.2021,0.0,wrong
6ca669ae,501,8,rank,Tg,thermal,-59.15,214.0,wrong
6ca669ae,501,8,rank,Tg polymer without salt,thermal,-73.15,200.0,wrong
6ca669ae,501,8,rank,Tm,thermal,,none,extra
6ca669ae,501,8,rank,crystalline?,classification,no,no,correct
6ca669ae,501,8,rank,Conductivity at 15C,conductivity,5.52e-06,,missing
6ca669ae,501,8,rank,Conductivity at 30C,conductivity,8.85e-06,,missing
6ca669ae,501,8,rank,chain architecture,classification,linear,random,wrong
6ca669ae,501,8,rank,Solvent used,processing,acetonitrile,acetonitrile,correct
6ca669ae,501,8,rank,drying temp,processing,100,,missing
6ca669ae,501,8,rank,drying time (h),processing,8,,missing
6ca669ae,501,8,rank,drying vacuum,processing,yes,yes,correct
6ca669ae,500,7,rank,Polymer family,classification,ether,ether,correct
6ca669ae,500,7,rank,Polymer,identity,poly(ethyleneoxide-co-propyleneoxide),EO-PO copolymer,wrong
6ca669ae,500,7,rank,SMILES descriptor 1,curator_computed,COC,COC,correct
6ca669ae,500,7,rank,SMILES descriptor 2,curator_computed,C(C)OC,CCO,wrong
6ca669ae,500,7,rank,Comonomer percentage,identity,84.0,16.0,wrong
6ca669ae,500,7,rank,Average functional group per monomer,curator_computed,1.0,1.0,correct
6ca669ae,500,7,rank,Anion,identity,BF4,BF4,correct
6ca669ae,500,7,rank,Li:monomer,identity,0.15585,0.0,wrong
6ca669ae,500,7,rank,Li:functional group,identity,0.15585,0.0,wrong
6ca669ae,500,7,rank,Tg,thermal,-56.15,217.0,wrong
6ca669ae,500,7,rank,Tg polymer without salt,thermal,-73.15,200.0,wrong
6ca669ae,500,7,rank,Tm,thermal,,none,extra
6ca669ae,500,7,rank,crystalline?,classification,no,no,correct
6ca669ae,500,7,rank,Conductivity at 15C,conductivity,3.68e-06,,missing
6ca669ae,500,7,rank,Conductivity at 30C,conductivity,9.23e-06,,missing
6ca669ae,500,7,rank,chain architecture,classification,linear,random,wrong
6ca669ae,500,7,rank,Solvent used,processing,acetonitrile,acetonitrile,correct
6ca669ae,500,7,rank,drying temp,processing,100,,missing
6ca669ae,500,7,rank,drying time (h),processing,8,,missing
6ca669ae,500,7,rank,drying vacuum,processing,yes,yes,correct
6ca669ae,499,6,rank,Polymer family,classification,ether,ether,correct
6ca669ae,499,6,rank,Polymer,identity,poly(ethyleneoxide-co-propyleneoxide),EO-PO copolymer,wrong
6ca669ae,499,6,rank,SMILES descriptor 1,curator_computed,COC,COC,correct
6ca669ae,499,6,rank,SMILES descriptor 2,curator_computed,C(C)OC,CCO,wrong
6ca669ae,499,6,rank,Comonomer percentage,identity,84.0,16.0,wrong
6ca669ae,499,6,rank,Average functional group per monomer,curator_computed,1.0,1.0,correct
6ca669ae,499,6,rank,Anion,identity,BF4,BF4,correct
6ca669ae,499,6,rank,Li:monomer,identity,0.10465,0.0,wrong
6ca669ae,499,6,rank,Li:functional group,identity,0.10465,0.0,wrong
6ca669ae,499,6,rank,Tg,thermal,-65.15,208.0,wrong
6ca669ae,499,6,rank,Tg polymer without salt,thermal,-73.15,200.0,wrong
6ca669ae,499,6,rank,Tm,thermal,35.85,309,wrong
6ca669ae,499,6,rank,Tm start,thermal,,309.0,extra
6ca669ae,499,6,rank,Tm end,thermal,,309.0,extra
6ca669ae,499,6,rank,crystalline?,classification,yes,yes,correct
6ca669ae,499,6,rank,Conductivity at 15C,conductivity,2.37e-05,,missing
6ca669ae,499,6,rank,Conductivity at 30C,conductivity,5.33e-05,,missing
6ca669ae,499,6,rank,chain architecture,classification,linear,random,wrong
6ca669ae,499,6,rank,Solvent used,processing,acetonitrile,acetonitrile,correct
6ca669ae,499,6,rank,drying temp,processing,100,,missing
6ca669ae,499,6,rank,drying time (h),processing,8,,missing
6ca669ae,499,6,rank,drying vacuum,processing,yes,yes,correct
6ca669ae,503,,unmatched,Polymer family,classification,ether,,missing
6ca669ae,503,,unmatched,Polymer,identity,poly(ethyleneoxide-co-propyleneoxide),,missing
6ca669ae,503,,unmatched,SMILES descriptor 1,curator_computed,COC,,missing
6ca669ae,503,,unmatched,SMILES descriptor 2,curator_computed,C(C)OC,,missing
6ca669ae,503,,unmatched,Comonomer percentage,identity,84.0,,missing
6ca669ae,503,,unmatched,Average functional group per monomer,curator_computed,1.0,,missing
6ca669ae,503,,unmatched,Anion,identity,BF4,,missing
6ca669ae,503,,unmatched,Li:monomer,identity,0.502,,missing
6ca669ae,503,,unmatched,Li:functional group,identity,0.502,,missing
6ca669ae,503,,unmatched,Tg polymer without salt,thermal,-73.15,,missing
6ca669ae,503,,unmatched,crystalline?,classification,no,,missing
6ca669ae,503,,unmatched,Conductivity at 15C,conductivity,4.44e-07,,missing
6ca669ae,503,,unmatched,Conductivity at 30C,conductivity,1.21e-06,,missing
6ca669ae,503,,unmatched,chain architecture,classification,linear,,missing
6ca669ae,503,,unmatched,Solvent used,processing,acetonitrile,,missing
6ca669ae,503,,unmatched,drying temp,processing,100,,missing
6ca669ae,503,,unmatched,drying time (h),processing,8,,missing
6ca669ae,503,,unmatched,drying vacuum,processing,yes,,missing
bdf71b01,491,,unmatched,Polymer family,classification,ether,,missing
bdf71b01,491,,unmatched,Polymer,identity,poly(ethyleneoxide-co-methyleneoxide),,missing
bdf71b01,491,,unmatched,SMILES descriptor 1,curator_computed,COC,,missing
bdf71b01,491,,unmatched,SMILES descriptor 2,curator_computed,CO,,missing
bdf71b01,491,,unmatched,Comonomer percentage,identity,90.0,,missing
bdf71b01,491,,unmatched,Average functional group per monomer,curator_computed,1.0,,missing
bdf71b01,491,,unmatched,Anion,identity,ClO4,,missing
bdf71b01,491,,unmatched,Li:functional group,identity,0.015818571,,missing
bdf71b01,491,,unmatched,crystalline?,classification,no,,missing
bdf71b01,491,,unmatched,Conductivity at 20C,conductivity,1.75e-07,,missing
bdf71b01,491,,unmatched,Conductivity at 25C,conductivity,5.86e-07,,missing
bdf71b01,491,,unmatched,Conductivity at 30C,conductivity,1.42e-06,,missing
bdf71b01,491,,unmatched,Conductivity at 35C,conductivity,3.91e-06,,missing
bdf71b01,491,,unmatched,Conductivity at 40C,conductivity,1.26e-05,,missing
bdf71b01,491,,unmatched,Conductivity at 45C,conductivity,2.15e-05,,missing
bdf71b01,491,,unmatched,Conductivity at 50C,conductivity,3.84e-05,,missing
bdf71b01,491,,unmatched,VFT prefactor (S/cm*T^(1/2)),fits,1069.6796,,missing
bdf71b01,491,,unmatched,VFT activation energy (K),fits,1506.8564,,missing
bdf71b01,491,,unmatched,VFT T0 (degC),fits,-56.42,,missing
bdf71b01,491,,unmatched,Arrhenius Ea (eV),fits,1.4936,,missing
bdf71b01,491,,unmatched,Arrhenius prefactor (S/cm),fits,9.85e+18,,missing
bdf71b01,491,,unmatched,Polymer Mn (kDa),molecular_weight,255.942,,missing
bdf71b01,491,,unmatched,chain architecture,classification,linear,,missing
bdf71b01,491,,unmatched,Solvent used,processing,acetonitrile,,missing
bdf71b01,491,,unmatched,drying temp,processing,80,,missing
bdf71b01,491,,unmatched,drying time (h),processing,24,,missing
bdf71b01,491,,unmatched,drying vacuum,processing,yes,,missing
bdf71b01,492,,unmatched,Polymer family,classification,ether,,missing
bdf71b01,492,,unmatched,Polymer,identity,poly(ethyleneoxide-co-methyleneoxide),,missing
bdf71b01,492,,unmatched,SMILES descriptor 1,curator_computed,COC,,missing
bdf71b01,492,,unmatched,SMILES descriptor 2,curator_computed,CO,,missing
bdf71b01,492,,unmatched,Comonomer percentage,identity,90.0,,missing
bdf71b01,492,,unmatched,Average functional group per monomer,curator_computed,1.0,,missing
bdf71b01,492,,unmatched,Anion,identity,ClO4,,missing
bdf71b01,492,,unmatched,Li:functional group,identity,0.041708571,,missing
bdf71b01,492,,unmatched,crystalline?,classification,no,,missing
bdf71b01,492,,unmatched,Conductivity at 20C,conductivity,1.47e-05,,missing
bdf71b01,492,,unmatched,Conductivity at 25C,conductivity,3.07e-05,,missing
bdf71b01,492,,unmatched,Conductivity at 30C,conductivity,6.24e-05,,missing
bdf71b01,492,,unmatched,Conductivity at 35C,conductivity,9.89e-05,,missing
bdf71b01,492,,unmatched,Conductivity at 40C,conductivity,0.000156675,,missing
bdf71b01,492,,unmatched,Conductivity at 45C,conductivity,0.000214289,,missing
bdf71b01,492,,unmatched,Conductivity at 50C,conductivity,0.000295801,,missing
bdf71b01,492,,unmatched,VFT prefactor (S/cm*T^(1/2)),fits,0.2791,,missing
bdf71b01,492,,unmatched,VFT activation energy (K),fits,272.5185,,missing
bdf71b01,492,,unmatched,VFT T0 (degC),fits,-18.8,,missing
bdf71b01,492,,unmatched,Arrhenius Ea (eV),fits,0.8092,,missing
bdf71b01,492,,unmatched,Arrhenius prefactor (S/cm),fits,1474667378.0,,missing
bdf71b01,492,,unmatched,Polymer Mn (kDa),molecular_weight,255.942,,missing
bdf71b01,492,,unmatched,chain architecture,classification,linear,,missing
bdf71b01,492,,unmatched,Solvent used,processing,acetonitrile,,missing
bdf71b01,492,,unmatched,drying temp,processing,80,,missing
bdf71b01,492,,unmatched,drying time (h),processing,24,,missing
bdf71b01,492,,unmatched,drying vacuum,processing,yes,,missing
bdf71b01,493,,unmatched,Polymer family,classification,ether,,missing
bdf71b01,493,,unmatched,Polymer,identity,poly(ethyleneoxide-co-methyleneoxide),,missing
bdf71b01,493,,unmatched,SMILES descriptor 1,curator_computed,COC,,missing
bdf71b01,493,,unmatched,SMILES descriptor 2,curator_computed,CO,,missing
bdf71b01,493,,unmatched,Comonomer percentage,identity,90.0,,missing
bdf71b01,493,,unmatched,Average functional group per monomer,curator_computed,1.0,,missing
bdf71b01,493,,unmatched,Anion,identity,ClO4,,missing
bdf71b01,493,,unmatched,Li:functional group,identity,0.062875714,,missing
bdf71b01,493,,unmatched,crystalline?,classification,no,,missing
bdf71b01,493,,unmatched,Conductivity at 20C,conductivity,5.13e-06,,missing
bdf71b01,493,,unmatched,Conductivity at 25C,conductivity,1.19e-05,,missing
bdf71b01,493,,unmatched,Conductivity at 30C,conductivity,3.06e-05,,missing
bdf71b01,493,,unmatched,Conductivity at 35C,conductivity,5.57e-05,,missing
bdf71b01,493,,unmatched,Conductivity at 40C,conductivity,0.000101391,,missing
bdf71b01,493,,unmatched,Conductivity at 45C,conductivity,0.000150661,,missing
bdf71b01,493,,unmatched,Conductivity at 50C,conductivity,0.00020797,,missing
bdf71b01,493,,unmatched,VFT prefactor (S/cm*T^(1/2)),fits,0.5658,,missing
bdf71b01,493,,unmatched,VFT activation energy (K),fits,341.8641,,missing
bdf71b01,493,,unmatched,VFT T0 (degC),fits,-18.8,,missing
bdf71b01,493,,unmatched,Arrhenius Ea (eV),fits,1.0187,,missing
bdf71b01,493,,unmatched,Arrhenius prefactor (S/cm),fits,2110000000000.0,,missing
bdf71b01,493,,unmatched,Polymer Mn (kDa),molecular_weight,255.942,,missing
bdf71b01,493,,unmatched,chain architecture,classification,linear,,missing
bdf71b01,493,,unmatched,Solvent used,processing,acetonitrile,,missing
bdf71b01,493,,unmatched,drying temp,processing,80,,missing
bdf71b01,493,,unmatched,drying time (h),processing,24,,missing
bdf71b01,493,,unmatched,drying vacuum,processing,yes,,missing
bdf71b01,494,,unmatched,Polymer family,classification,ether,,missing
bdf71b01,494,,unmatched,Polymer,identity,poly(ethyleneoxide-co-methyleneoxide),,missing
bdf71b01,494,,unmatched,SMILES descriptor 1,curator_computed,COC,,missing
bdf71b01,494,,unmatched,SMILES descriptor 2,curator_computed,CO,,missing
bdf71b01,494,,unmatched,Comonomer percentage,identity,90.0,,missing
bdf71b01,494,,unmatched,Average functional group per monomer,curator_computed,1.0,,missing
bdf71b01,494,,unmatched,Anion,identity,ClO4,,missing
bdf71b01,494,,unmatched,Li:functional group,identity,0.083492857,,missing
bdf71b01,494,,unmatched,crystalline?,classification,no,,missing
bdf71b01,494,,unmatched,Conductivity at 20C,conductivity,1.37e-06,,missing
bdf71b01,494,,unmatched,Conductivity at 25C,conductivity,3.23e-06,,missing
bdf71b01,494,,unmatched,Conductivity at 30C,conductivity,8.89e-06,,missing
bdf71b01,494,,unmatched,Conductivity at 35C,conductivity,1.95e-05,,missing
bdf71b01,494,,unmatched,Conductivity at 40C,conductivity,4.46e-05,,missing
bdf71b01,494,,unmatched,Conductivity at 45C,conductivity,7.96e-05,,missing
bdf71b01,494,,unmatched,Conductivity at 50C,conductivity,0.000110917,,missing
bdf71b01,494,,unmatched,VFT prefactor (S/cm*T^(1/2)),fits,28.806,,missing
bdf71b01,494,,unmatched,VFT activation energy (K),fits,862.8664,,missing
bdf71b01,494,,unmatched,VFT T0 (degC),fits,-41.2,,missing
bdf71b01,494,,unmatched,Arrhenius Ea (eV),fits,1.2403,,missing
bdf71b01,494,,unmatched,Arrhenius prefactor (S/cm),fits,3300000000000000.0,,missing
bdf71b01,494,,unmatched,Polymer Mn (kDa),molecular_weight,255.942,,missing
bdf71b01,494,,unmatched,chain architecture,classification,linear,,missing
bdf71b01,494,,unmatched,Solvent used,processing,acetonitrile,,missing
bdf71b01,494,,unmatched,drying temp,processing,80,,missing
bdf71b01,494,,unmatched,drying time (h),processing,24,,missing
bdf71b01,494,,unmatched,drying vacuum,processing,yes,,missing
bdf71b01,495,,unmatched,Polymer family,classification,ether,,missing
bdf71b01,495,,unmatched,Polymer,identity,poly(ethyleneoxide-co-methyleneoxide),,missing
bdf71b01,495,,unmatched,SMILES descriptor 1,curator_computed,COC,,missing
bdf71b01,495,,unmatched,SMILES descriptor 2,curator_computed,CO,,missing
bdf71b01,495,,unmatched,Comonomer percentage,identity,90.0,,missing
bdf71b01,495,,unmatched,Average functional group per monomer,curator_computed,1.0,,missing
bdf71b01,495,,unmatched,Anion,identity,ClO4,,missing
bdf71b01,495,,unmatched,Li:functional group,identity,0.125,,missing
bdf71b01,495,,unmatched,crystalline?,classification,no,,missing
bdf71b01,495,,unmatched,Conductivity at 20C,conductivity,4.45e-07,,missing
bdf71b01,495,,unmatched,Conductivity at 25C,conductivity,9.55e-07,,missing
bdf71b01,495,,unmatched,Conductivity at 30C,conductivity,4.06e-06,,missing
bdf71b01,495,,unmatched,Conductivity at 35C,conductivity,9.55e-06,,missing
bdf71b01,495,,unmatched,Conductivity at 40C,conductivity,2.11e-05,,missing
bdf71b01,495,,unmatched,Conductivity at 45C,conductivity,3.94e-05,,missing
bdf71b01,495,,unmatched,Conductivity at 50C,conductivity,7.73e-05,,missing
bdf71b01,495,,unmatched,VFT prefactor (S/cm*T^(1/2)),fits,393.2869,,missing
bdf71b01,495,,unmatched,VFT activation energy (K),fits,1256.1342,,missing
bdf71b01,495,,unmatched,VFT T0 (degC),fits,-50.2,,missing
bdf71b01,495,,unmatched,Arrhenius Ea (eV),fits,1.4363,,missing
bdf71b01,495,,unmatched,Arrhenius prefactor (S/cm),fits,2.38e+18,,missing
bdf71b01,495,,unmatched,Polymer Mn (kDa),molecular_weight,255.942,,missing
bdf71b01,495,,unmatched,chain architecture,classification,linear,,missing
bdf71b01,495,,unmatched,Solvent used,processing,acetonitrile,,missing
bdf71b01,495,,unmatched,drying temp,processing,80,,missing
bdf71b01,495,,unmatched,drying time (h),processing,24,,missing
bdf71b01,495,,unmatched,drying vacuum,processing,yes,,missing
f3d2d4b6,286,,unmatched,Polymer family,classification,ether,,missing
f3d2d4b6,286,,unmatched,Polymer,identity,PEO,,missing
f3d2d4b6,286,,unmatched,SMILES descriptor 1,curator_computed,COC,,missing
f3d2d4b6,286,,unmatched,SMILES descriptor 2,curator_computed,COC,,missing
f3d2d4b6,286,,unmatched,Comonomer percentage,identity,100.0,,missing
f3d2d4b6,286,,unmatched,Average functional group per monomer,curator_computed,1.0,,missing
f3d2d4b6,286,,unmatched,Anion,identity,CF3SO3,,missing
f3d2d4b6,286,,unmatched,Li:functional group,identity,0.125,,missing
f3d2d4b6,286,,unmatched,crystalline?,classification,yes,,missing
f3d2d4b6,286,,unmatched,Conductivity at 85C,conductivity,2.44e-05,,missing
f3d2d4b6,286,,unmatched,Conductivity at 125C,conductivity,0.0002162,,missing
f3d2d4b6,286,,unmatched,Arrhenius Ea (eV) high T,fits,0.63322,,missing
f3d2d4b6,286,,unmatched,Polymer Mw (kDa),molecular_weight,1000.0,,missing
f3d2d4b6,286,,unmatched,chain architecture,classification,linear,,missing
f3d2d4b6,286,,unmatched,Solvent used,processing,acetonitrile,,missing
f3d2d4b6,286,,unmatched,drying vacuum,processing,none,,missing
f3d2d4b6,287,,unmatched,Polymer family,classification,ether,,missing
f3d2d4b6,287,,unmatched,Polymer,identity,PEO,,missing
f3d2d4b6,287,,unmatched,SMILES descriptor 1,curator_computed,COC,,missing
f3d2d4b6,287,,unmatched,SMILES descriptor 2,curator_computed,COC,,missing
f3d2d4b6,287,,unmatched,Comonomer percentage,identity,100.0,,missing
f3d2d4b6,287,,unmatched,Average functional group per monomer,curator_computed,1.0,,missing
f3d2d4b6,287,,unmatched,Anion,identity,CF3SO3,,missing
f3d2d4b6,287,,unmatched,Li:functional group,identity,0.083333333,,missing
f3d2d4b6,287,,unmatched,crystalline?,classification,yes,,missing
f3d2d4b6,287,,unmatched,Conductivity at 85C,conductivity,3.82e-05,,missing
f3d2d4b6,287,,unmatched,Conductivity at 125C,conductivity,0.00034712,,missing
f3d2d4b6,287,,unmatched,Arrhenius Ea (eV) high T,fits,0.66075,,missing
f3d2d4b6,287,,unmatched,Polymer Mw (kDa),molecular_weight,1000.0,,missing
f3d2d4b6,287,,unmatched,chain architecture,classification,linear,,missing
f3d2d4b6,287,,unmatched,Solvent used,processing,acetonitrile,,missing
f3d2d4b6,287,,unmatched,drying vacuum,processing,none,,missing
f3d2d4b6,288,,unmatched,Polymer family,classification,ether,,missing
f3d2d4b6,288,,unmatched,Polymer,identity,PEO,,missing
f3d2d4b6,288,,unmatched,SMILES descriptor 1,curator_computed,COC,,missing
f3d2d4b6,288,,unmatched,SMILES descriptor 2,curator_computed,COC,,missing
f3d2d4b6,288,,unmatched,Comonomer percentage,identity,100.0,,missing
f3d2d4b6,288,,unmatched,Average functional group per monomer,curator_computed,1.0,,missing
f3d2d4b6,288,,unmatched,Anion,identity,CF3SO3,,missing
f3d2d4b6,288,,unmatched,Li:functional group,identity,0.05,,missing
f3d2d4b6,288,,unmatched,crystalline?,classification,yes,,missing
f3d2d4b6,288,,unmatched,Conductivity at 85C,conductivity,6.52e-05,,missing
f3d2d4b6,288,,unmatched,Conductivity at 125C,conductivity,0.00048149,,missing
f3d2d4b6,288,,unmatched,Arrhenius Ea (eV) high T,fits,0.58911,,missing
f3d2d4b6,288,,unmatched,Polymer Mw (kDa),molecular_weight,1000.0,,missing
f3d2d4b6,288,,unmatched,chain architecture,classification,linear,,missing
f3d2d4b6,288,,unmatched,Solvent used,processing,acetonitrile,,missing
f3d2d4b6,288,,unmatched,drying vacuum,processing,none,,missing
f3d2d4b6,289,,unmatched,Polymer family,classification,ether,,missing
f3d2d4b6,289,,unmatched,Polymer,identity,PEO,,missing
f3d2d4b6,289,,unmatched,SMILES descriptor 1,curator_computed,COC,,missing
f3d2d4b6,289,,unmatched,SMILES descriptor 2,curator_computed,COC,,missing
f3d2d4b6,289,,unmatched,Comonomer percentage,identity,100.0,,missing
f3d2d4b6,289,,unmatched,Average functional group per monomer,curator_computed,1.0,,missing
f3d2d4b6,289,,unmatched,Anion,identity,CF3SO3,,missing
f3d2d4b6,289,,unmatched,Li:functional group,identity,0.01,,missing
f3d2d4b6,289,,unmatched,crystalline?,classification,yes,,missing
f3d2d4b6,289,,unmatched,Conductivity at 85C,conductivity,2.93e-05,,missing
f3d2d4b6,289,,unmatched,Conductivity at 125C,conductivity,8.14e-05,,missing
f3d2d4b6,289,,unmatched,Arrhenius Ea (eV) high T,fits,0.32136,,missing
f3d2d4b6,289,,unmatched,Polymer Mw (kDa),molecular_weight,1000.0,,missing
f3d2d4b6,289,,unmatched,chain architecture,classification,linear,,missing
f3d2d4b6,289,,unmatched,Solvent used,processing,acetonitrile,,missing
f3d2d4b6,289,,unmatched,drying vacuum,processing,none,,missing
f3d2d4b6,290,,unmatched,Polymer family,classification,ether,,missing
f3d2d4b6,290,,unmatched,Polymer,identity,PEO,,missing
f3d2d4b6,290,,unmatched,SMILES descriptor 1,curator_computed,COC,,missing
f3d2d4b6,290,,unmatched,SMILES descriptor 2,curator_computed,COC,,missing
f3d2d4b6,290,,unmatched,Comonomer percentage,identity,100.0,,missing
f3d2d4b6,290,,unmatched,Average functional group per monomer,curator_computed,1.0,,missing
f3d2d4b6,290,,unmatched,Anion,identity,CF3SO3,,missing
f3d2d4b6,290,,unmatched,Li:functional group,identity,0.25,,missing
f3d2d4b6,290,,unmatched,crystalline?,classification,yes,,missing
f3d2d4b6,290,,unmatched,Conductivity at 85C,conductivity,2.45e-06,,missing
f3d2d4b6,290,,unmatched,Conductivity at 125C,conductivity,3.92e-05,,missing
f3d2d4b6,290,,unmatched,Arrhenius Ea (eV) high T,fits,0.75984,,missing
f3d2d4b6,290,,unmatched,Polymer Mw (kDa),molecular_weight,900.0,,missing
f3d2d4b6,290,,unmatched,chain architecture,classification,linear,,missing
f3d2d4b6,290,,unmatched,Solvent used,processing,acetonitrile,,missing
f3d2d4b6,290,,unmatched,drying vacuum,processing,none,,missing
f3d2d4b6,291,,unmatched,Polymer family,classification,ether,,missing
f3d2d4b6,291,,unmatched,Polymer,identity,PEO,,missing
f3d2d4b6,291,,unmatched,SMILES descriptor 1,curator_computed,COC,,missing
f3d2d4b6,291,,unmatched,SMILES descriptor 2,curator_computed,COC,,missing
f3d2d4b6,291,,unmatched,Comonomer percentage,identity,100.0,,missing
f3d2d4b6,291,,unmatched,Average functional group per monomer,curator_computed,1.0,,missing
f3d2d4b6,291,,unmatched,Anion,identity,CF3SO3,,missing
f3d2d4b6,291,,unmatched,Li:functional group,identity,0.2,,missing
f3d2d4b6,291,,unmatched,crystalline?,classification,yes,,missing
f3d2d4b6,291,,unmatched,Conductivity at 85C,conductivity,3.66e-06,,missing
f3d2d4b6,291,,unmatched,Conductivity at 125C,conductivity,5.03e-05,,missing
f3d2d4b6,291,,unmatched,Arrhenius Ea (eV) high T,fits,0.74043,,missing
f3d2d4b6,291,,unmatched,Polymer Mw (kDa),molecular_weight,900.0,,missing
f3d2d4b6,291,,unmatched,chain architecture,classification,linear,,missing
f3d2d4b6,291,,unmatched,Solvent used,processing,acetonitrile,,missing
f3d2d4b6,291,,unmatched,drying vacuum,processing,none,,missing
f3d2d4b6,292,,unmatched,Polymer family,classification,ether,,missing
f3d2d4b6,292,,unmatched,Polymer,identity,PEO,,missing
f3d2d4b6,292,,unmatched,SMILES descriptor 1,curator_computed,COC,,missing
f3d2d4b6,292,,unmatched,SMILES descriptor 2,curator_computed,COC,,missing
f3d2d4b6,292,,unmatched,Comonomer percentage,identity,100.0,,missing
f3d2d4b6,292,,unmatched,Average functional group per monomer,curator_computed,1.0,,missing
f3d2d4b6,292,,unmatched,Anion,identity,CF3SO3,,missing
f3d2d4b6,292,,unmatched,Li:functional group,identity,0.166666667,,missing
f3d2d4b6,292,,unmatched,crystalline?,classification,yes,,missing
f3d2d4b6,292,,unmatched,Conductivity at 85C,conductivity,7.1e-06,,missing
f3d2d4b6,292,,unmatched,Conductivity at 125C,conductivity,7.24e-05,,missing
f3d2d4b6,292,,unmatched,Arrhenius Ea (eV) high T,fits,0.63689,,missing
f3d2d4b6,292,,unmatched,Polymer Mw (kDa),molecular_weight,900.0,,missing
f3d2d4b6,292,,unmatched,chain architecture,classification,linear,,missing
f3d2d4b6,292,,unmatched,Solvent used,processing,acetonitrile,,missing
f3d2d4b6,292,,unmatched,drying vacuum,processing,none,,missing
f3d2d4b6,293,,unmatched,Polymer family,classification,ether,,missing
f3d2d4b6,293,,unmatched,Polymer,identity,PEO,,missing
f3d2d4b6,293,,unmatched,SMILES descriptor 1,curator_computed,COC,,missing
f3d2d4b6,293,,unmatched,SMILES descriptor 2,curator_computed,COC,,missing
f3d2d4b6,293,,unmatched,Comonomer percentage,identity,100.0,,missing
f3d2d4b6,293,,unmatched,Average functional group per monomer,curator_computed,1.0,,missing
f3d2d4b6,293,,unmatched,Anion,identity,CF3SO3,,missing
f3d2d4b6,293,,unmatched,Li:functional group,identity,0.142857143,,missing
f3d2d4b6,293,,unmatched,crystalline?,classification,yes,,missing
f3d2d4b6,293,,unmatched,Conductivity at 85C,conductivity,1.64e-05,,missing
f3d2d4b6,293,,unmatched,Conductivity at 125C,conductivity,0.00011678,,missing
f3d2d4b6,293,,unmatched,Arrhenius Ea (eV) high T,fits,0.57558,,missing
f3d2d4b6,293,,unmatched,Polymer Mw (kDa),molecular_weight,900.0,,missing
f3d2d4b6,293,,unmatched,chain architecture,classification,linear,,missing
f3d2d4b6,293,,unmatched,Solvent used,processing,acetonitrile,,missing
f3d2d4b6,293,,unmatched,drying vacuum,processing,none,,missing
f3d2d4b6,294,,unmatched,Polymer family,classification,ether,,missing
f3d2d4b6,294,,unmatched,Polymer,identity,PEO,,missing
f3d2d4b6,294,,unmatched,SMILES descriptor 1,curator_computed,COC,,missing
f3d2d4b6,294,,unmatched,SMILES descriptor 2,curator_computed,COC,,missing
f3d2d4b6,294,,unmatched,Comonomer percentage,identity,100.0,,missing
f3d2d4b6,294,,unmatched,Average functional group per monomer,curator_computed,1.0,,missing
f3d2d4b6,294,,unmatched,Anion,identity,CF3SO3,,missing
f3d2d4b6,294,,unmatched,Li:functional group,identity,0.125,,missing
f3d2d4b6,294,,unmatched,crystalline?,classification,yes,,missing
f3d2d4b6,294,,unmatched,Conductivity at 85C,conductivity,3.19e-05,,missing
f3d2d4b6,294,,unmatched,Conductivity at 125C,conductivity,0.00023727,,missing
f3d2d4b6,294,,unmatched,Arrhenius Ea (eV) high T,fits,0.62911,,missing
f3d2d4b6,294,,unmatched,Polymer Mw (kDa),molecular_weight,900.0,,missing
f3d2d4b6,294,,unmatched,chain architecture,classification,linear,,missing
f3d2d4b6,294,,unmatched,Solvent used,processing,acetonitrile,,missing
f3d2d4b6,294,,unmatched,drying vacuum,processing,none,,missing
f3d2d4b6,295,,unmatched,Polymer family,classification,ether,,missing
f3d2d4b6,295,,unmatched,Polymer,identity,PEO,,missing
f3d2d4b6,295,,unmatched,SMILES descriptor 1,curator_computed,COC,,missing
f3d2d4b6,295,,unmatched,SMILES descriptor 2,curator_computed,COC,,missing
f3d2d4b6,295,,unmatched,Comonomer percentage,identity,100.0,,missing
f3d2d4b6,295,,unmatched,Average functional group per monomer,curator_computed,1.0,,missing
f3d2d4b6,295,,unmatched,Anion,identity,CF3SO3,,missing
f3d2d4b6,295,,unmatched,Li:functional group,identity,0.083333333,,missing
f3d2d4b6,295,,unmatched,crystalline?,classification,yes,,missing
f3d2d4b6,295,,unmatched,Conductivity at 85C,conductivity,0.00020589,,missing
f3d2d4b6,295,,unmatched,Conductivity at 125C,conductivity,0.0018847,,missing
f3d2d4b6,295,,unmatched,Arrhenius Ea (eV) high T,fits,0.72291,,missing
f3d2d4b6,295,,unmatched,Polymer Mw (kDa),molecular_weight,900.0,,missing
f3d2d4b6,295,,unmatched,chain architecture,classification,linear,,missing
f3d2d4b6,295,,unmatched,Solvent used,processing,acetonitrile,,missing
f3d2d4b6,295,,unmatched,drying vacuum,processing,none,,missing
f3d2d4b6,296,,unmatched,Polymer family,classification,ether,,missing
f3d2d4b6,296,,unmatched,Polymer,identity,PEO,,missing
f3d2d4b6,296,,unmatched,SMILES descriptor 1,curator_computed,COC,,missing
f3d2d4b6,296,,unmatched,SMILES descriptor 2,curator_computed,COC,,missing
f3d2d4b6,296,,unmatched,Comonomer percentage,identity,100.0,,missing
f3d2d4b6,296,,unmatched,Average functional group per monomer,curator_computed,1.0,,missing
f3d2d4b6,296,,unmatched,Anion,identity,CF3SO3,,missing
f3d2d4b6,296,,unmatched,Li:functional group,identity,0.05,,missing
f3d2d4b6,296,,unmatched,crystalline?,classification,yes,,missing
f3d2d4b6,296,,unmatched,Conductivity at 85C,conductivity,0.00019895,,missing
f3d2d4b6,296,,unmatched,Conductivity at 125C,conductivity,0.0027583,,missing
f3d2d4b6,296,,unmatched,Arrhenius Ea (eV) high T,fits,0.68732,,missing
f3d2d4b6,296,,unmatched,Polymer Mw (kDa),molecular_weight,900.0,,missing
f3d2d4b6,296,,unmatched,chain architecture,classification,linear,,missing
f3d2d4b6,296,,unmatched,Solvent used,processing,acetonitrile,,missing
f3d2d4b6,296,,unmatched,drying vacuum,processing,none,,missing
f3d2d4b6,297,,unmatched,Polymer family,classification,ether,,missing
f3d2d4b6,297,,unmatched,Polymer,identity,PEO,,missing
f3d2d4b6,297,,unmatched,SMILES descriptor 1,curator_computed,COC,,missing
f3d2d4b6,297,,unmatched,SMILES descriptor 2,curator_computed,COC,,missing
f3d2d4b6,297,,unmatched,Comonomer percentage,identity,100.0,,missing
f3d2d4b6,297,,unmatched,Average functional group per monomer,curator_computed,1.0,,missing
f3d2d4b6,297,,unmatched,Anion,identity,CF3SO3,,missing
f3d2d4b6,297,,unmatched,Li:functional group,identity,0.027777778,,missing
f3d2d4b6,297,,unmatched,crystalline?,classification,yes,,missing
f3d2d4b6,297,,unmatched,Conductivity at 85C,conductivity,1.73e-05,,missing
f3d2d4b6,297,,unmatched,Conductivity at 125C,conductivity,0.00026323,,missing
f3d2d4b6,297,,unmatched,Arrhenius Ea (eV) high T,fits,0.73042,,missing
f3d2d4b6,297,,unmatched,Polymer Mw (kDa),molecular_weight,900.0,,missing
f3d2d4b6,297,,unmatched,chain architecture,classification,linear,,missing
f3d2d4b6,297,,unmatched,Solvent used,processing,acetonitrile,,missing
f3d2d4b6,297,,unmatched,drying vacuum,processing,none,,missing
f3d2d4b6,298,,unmatched,Polymer family,classification,ether,,missing
f3d2d4b6,298,,unmatched,Polymer,identity,PEO,,missing
f3d2d4b6,298,,unmatched,SMILES descriptor 1,curator_computed,COC,,missing
f3d2d4b6,298,,unmatched,SMILES descriptor 2,curator_computed,COC,,missing
f3d2d4b6,298,,unmatched,Comonomer percentage,identity,100.0,,missing
f3d2d4b6,298,,unmatched,Average functional group per monomer,curator_computed,1.0,,missing
f3d2d4b6,298,,unmatched,Anion,identity,CF3SO3,,missing
f3d2d4b6,298,,unmatched,Li:functional group,identity,0.01,,missing
f3d2d4b6,298,,unmatched,crystalline?,classification,yes,,missing
f3d2d4b6,298,,unmatched,Conductivity at 85C,conductivity,0.00030558,,missing
f3d2d4b6,298,,unmatched,Conductivity at 125C,conductivity,0.0018187,,missing
f3d2d4b6,298,,unmatched,Arrhenius Ea (eV) high T,fits,0.52206,,missing
f3d2d4b6,298,,unmatched,Polymer Mw (kDa),molecular_weight,900.0,,missing
f3d2d4b6,298,,unmatched,chain architecture,classification,linear,,missing
f3d2d4b6,298,,unmatched,Solvent used,processing,acetonitrile,,missing
f3d2d4b6,298,,unmatched,drying vacuum,processing,none,,missing
f3d2d4b6,299,,unmatched,Polymer family,classification,ether,,missing
f3d2d4b6,299,,unmatched,Polymer,identity,PEO,,missing
f3d2d4b6,299,,unmatched,SMILES descriptor 1,curator_computed,COC,,missing
f3d2d4b6,299,,unmatched,SMILES descriptor 2,curator_computed,COC,,missing
f3d2d4b6,299,,unmatched,Comonomer percentage,identity,100.0,,missing
f3d2d4b6,299,,unmatched,Average functional group per monomer,curator_computed,1.0,,missing
f3d2d4b6,299,,unmatched,Anion,identity,ClO4,,missing
f3d2d4b6,299,,unmatched,Li:functional group,identity,0.125,,missing
f3d2d4b6,299,,unmatched,crystalline?,classification,yes,,missing
f3d2d4b6,299,,unmatched,Conductivity at 125C,conductivity,0.00084778,,missing
f3d2d4b6,299,,unmatched,Arrhenius Ea (eV) high T,fits,1.0417,,missing
f3d2d4b6,299,,unmatched,Polymer Mw (kDa),molecular_weight,1000.0,,missing
f3d2d4b6,299,,unmatched,chain architecture,classification,linear,,missing
f3d2d4b6,299,,unmatched,Solvent used,processing,acetonitrile,,missing
f3d2d4b6,299,,unmatched,drying vacuum,processing,none,,missing
f3d2d4b6,300,,unmatched,Polymer family,classification,ether,,missing
f3d2d4b6,300,,unmatched,Polymer,identity,PEO,,missing
f3d2d4b6,300,,unmatched,SMILES descriptor 1,curator_computed,COC,,missing
f3d2d4b6,300,,unmatched,SMILES descriptor 2,curator_computed,COC,,missing
f3d2d4b6,300,,unmatched,Comonomer percentage,identity,100.0,,missing
f3d2d4b6,300,,unmatched,Average functional group per monomer,curator_computed,1.0,,missing
f3d2d4b6,300,,unmatched,Anion,identity,ClO4,,missing
f3d2d4b6,300,,unmatched,Li:functional group,identity,0.083333333,,missing
f3d2d4b6,300,,unmatched,crystalline?,classification,yes,,missing
f3d2d4b6,300,,unmatched,Conductivity at 85C,conductivity,0.00017194,,missing
f3d2d4b6,300,,unmatched,Conductivity at 125C,conductivity,0.0025364,,missing
f3d2d4b6,300,,unmatched,Arrhenius Ea (eV) high T,fits,0.69779,,missing
f3d2d4b6,300,,unmatched,Polymer Mw (kDa),molecular_weight,1000.0,,missing
f3d2d4b6,300,,unmatched,chain architecture,classification,linear,,missing
f3d2d4b6,300,,unmatched,Solvent used,processing,acetonitrile,,missing
f3d2d4b6,300,,unmatched,drying vacuum,processing,none,,missing
f3d2d4b6,301,,unmatched,Polymer family,classification,ether,,missing
f3d2d4b6,301,,unmatched,Polymer,identity,PEO,,missing
f3d2d4b6,301,,unmatched,SMILES descriptor 1,curator_computed,COC,,missing
f3d2d4b6,301,,unmatched,SMILES descriptor 2,curator_computed,COC,,missing
f3d2d4b6,301,,unmatched,Comonomer percentage,identity,100.0,,missing
f3d2d4b6,301,,unmatched,Average functional group per monomer,curator_computed,1.0,,missing
f3d2d4b6,301,,unmatched,Anion,identity,ClO4,,missing
f3d2d4b6,301,,unmatched,Li:functional group,identity,0.05,,missing
f3d2d4b6,301,,unmatched,crystalline?,classification,yes,,missing
f3d2d4b6,301,,unmatched,Conductivity at 85C,conductivity,0.00099343,,missing
f3d2d4b6,301,,unmatched,Conductivity at 125C,conductivity,0.0041732,,missing
f3d2d4b6,301,,unmatched,Arrhenius Ea (eV) high T,fits,0.49231,,missing
f3d2d4b6,301,,unmatched,Polymer Mw (kDa),molecular_weight,1000.0,,missing
f3d2d4b6,301,,unmatched,chain architecture,classification,linear,,missing
f3d2d4b6,301,,unmatched,Solvent used,processing,acetonitrile,,missing
f3d2d4b6,301,,unmatched,drying vacuum,processing,none,,missing
f3d2d4b6,302,,unmatched,Polymer family,classification,ether,,missing
f3d2d4b6,302,,unmatched,Polymer,identity,PEO,,missing
f3d2d4b6,302,,unmatched,SMILES descriptor 1,curator_computed,COC,,missing
f3d2d4b6,302,,unmatched,SMILES descriptor 2,curator_computed,COC,,missing
f3d2d4b6,302,,unmatched,Comonomer percentage,identity,100.0,,missing
f3d2d4b6,302,,unmatched,Average functional group per monomer,curator_computed,1.0,,missing
f3d2d4b6,302,,unmatched,Anion,identity,ClO4,,missing
f3d2d4b6,302,,unmatched,Li:functional group,identity,0.01,,missing
f3d2d4b6,302,,unmatched,crystalline?,classification,yes,,missing
f3d2d4b6,302,,unmatched,Conductivity at 85C,conductivity,0.00015649,,missing
f3d2d4b6,302,,unmatched,Conductivity at 125C,conductivity,0.00090666,,missing
f3d2d4b6,302,,unmatched,Arrhenius Ea (eV) high T,fits,0.32775,,missing
f3d2d4b6,302,,unmatched,Polymer Mw (kDa),molecular_weight,1000.0,,missing
f3d2d4b6,302,,unmatched,chain architecture,classification,linear,,missing
f3d2d4b6,302,,unmatched,Solvent used,processing,acetonitrile,,missing
f3d2d4b6,302,,unmatched,drying vacuum,processing,none,,missing
f3d2d4b6,303,,unmatched,Polymer family,classification,ether,,missing
f3d2d4b6,303,,unmatched,Polymer,identity,PEO,,missing
f3d2d4b6,303,,unmatched,SMILES descriptor 1,curator_computed,COC,,missing
f3d2d4b6,303,,unmatched,SMILES descriptor 2,curator_computed,COC,,missing
f3d2d4b6,303,,unmatched,Comonomer percentage,identity,100.0,,missing
f3d2d4b6,303,,unmatched,Average functional group per monomer,curator_computed,1.0,,missing
f3d2d4b6,303,,unmatched,Anion,identity,ClO4,,missing
f3d2d4b6,303,,unmatched,Li:functional group,identity,0.333333333,,missing
f3d2d4b6,303,,unmatched,crystalline?,classification,yes,,missing
f3d2d4b6,303,,unmatched,Conductivity at 125C,conductivity,3.26e-06,,missing
f3d2d4b6,303,,unmatched,Arrhenius Ea (eV) high T,fits,1.2068,,missing
f3d2d4b6,303,,unmatched,Polymer Mw (kDa),molecular_weight,900.0,,missing
f3d2d4b6,303,,unmatched,chain architecture,classification,linear,,missing
f3d2d4b6,303,,unmatched,Solvent used,processing,acetonitrile,,missing
f3d2d4b6,303,,unmatched,drying vacuum,processing,none,,missing
f3d2d4b6,304,,unmatched,Polymer family,classification,ether,,missing
f3d2d4b6,304,,unmatched,Polymer,identity,PEO,,missing
f3d2d4b6,304,,unmatched,SMILES descriptor 1,curator_computed,COC,,missing
f3d2d4b6,304,,unmatched,SMILES descriptor 2,curator_computed,COC,,missing
f3d2d4b6,304,,unmatched,Comonomer percentage,identity,100.0,,missing
f3d2d4b6,304,,unmatched,Average functional group per monomer,curator_computed,1.0,,missing
f3d2d4b6,304,,unmatched,Anion,identity,ClO4,,missing
f3d2d4b6,304,,unmatched,Li:functional group,identity,0.25,,missing
f3d2d4b6,304,,unmatched,crystalline?,classification,yes,,missing
f3d2d4b6,304,,unmatched,Conductivity at 85C,conductivity,1.8e-05,,missing
f3d2d4b6,304,,unmatched,Conductivity at 125C,conductivity,0.00014935,,missing
f3d2d4b6,304,,unmatched,Arrhenius Ea (eV) high T,fits,0.64127,,missing
f3d2d4b6,304,,unmatched,Polymer Mw (kDa),molecular_weight,900.0,,missing
f3d2d4b6,304,,unmatched,chain architecture,classification,linear,,missing
f3d2d4b6,304,,unmatched,Solvent used,processing,acetonitrile,,missing
f3d2d4b6,304,,unmatched,drying vacuum,processing,none,,missing
f3d2d4b6,305,,unmatched,Polymer family,classification,ether,,missing
f3d2d4b6,305,,unmatched,Polymer,identity,PEO,,missing
f3d2d4b6,305,,unmatched,SMILES descriptor 1,curator_computed,COC,,missing
f3d2d4b6,305,,unmatched,SMILES descriptor 2,curator_computed,COC,,missing
f3d2d4b6,305,,unmatched,Comonomer percentage,identity,100.0,,missing
f3d2d4b6,305,,unmatched,Average functional group per monomer,curator_computed,1.0,,missing
f3d2d4b6,305,,unmatched,Anion,identity,ClO4,,missing
f3d2d4b6,305,,unmatched,Li:functional group,identity,0.2,,missing
f3d2d4b6,305,,unmatched,crystalline?,classification,yes,,missing
f3d2d4b6,305,,unmatched,Conductivity at 85C,conductivity,3.01e-05,,missing
f3d2d4b6,305,,unmatched,Conductivity at 125C,conductivity,0.00040048,,missing
f3d2d4b6,305,,unmatched,Arrhenius Ea (eV) high T,fits,0.80792,,missing
f3d2d4b6,305,,unmatched,Polymer Mw (kDa),molecular_weight,900.0,,missing
f3d2d4b6,305,,unmatched,chain architecture,classification,linear,,missing
f3d2d4b6,305,,unmatched,Solvent used,processing,acetonitrile,,missing
f3d2d4b6,305,,unmatched,drying vacuum,processing,none,,missing
f3d2d4b6,306,,unmatched,Polymer family,classification,ether,,missing
f3d2d4b6,306,,unmatched,Polymer,identity,PEO,,missing
f3d2d4b6,306,,unmatched,SMILES descriptor 1,curator_computed,COC,,missing
f3d2d4b6,306,,unmatched,SMILES descriptor 2,curator_computed,COC,,missing
f3d2d4b6,306,,unmatched,Comonomer percentage,identity,100.0,,missing
f3d2d4b6,306,,unmatched,Average functional group per monomer,curator_computed,1.0,,missing
f3d2d4b6,306,,unmatched,Anion,identity,ClO4,,missing
f3d2d4b6,306,,unmatched,Li:functional group,identity,0.166666667,,missing
f3d2d4b6,306,,unmatched,crystalline?,classification,yes,,missing
f3d2d4b6,306,,unmatched,Conductivity at 85C,conductivity,0.00020739,,missing
f3d2d4b6,306,,unmatched,Conductivity at 125C,conductivity,0.0015234,,missing
f3d2d4b6,306,,unmatched,Arrhenius Ea (eV) high T,fits,0.66869,,missing
f3d2d4b6,306,,unmatched,Polymer Mw (kDa),molecular_weight,900.0,,missing
f3d2d4b6,306,,unmatched,chain architecture,classification,linear,,missing
f3d2d4b6,306,,unmatched,Solvent used,processing,acetonitrile,,missing
f3d2d4b6,306,,unmatched,drying vacuum,processing,none,,missing
f3d2d4b6,307,,unmatched,Polymer family,classification,ether,,missing
f3d2d4b6,307,,unmatched,Polymer,identity,PEO,,missing
f3d2d4b6,307,,unmatched,SMILES descriptor 1,curator_computed,COC,,missing
f3d2d4b6,307,,unmatched,SMILES descriptor 2,curator_computed,COC,,missing
f3d2d4b6,307,,unmatched,Comonomer percentage,identity,100.0,,missing
f3d2d4b6,307,,unmatched,Average functional group per monomer,curator_computed,1.0,,missing
f3d2d4b6,307,,unmatched,Anion,identity,ClO4,,missing
f3d2d4b6,307,,unmatched,Li:functional group,identity,0.142857143,,missing
f3d2d4b6,307,,unmatched,crystalline?,classification,yes,,missing
f3d2d4b6,307,,unmatched,Conductivity at 85C,conductivity,0.00022505,,missing
f3d2d4b6,307,,unmatched,Conductivity at 125C,conductivity,0.0024082,,missing
f3d2d4b6,307,,unmatched,Arrhenius Ea (eV) high T,fits,0.60655,,missing
f3d2d4b6,307,,unmatched,Polymer Mw (kDa),molecular_weight,900.0,,missing
f3d2d4b6,307,,unmatched,chain architecture,classification,linear,,missing
f3d2d4b6,307,,unmatched,Solvent used,processing,acetonitrile,,missing
f3d2d4b6,307,,unmatched,drying vacuum,processing,none,,missing
f3d2d4b6,308,,unmatched,Polymer family,classification,ether,,missing
f3d2d4b6,308,,unmatched,Polymer,identity,PEO,,missing
f3d2d4b6,308,,unmatched,SMILES descriptor 1,curator_computed,COC,,missing
f3d2d4b6,308,,unmatched,SMILES descriptor 2,curator_computed,COC,,missing
f3d2d4b6,308,,unmatched,Comonomer percentage,identity,100.0,,missing
f3d2d4b6,308,,unmatched,Average functional group per monomer,curator_computed,1.0,,missing
f3d2d4b6,308,,unmatched,Anion,identity,ClO4,,missing
f3d2d4b6,308,,unmatched,Li:functional group,identity,0.125,,missing
f3d2d4b6,308,,unmatched,crystalline?,classification,yes,,missing
f3d2d4b6,308,,unmatched,Conductivity at 85C,conductivity,0.00041689,,missing
f3d2d4b6,308,,unmatched,Conductivity at 125C,conductivity,0.0031798,,missing
f3d2d4b6,308,,unmatched,Arrhenius Ea (eV) high T,fits,0.96223,,missing
f3d2d4b6,308,,unmatched,Polymer Mw (kDa),molecular_weight,900.0,,missing
f3d2d4b6,308,,unmatched,chain architecture,classification,linear,,missing
f3d2d4b6,308,,unmatched,Solvent used,processing,acetonitrile,,missing
f3d2d4b6,308,,unmatched,drying vacuum,processing,none,,missing
f3d2d4b6,309,,unmatched,Polymer family,classification,ether,,missing
f3d2d4b6,309,,unmatched,Polymer,identity,PEO,,missing
f3d2d4b6,309,,unmatched,SMILES descriptor 1,curator_computed,COC,,missing
f3d2d4b6,309,,unmatched,SMILES descriptor 2,curator_computed,COC,,missing
f3d2d4b6,309,,unmatched,Comonomer percentage,identity,100.0,,missing
f3d2d4b6,309,,unmatched,Average functional group per monomer,curator_computed,1.0,,missing
f3d2d4b6,309,,unmatched,Anion,identity,ClO4,,missing
f3d2d4b6,309,,unmatched,Li:functional group,identity,0.083333333,,missing
f3d2d4b6,309,,unmatched,crystalline?,classification,yes,,missing
f3d2d4b6,309,,unmatched,Conductivity at 85C,conductivity,0.0011061,,missing
f3d2d4b6,309,,unmatched,Conductivity at 125C,conductivity,0.0043502,,missing
f3d2d4b6,309,,unmatched,Arrhenius Ea (eV) high T,fits,0.5228,,missing
f3d2d4b6,309,,unmatched,Polymer Mw (kDa),molecular_weight,900.0,,missing
f3d2d4b6,309,,unmatched,chain architecture,classification,linear,,missing
f3d2d4b6,309,,unmatched,Solvent used,processing,acetonitrile,,missing
f3d2d4b6,309,,unmatched,drying vacuum,processing,none,,missing
f3d2d4b6,310,,unmatched,Polymer family,classification,ether,,missing
f3d2d4b6,310,,unmatched,Polymer,identity,PEO,,missing
f3d2d4b6,310,,unmatched,SMILES descriptor 1,curator_computed,COC,,missing
f3d2d4b6,310,,unmatched,SMILES descriptor 2,curator_computed,COC,,missing
f3d2d4b6,310,,unmatched,Comonomer percentage,identity,100.0,,missing
f3d2d4b6,310,,unmatched,Average functional group per monomer,curator_computed,1.0,,missing
f3d2d4b6,310,,unmatched,Anion,identity,ClO4,,missing
f3d2d4b6,310,,unmatched,Li:functional group,identity,0.05,,missing
f3d2d4b6,310,,unmatched,crystalline?,classification,yes,,missing
f3d2d4b6,310,,unmatched,Conductivity at 85C,conductivity,0.00096338,,missing
f3d2d4b6,310,,unmatched,Conductivity at 125C,conductivity,0.0022546,,missing
f3d2d4b6,310,,unmatched,Arrhenius Ea (eV) high T,fits,0.26982,,missing
f3d2d4b6,310,,unmatched,Polymer Mw (kDa),molecular_weight,900.0,,missing
f3d2d4b6,310,,unmatched,chain architecture,classification,linear,,missing
f3d2d4b6,310,,unmatched,Solvent used,processing,acetonitrile,,missing
f3d2d4b6,310,,unmatched,drying vacuum,processing,none,,missing
f3d2d4b6,311,,unmatched,Polymer family,classification,ether,,missing
f3d2d4b6,311,,unmatched,Polymer,identity,PEO,,missing
f3d2d4b6,311,,unmatched,SMILES descriptor 1,curator_computed,COC,,missing
f3d2d4b6,311,,unmatched,SMILES descriptor 2,curator_computed,COC,,missing
f3d2d4b6,311,,unmatched,Comonomer percentage,identity,100.0,,missing
f3d2d4b6,311,,unmatched,Average functional group per monomer,curator_computed,1.0,,missing
f3d2d4b6,311,,unmatched,Anion,identity,ClO4,,missing
f3d2d4b6,311,,unmatched,Li:functional group,identity,0.025,,missing
f3d2d4b6,311,,unmatched,crystalline?,classification,yes,,missing
f3d2d4b6,311,,unmatched,Conductivity at 85C,conductivity,0.00074661,,missing
f3d2d4b6,311,,unmatched,Conductivity at 125C,conductivity,0.0013428,,missing
f3d2d4b6,311,,unmatched,Arrhenius Ea (eV) high T,fits,0.27746,,missing
f3d2d4b6,311,,unmatched,Polymer Mw (kDa),molecular_weight,900.0,,missing
f3d2d4b6,311,,unmatched,chain architecture,classification,linear,,missing
f3d2d4b6,311,,unmatched,Solvent used,processing,acetonitrile,,missing
f3d2d4b6,311,,unmatched,drying vacuum,processing,none,,missing
f3d2d4b6,312,,unmatched,Polymer family,classification,ether,,missing
f3d2d4b6,312,,unmatched,Polymer,identity,PEO,,missing
f3d2d4b6,312,,unmatched,SMILES descriptor 1,curator_computed,COC,,missing
f3d2d4b6,312,,unmatched,SMILES descriptor 2,curator_computed,COC,,missing
f3d2d4b6,312,,unmatched,Comonomer percentage,identity,100.0,,missing
f3d2d4b6,312,,unmatched,Average functional group per monomer,curator_computed,1.0,,missing
f3d2d4b6,312,,unmatched,Anion,identity,ClO4,,missing
f3d2d4b6,312,,unmatched,Li:functional group,identity,0.01,,missing
f3d2d4b6,312,,unmatched,crystalline?,classification,yes,,missing
f3d2d4b6,312,,unmatched,Conductivity at 85C,conductivity,0.0001301,,missing
f3d2d4b6,312,,unmatched,Conductivity at 125C,conductivity,0.0002219,,missing
f3d2d4b6,312,,unmatched,Arrhenius Ea (eV) high T,fits,0.23965,,missing
f3d2d4b6,312,,unmatched,Polymer Mw (kDa),molecular_weight,900.0,,missing
f3d2d4b6,312,,unmatched,chain architecture,classification,linear,,missing
f3d2d4b6,312,,unmatched,Solvent used,processing,acetonitrile,,missing
f3d2d4b6,312,,unmatched,drying vacuum,processing,none,,missing
0a3655ba,49,,unmatched,Polymer family,classification,"acrylonitrile, acrylate",,missing
0a3655ba,49,,unmatched,Polymer,identity,poly(acrylonitrile-co-butylacrylate),,missing
0a3655ba,49,,unmatched,SMILES descriptor 1,curator_computed,CC(C#N),,missing
0a3655ba,49,,unmatched,SMILES descriptor 2,curator_computed,CC(C(=O)OCCCC),,missing
0a3655ba,49,,unmatched,Comonomer percentage,identity,67.0,,missing
0a3655ba,49,,unmatched,Average functional group per monomer,curator_computed,1.0,,missing
0a3655ba,49,,unmatched,Anion,identity,TFSI,,missing
0a3655ba,49,,unmatched,Li:monomer,identity,1.2,,missing
0a3655ba,49,,unmatched,Li:functional group,identity,1.2,,missing
0a3655ba,49,,unmatched,Tg,thermal,-22.0,,missing
0a3655ba,49,,unmatched,Tg polymer without salt,thermal,43.0,,missing
0a3655ba,49,,unmatched,% crystallinity,thermal,0.0,,missing
0a3655ba,49,,unmatched,crystalline?,classification,no,,missing
0a3655ba,49,,unmatched,Conductivity at 20C,conductivity,2.23e-07,,missing
0a3655ba,49,,unmatched,Conductivity at 30C,conductivity,1.41e-06,,missing
0a3655ba,49,,unmatched,Conductivity at 40C,conductivity,3.48e-06,,missing
0a3655ba,49,,unmatched,Conductivity at 50C,conductivity,1.01e-05,,missing
0a3655ba,49,,unmatched,Conductivity at 60C,conductivity,2.29e-05,,missing
0a3655ba,49,,unmatched,Conductivity at 70C,conductivity,4.43e-05,,missing
0a3655ba,49,,unmatched,Transference number,transport,0.67,,missing
0a3655ba,49,,unmatched,T for transference,transport,65.0,,missing
0a3655ba,49,,unmatched,VFT prefactor (S/cm*T^(1/2)),fits,0.745,,missing
0a3655ba,49,,unmatched,VFT activation energy (K),fits,785.0,,missing
0a3655ba,49,,unmatched,VFT T0 (degC),fits,-45.0,,missing
0a3655ba,49,,unmatched,VFT prefactor with set T0,fits,14.3,,missing
0a3655ba,49,,unmatched,VFT activation energy with fixed T0 (K),fits,1378.0,,missing
0a3655ba,49,,unmatched,Fixed T0 (degC),fits,-72.0,,missing
0a3655ba,49,,unmatched,Arrhenius Ea (eV),fits,0.89,,missing
0a3655ba,49,,unmatched,Arrhenius prefactor (S/cm),fits,770000000.0,,missing
0a3655ba,49,,unmatched,PDI,molecular_weight,1.7,,missing
0a3655ba,49,,unmatched,Polymer Mn (kDa),molecular_weight,65.0,,missing
0a3655ba,49,,unmatched,Polymer Mw (kDa),molecular_weight,110.5,,missing
0a3655ba,49,,unmatched,chain architecture,classification,linear,,missing
0a3655ba,49,,unmatched,Solvent used,processing,acetonitrile,,missing
0a3655ba,49,,unmatched,drying temp,processing,27,,missing
0a3655ba,49,,unmatched,drying time (h),processing,140,,missing
0a3655ba,49,,unmatched,drying vacuum,processing,yes,,missing
0a3655ba,50,,unmatched,Polymer family,classification,acrylate,,missing
0a3655ba,50,,unmatched,Polymer,identity,poly(methyl methacrylate),,missing
0a3655ba,50,,unmatched,SMILES descriptor 1,curator_computed,CC(C)(C(=O)OC),,missing
0a3655ba,50,,unmatched,SMILES descriptor 2,curator_computed,CC(C)(C(=O)OC),,missing
0a3655ba,50,,unmatched,Comonomer percentage,identity,100.0,,missing
0a3655ba,50,,unmatched,Average functional group per monomer,curator_computed,1.0,,missing
0a3655ba,50,,unmatched,Anion,identity,TFSI,,missing
0a3655ba,50,,unmatched,Li:monomer,identity,1.2,,missing
0a3655ba,50,,unmatched,Li:functional group,identity,1.2,,missing
0a3655ba,50,,unmatched,Tg,thermal,-40.0,,missing
0a3655ba,50,,unmatched,Tg polymer without salt,thermal,105.0,,missing
0a3655ba,50,,unmatched,% crystallinity,thermal,0.0,,missing
0a3655ba,50,,unmatched,crystalline?,classification,no,,missing
0a3655ba,50,,unmatched,Conductivity at 20C,conductivity,1.03e-06,,missing
0a3655ba,50,,unmatched,Conductivity at 30C,conductivity,2.73e-06,,missing
0a3655ba,50,,unmatched,Conductivity at 40C,conductivity,8.26e-06,,missing
0a3655ba,50,,unmatched,Conductivity at 50C,conductivity,1.73e-05,,missing
0a3655ba,50,,unmatched,Conductivity at 60C,conductivity,3.22e-05,,missing
0a3655ba,50,,unmatched,VFT prefactor (S/cm*T^(1/2)),fits,6.1,,missing
0a3655ba,50,,unmatched,VFT activation energy (K),fits,1320.0,,missing
0a3655ba,50,,unmatched,VFT T0 (degC),fits,-83.0,,missing
0a3655ba,50,,unmatched,VFT prefactor with set T0,fits,11.4,,missing
0a3655ba,50,,unmatched,VFT activation energy with fixed T0 (K),fits,1475.0,,missing
0a3655ba,50,,unmatched,Fixed T0 (degC),fits,-90.0,,missing
0a3655ba,50,,unmatched,Arrhenius Ea (eV),fits,0.74,,missing
0a3655ba,50,,unmatched,Arrhenius prefactor (S/cm),fits,5300000.0,,missing
0a3655ba,50,,unmatched,chain architecture,classification,linear,,missing
0a3655ba,50,,unmatched,Solvent used,processing,acetonitrile,,missing
0a3655ba,50,,unmatched,drying temp,processing,27,,missing
0a3655ba,50,,unmatched,drying time (h),processing,140,,missing
0a3655ba,50,,unmatched,drying vacuum,processing,yes,,missing
0a3655ba,51,,unmatched,Polymer family,classification,acrylate,,missing
0a3655ba,51,,unmatched,Polymer,identity,poly(butyl acrylate),,missing
0a3655ba,51,,unmatched,SMILES descriptor 1,curator_computed,CC(C(=O)OCCCC),,missing
0a3655ba,51,,unmatched,SMILES descriptor 2,curator_computed,CC(C(=O)OCCCC),,missing
0a3655ba,51,,unmatched,Comonomer percentage,identity,100.0,,missing
0a3655ba,51,,unmatched,Average functional group per monomer,curator_computed,1.0,,missing
0a3655ba,51,,unmatched,Anion,identity,TFSI,,missing
0a3655ba,51,,unmatched,Li:monomer,identity,1.2,,missing
0a3655ba,51,,unmatched,Li:functional group,identity,1.2,,missing
0a3655ba,51,,unmatched,Tg,thermal,-73.0,,missing
0a3655ba,51,,unmatched,Tg polymer without salt,thermal,-55.0,,missing
0a3655ba,51,,unmatched,% crystallinity,thermal,0.0,,missing
0a3655ba,51,,unmatched,crystalline?,classification,no,,missing
0a3655ba,51,,unmatched,Conductivity at 20C,conductivity,5.86e-07,,missing
0a3655ba,51,,unmatched,Conductivity at 30C,conductivity,1.73e-06,,missing
0a3655ba,51,,unmatched,Conductivity at 40C,conductivity,4.72e-06,,missing
0a3655ba,51,,unmatched,Conductivity at 50C,conductivity,1.16e-05,,missing
0a3655ba,51,,unmatched,Conductivity at 60C,conductivity,2.53e-05,,missing
0a3655ba,51,,unmatched,Conductivity at 70C,conductivity,5.43e-05,,missing
0a3655ba,51,,unmatched,VFT prefactor (S/cm*T^(1/2)),fits,16215.0,,missing
0a3655ba,51,,unmatched,VFT activation energy (K),fits,3822.0,,missing
0a3655ba,51,,unmatched,VFT T0 (degC),fits,-160.0,,missing
0a3655ba,51,,unmatched,VFT prefactor with set T0,fits,509.0,,missing
0a3655ba,51,,unmatched,VFT activation energy with fixed T0 (K),fits,2543.0,,missing
0a3655ba,51,,unmatched,Fixed T0 (degC),fits,-123.0,,missing
0a3655ba,51,,unmatched,Arrhenius Ea (eV),fits,0.78,,missing
0a3655ba,51,,unmatched,Arrhenius prefactor (S/cm),fits,19000000.0,,missing
0a3655ba,51,,unmatched,chain architecture,classification,linear,,missing
0a3655ba,51,,unmatched,Solvent used,processing,acetonitrile,,missing
0a3655ba,51,,unmatched,drying temp,processing,27,,missing
0a3655ba,51,,unmatched,drying time (h),processing,140,,missing
0a3655ba,51,,unmatched,drying vacuum,processing,yes,,missing
1dba839e,21,0,rank,Polymer family,classification,"carbonate, ether",carbonate,wrong
1dba839e,21,0,rank,Polymer,identity,polyethylene carbonate,Poly(ethylene carbonate),correct
1dba839e,21,0,rank,SMILES descriptor 1,curator_computed,COC(=O)OC,COC(=O)OC,correct
1dba839e,21,0,rank,SMILES descriptor 2,curator_computed,COC,COC(=O)OC,wrong
1dba839e,21,0,rank,Comonomer percentage,identity,95.2,100.0,wrong
1dba839e,21,0,rank,Average functional group per monomer,curator_computed,,1.0,extra
1dba839e,21,0,rank,Anion,identity,TFSI,TFSI,correct
1dba839e,21,0,rank,Li:monomer,identity,0.44890453,0.05,wrong
1dba839e,21,0,rank,Li:functional group,identity,0.44890453,0.05,wrong
1dba839e,21,0,rank,salt wt%,identity,60.0,,missing
1dba839e,21,0,rank,Tg polymer without salt,thermal,9.0,,missing
1dba839e,21,0,rank,Tm,thermal,,none,extra
1dba839e,21,0,rank,% crystallinity,thermal,0.0,,missing
1dba839e,21,0,rank,crystalline?,classification,no,no,correct
1dba839e,21,0,rank,Conductivity at 80C,conductivity,0.000128572,,missing
1dba839e,21,0,rank,Transference number,transport,0.59,0.63,wrong
1dba839e,21,0,rank,T for transference,transport,80.0,80.0,correct
1dba839e,21,0,rank,PDI,molecular_weight,5.9,,missing
1dba839e,21,0,rank,Polymer Mn (kDa),molecular_weight,37.0,37000.0,wrong
1dba839e,21,0,rank,Polymer Mw (kDa),molecular_weight,218.3,,missing
1dba839e,21,0,rank,chain architecture,classification,linear,linear,correct
1dba839e,21,0,rank,Solvent used,processing,acetonitrile,acetonitrile,correct
1dba839e,21,0,rank,drying temp,processing,60,60,correct
1dba839e,21,0,rank,drying time (h),processing,24,,missing
1dba839e,21,0,rank,drying vacuum,processing,yes,high,wrong
1dba839e,24,1,rank,Polymer family,classification,"carbonate, ether",carbonate,wrong
1dba839e,24,1,rank,Polymer,identity,polyethylene carbonate,Poly(ethylene carbonate),correct
1dba839e,24,1,rank,SMILES descriptor 1,curator_computed,COC(=O)OC,COC(=O)OC,correct
1dba839e,24,1,rank,SMILES descriptor 2,curator_computed,COC,COC(=O)OC,wrong
1dba839e,24,1,rank,Comonomer percentage,identity,95.2,100.0,wrong
1dba839e,24,1,rank,Average functional group per monomer,curator_computed,,1.0,extra
1dba839e,24,1,rank,Anion,identity,ClO4,ClO4,correct
1dba839e,24,1,rank,Li:monomer,identity,0.538160401,0.05,wrong
1dba839e,24,1,rank,Li:functional group,identity,0.538160401,0.05,wrong
1dba839e,24,1,rank,salt wt%,identity,40.0,,missing
1dba839e,24,1,rank,Tg polymer without salt,thermal,9.0,,missing
1dba839e,24,1,rank,Tm,thermal,,none,extra
1dba839e,24,1,rank,% crystallinity,thermal,0.0,,missing
1dba839e,24,1,rank,crystalline?,classification,no,no,correct
1dba839e,24,1,rank,Conductivity at 80C,conductivity,0.000147839,,missing
1dba839e,24,1,rank,Transference number,transport,0.24,0.24,correct
1dba839e,24,1,rank,T for transference,transport,80.0,80.0,correct
1dba839e,24,1,rank,PDI,molecular_weight,5.9,,missing
1dba839e,24,1,rank,Polymer Mn (kDa),molecular_weight,37.0,37000.0,wrong
1dba839e,24,1,rank,Polymer Mw (kDa),molecular_weight,218.3,,missing
1dba839e,24,1,rank,chain architecture,classification,linear,linear,correct
1dba839e,24,1,rank,Solvent used,processing,acetonitrile,acetonitrile,correct
1dba839e,24,1,rank,drying temp,processing,60,60,correct
1dba839e,24,1,rank,drying time (h),processing,24,,missing
1dba839e,24,1,rank,drying vacuum,processing,yes,high,wrong
1dba839e,31,3,rank,Polymer family,classification,"carbonate, ether",carbonate,wrong
1dba839e,31,3,rank,Polymer,identity,polyethylene carbonate,Poly(ethylene carbonate),correct
1dba839e,31,3,rank,SMILES descriptor 1,curator_computed,COC(=O)OC,COC(=O)OC,correct
1dba839e,31,3,rank,SMILES descriptor 2,curator_computed,COC,COC(=O)OC,wrong
1dba839e,31,3,rank,Comonomer percentage,identity,95.2,100.0,wrong
1dba839e,31,3,rank,Average functional group per monomer,curator_computed,,1.0,extra
1dba839e,31,3,rank,Anion,identity,PF6,PF6,correct
1dba839e,31,3,rank,Li:monomer,identity,0.141360105,0.05,wrong
1dba839e,31,3,rank,Li:functional group,identity,0.141360105,0.05,wrong
1dba839e,31,3,rank,salt wt%,identity,20.0,,missing
1dba839e,31,3,rank,Tg polymer without salt,thermal,9.0,,missing
1dba839e,31,3,rank,Tm,thermal,,none,extra
1dba839e,31,3,rank,% crystallinity,thermal,0.0,,missing
1dba839e,31,3,rank,crystalline?,classification,no,no,correct
1dba839e,31,3,rank,Conductivity at 80C,conductivity,3.7e-06,,missing
1dba839e,31,3,rank,Transference number,transport,0.31,0.41,wrong
1dba839e,31,3,rank,T for transference,transport,80.0,80.0,correct
1dba839e,31,3,rank,PDI,molecular_weight,5.9,,missing
1dba839e,31,3,rank,Polymer Mn (kDa),molecular_weight,37.0,37000.0,wrong
1dba839e,31,3,rank,Polymer Mw (kDa),molecular_weight,218.3,,missing
1dba839e,31,3,rank,chain architecture,classification,linear,linear,correct
1dba839e,31,3,rank,Solvent used,processing,acetonitrile,acetonitrile,correct
1dba839e,31,3,rank,drying temp,processing,60,60,correct
1dba839e,31,3,rank,drying time (h),processing,24,,missing
1dba839e,31,3,rank,drying vacuum,processing,yes,high,wrong
1dba839e,27,2,rank,Polymer family,classification,"carbonate, ether",carbonate,wrong
1dba839e,27,2,rank,Polymer,identity,polyethylene carbonate,Poly(ethylene carbonate),correct
1dba839e,27,2,rank,SMILES descriptor 1,curator_computed,COC(=O)OC,COC(=O)OC,correct
1dba839e,27,2,rank,SMILES descriptor 2,curator_computed,COC,COC(=O)OC,wrong
1dba839e,27,2,rank,Comonomer percentage,identity,95.2,100.0,wrong
1dba839e,27,2,rank,Average functional group per monomer,curator_computed,,1.0,extra
1dba839e,27,2,rank,Anion,identity,BF4,BF4,correct
1dba839e,27,2,rank,Li:monomer,identity,0.610841334,0.05,wrong
1dba839e,27,2,rank,Li:functional group,identity,0.610841334,0.05,wrong
1dba839e,27,2,rank,salt wt%,identity,40.0,,missing
1dba839e,27,2,rank,Tg polymer without salt,thermal,9.0,,missing
1dba839e,27,2,rank,Tm,thermal,,none,extra
1dba839e,27,2,rank,% crystallinity,thermal,0.0,,missing
1dba839e,27,2,rank,crystalline?,classification,no,no,correct
1dba839e,27,2,rank,Conductivity at 80C,conductivity,0.000158326,,missing
1dba839e,27,2,rank,Transference number,transport,0.17,0.17,correct
1dba839e,27,2,rank,T for transference,transport,80.0,80.0,correct
1dba839e,27,2,rank,PDI,molecular_weight,5.9,,missing
1dba839e,27,2,rank,Polymer Mn (kDa),molecular_weight,37.0,37000.0,wrong
1dba839e,27,2,rank,Polymer Mw (kDa),molecular_weight,218.3,,missing
1dba839e,27,2,rank,chain architecture,classification,linear,linear,correct
1dba839e,27,2,rank,Solvent used,processing,acetonitrile,acetonitrile,correct
1dba839e,27,2,rank,drying temp,processing,60,60,correct
1dba839e,27,2,rank,drying time (h),processing,24,,missing
1dba839e,27,2,rank,drying vacuum,processing,yes,high,wrong
1dba839e,20,,unmatched,Polymer family,classification,"carbonate, ether",,missing
1dba839e,20,,unmatched,Polymer,identity,polyethylene carbonate,,missing
1dba839e,20,,unmatched,SMILES descriptor 1,curator_computed,COC(=O)OC,,missing
1dba839e,20,,unmatched,SMILES descriptor 2,curator_computed,COC,,missing
1dba839e,20,,unmatched,Comonomer percentage,identity,95.2,,missing
1dba839e,20,,unmatched,Anion,identity,TFSI,,missing
1dba839e,20,,unmatched,Li:monomer,identity,0.199513124,,missing
1dba839e,20,,unmatched,Li:functional group,identity,0.199513124,,missing
1dba839e,20,,unmatched,salt wt%,identity,40.0,,missing
1dba839e,20,,unmatched,Tg polymer without salt,thermal,9.0,,missing
1dba839e,20,,unmatched,% crystallinity,thermal,0.0,,missing
1dba839e,20,,unmatched,crystalline?,classification,no,,missing
1dba839e,20,,unmatched,Conductivity at 80C,conductivity,3.5e-05,,missing
1dba839e,20,,unmatched,Transference number,transport,0.57,,missing
1dba839e,20,,unmatched,T for transference,transport,80.0,,missing
1dba839e,20,,unmatched,PDI,molecular_weight,5.9,,missing
1dba839e,20,,unmatched,Polymer Mn (kDa),molecular_weight,37.0,,missing
1dba839e,20,,unmatched,Polymer Mw (kDa),molecular_weight,218.3,,missing
1dba839e,20,,unmatched,chain architecture,classification,linear,,missing
1dba839e,20,,unmatched,Solvent used,processing,acetonitrile,,missing
1dba839e,20,,unmatched,drying temp,processing,60,,missing
1dba839e,20,,unmatched,drying time (h),processing,24,,missing
1dba839e,20,,unmatched,drying vacuum,processing,yes,,missing
1dba839e,22,,unmatched,Polymer family,classification,"carbonate, ether",,missing
1dba839e,22,,unmatched,Polymer,identity,polyethylene carbonate,,missing
1dba839e,22,,unmatched,SMILES descriptor 1,curator_computed,COC(=O)OC,,missing
1dba839e,22,,unmatched,SMILES descriptor 2,curator_computed,COC,,missing
1dba839e,22,,unmatched,Comonomer percentage,identity,95.2,,missing
1dba839e,22,,unmatched,Anion,identity,TFSI,,missing
1dba839e,22,,unmatched,Li:monomer,identity,1.197078746,,missing
1dba839e,22,,unmatched,Li:functional group,identity,1.197078746,,missing
1dba839e,22,,unmatched,salt wt%,identity,80.0,,missing
1dba839e,22,,unmatched,Tg polymer without salt,thermal,9.0,,missing
1dba839e,22,,unmatched,% crystallinity,thermal,0.0,,missing
1dba839e,22,,unmatched,crystalline?,classification,no,,missing
1dba839e,22,,unmatched,Conductivity at 80C,conductivity,0.000316708,,missing
1dba839e,22,,unmatched,Transference number,transport,0.63,,missing
1dba839e,22,,unmatched,T for transference,transport,80.0,,missing
1dba839e,22,,unmatched,PDI,molecular_weight,5.9,,missing
1dba839e,22,,unmatched,Polymer Mn (kDa),molecular_weight,37.0,,missing
1dba839e,22,,unmatched,Polymer Mw (kDa),molecular_weight,218.3,,missing
1dba839e,22,,unmatched,chain architecture,classification,linear,,missing
1dba839e,22,,unmatched,Solvent used,processing,acetonitrile,,missing
1dba839e,22,,unmatched,drying temp,processing,60,,missing
1dba839e,22,,unmatched,drying time (h),processing,24,,missing
1dba839e,22,,unmatched,drying vacuum,processing,yes,,missing
1dba839e,23,,unmatched,Polymer family,classification,"carbonate, ether",,missing
1dba839e,23,,unmatched,Polymer,identity,polyethylene carbonate,,missing
1dba839e,23,,unmatched,SMILES descriptor 1,curator_computed,COC(=O)OC,,missing
1dba839e,23,,unmatched,SMILES descriptor 2,curator_computed,COC,,missing
1dba839e,23,,unmatched,Comonomer percentage,identity,95.2,,missing
1dba839e,23,,unmatched,Anion,identity,ClO4,,missing
1dba839e,23,,unmatched,Li:monomer,identity,0.20181015,,missing
1dba839e,23,,unmatched,Li:functional group,identity,0.20181015,,missing
1dba839e,23,,unmatched,salt wt%,identity,20.0,,missing
1dba839e,23,,unmatched,Tg polymer without salt,thermal,9.0,,missing
1dba839e,23,,unmatched,% crystallinity,thermal,0.0,,missing
1dba839e,23,,unmatched,crystalline?,classification,no,,missing
1dba839e,23,,unmatched,Conductivity at 80C,conductivity,3.01e-05,,missing
1dba839e,23,,unmatched,Transference number,transport,0.27,,missing
1dba839e,23,,unmatched,T for transference,transport,80.0,,missing
1dba839e,23,,unmatched,PDI,molecular_weight,5.9,,missing
1dba839e,23,,unmatched,Polymer Mn (kDa),molecular_weight,37.0,,missing
1dba839e,23,,unmatched,Polymer Mw (kDa),molecular_weight,218.3,,missing
1dba839e,23,,unmatched,chain architecture,classification,linear,,missing
1dba839e,23,,unmatched,Solvent used,processing,acetonitrile,,missing
1dba839e,23,,unmatched,drying temp,processing,60,,missing
1dba839e,23,,unmatched,drying time (h),processing,24,,missing
1dba839e,23,,unmatched,drying vacuum,processing,yes,,missing
1dba839e,25,,unmatched,Polymer family,classification,"carbonate, ether",,missing
1dba839e,25,,unmatched,Polymer,identity,polyethylene carbonate,,missing
1dba839e,25,,unmatched,SMILES descriptor 1,curator_computed,COC(=O)OC,,missing
1dba839e,25,,unmatched,SMILES descriptor 2,curator_computed,COC,,missing
1dba839e,25,,unmatched,Comonomer percentage,identity,95.2,,missing
1dba839e,25,,unmatched,Anion,identity,ClO4,,missing
1dba839e,25,,unmatched,Li:monomer,identity,1.210860902,,missing
1dba839e,25,,unmatched,Li:functional group,identity,1.210860902,,missing
1dba839e,25,,unmatched,salt wt%,identity,60.0,,missing
1dba839e,25,,unmatched,Tg polymer without salt,thermal,9.0,,missing
1dba839e,25,,unmatched,% crystallinity,thermal,0.0,,missing
1dba839e,25,,unmatched,crystalline?,classification,no,,missing
1dba839e,25,,unmatched,Conductivity at 80C,conductivity,2.81e-05,,missing
1dba839e,25,,unmatched,Transference number,transport,0.23,,missing
1dba839e,25,,unmatched,T for transference,transport,80.0,,missing
1dba839e,25,,unmatched,PDI,molecular_weight,5.9,,missing
1dba839e,25,,unmatched,Polymer Mn (kDa),molecular_weight,37.0,,missing
1dba839e,25,,unmatched,Polymer Mw (kDa),molecular_weight,218.3,,missing
1dba839e,25,,unmatched,chain architecture,classification,linear,,missing
1dba839e,25,,unmatched,Solvent used,processing,acetonitrile,,missing
1dba839e,25,,unmatched,drying temp,processing,60,,missing
1dba839e,25,,unmatched,drying time (h),processing,24,,missing
1dba839e,25,,unmatched,drying vacuum,processing,yes,,missing
1dba839e,26,,unmatched,Polymer family,classification,"carbonate, ether",,missing
1dba839e,26,,unmatched,Polymer,identity,polyethylene carbonate,,missing
1dba839e,26,,unmatched,SMILES descriptor 1,curator_computed,COC(=O)OC,,missing
1dba839e,26,,unmatched,SMILES descriptor 2,curator_computed,COC,,missing
1dba839e,26,,unmatched,Comonomer percentage,identity,95.2,,missing
1dba839e,26,,unmatched,Anion,identity,BF4,,missing
1dba839e,26,,unmatched,Li:monomer,identity,0.2290655,,missing
1dba839e,26,,unmatched,Li:functional group,identity,0.2290655,,missing
1dba839e,26,,unmatched,salt wt%,identity,20.0,,missing
1dba839e,26,,unmatched,Tg polymer without salt,thermal,9.0,,missing
1dba839e,26,,unmatched,% crystallinity,thermal,0.0,,missing
1dba839e,26,,unmatched,crystalline?,classification,no,,missing
1dba839e,26,,unmatched,Conductivity at 80C,conductivity,1.89e-05,,missing
1dba839e,26,,unmatched,Transference number,transport,0.22,,missing
1dba839e,26,,unmatched,T for transference,transport,80.0,,missing
1dba839e,26,,unmatched,PDI,molecular_weight,5.9,,missing
1dba839e,26,,unmatched,Polymer Mn (kDa),molecular_weight,37.0,,missing
1dba839e,26,,unmatched,Polymer Mw (kDa),molecular_weight,218.3,,missing
1dba839e,26,,unmatched,chain architecture,classification,linear,,missing
1dba839e,26,,unmatched,Solvent used,processing,acetonitrile,,missing
1dba839e,26,,unmatched,drying temp,processing,60,,missing
1dba839e,26,,unmatched,drying time (h),processing,24,,missing
1dba839e,26,,unmatched,drying vacuum,processing,yes,,missing
1dba839e,28,,unmatched,Polymer family,classification,"carbonate, ether",,missing
1dba839e,28,,unmatched,Polymer,identity,polyethylene carbonate,,missing
1dba839e,28,,unmatched,SMILES descriptor 1,curator_computed,COC(=O)OC,,missing
1dba839e,28,,unmatched,SMILES descriptor 2,curator_computed,COC,,missing
1dba839e,28,,unmatched,Comonomer percentage,identity,95.2,,missing
1dba839e,28,,unmatched,Anion,identity,BF4,,missing
1dba839e,28,,unmatched,Li:monomer,identity,0.916262001,,missing
1dba839e,28,,unmatched,Li:functional group,identity,0.916262001,,missing
1dba839e,28,,unmatched,salt wt%,identity,50.0,,missing
1dba839e,28,,unmatched,Tg polymer without salt,thermal,9.0,,missing
1dba839e,28,,unmatched,% crystallinity,thermal,0.0,,missing
1dba839e,28,,unmatched,crystalline?,classification,no,,missing
1dba839e,28,,unmatched,Conductivity at 80C,conductivity,0.000149927,,missing
1dba839e,28,,unmatched,Transference number,transport,0.16,,missing
1dba839e,28,,unmatched,T for transference,transport,80.0,,missing
1dba839e,28,,unmatched,PDI,molecular_weight,5.9,,missing
1dba839e,28,,unmatched,Polymer Mn (kDa),molecular_weight,37.0,,missing
1dba839e,28,,unmatched,Polymer Mw (kDa),molecular_weight,218.3,,missing
1dba839e,28,,unmatched,chain architecture,classification,linear,,missing
1dba839e,28,,unmatched,Solvent used,processing,acetonitrile,,missing
1dba839e,28,,unmatched,drying temp,processing,60,,missing
1dba839e,28,,unmatched,drying time (h),processing,24,,missing
1dba839e,28,,unmatched,drying vacuum,processing,yes,,missing
1dba839e,29,,unmatched,Polymer family,classification,"carbonate, ether",,missing
1dba839e,29,,unmatched,Polymer,identity,polyethylene carbonate,,missing
1dba839e,29,,unmatched,SMILES descriptor 1,curator_computed,COC(=O)OC,,missing
1dba839e,29,,unmatched,SMILES descriptor 2,curator_computed,COC,,missing
1dba839e,29,,unmatched,Comonomer percentage,identity,95.2,,missing
1dba839e,29,,unmatched,Anion,identity,BF4,,missing
1dba839e,29,,unmatched,Li:monomer,identity,1.374393002,,missing
1dba839e,29,,unmatched,Li:functional group,identity,1.374393002,,missing
1dba839e,29,,unmatched,salt wt%,identity,60.0,,missing
1dba839e,29,,unmatched,Tg polymer without salt,thermal,9.0,,missing
1dba839e,29,,unmatched,% crystallinity,thermal,0.0,,missing
1dba839e,29,,unmatched,crystalline?,classification,no,,missing
1dba839e,29,,unmatched,Conductivity at 80C,conductivity,0.000135151,,missing
1dba839e,29,,unmatched,Transference number,transport,0.12,,missing
1dba839e,29,,unmatched,T for transference,transport,80.0,,missing
1dba839e,29,,unmatched,PDI,molecular_weight,5.9,,missing
1dba839e,29,,unmatched,Polymer Mn (kDa),molecular_weight,37.0,,missing
1dba839e,29,,unmatched,Polymer Mw (kDa),molecular_weight,218.3,,missing
1dba839e,29,,unmatched,chain architecture,classification,linear,,missing
1dba839e,29,,unmatched,Solvent used,processing,acetonitrile,,missing
1dba839e,29,,unmatched,drying temp,processing,60,,missing
1dba839e,29,,unmatched,drying time (h),processing,24,,missing
1dba839e,29,,unmatched,drying vacuum,processing,yes,,missing
1dba839e,30,,unmatched,Polymer family,classification,"carbonate, ether",,missing
1dba839e,30,,unmatched,Polymer,identity,polyethylene carbonate,,missing
1dba839e,30,,unmatched,SMILES descriptor 1,curator_computed,COC(=O)OC,,missing
1dba839e,30,,unmatched,SMILES descriptor 2,curator_computed,COC,,missing
1dba839e,30,,unmatched,Comonomer percentage,identity,95.2,,missing
1dba839e,30,,unmatched,Anion,identity,PF6,,missing
1dba839e,30,,unmatched,Li:monomer,identity,0.029760022,,missing
1dba839e,30,,unmatched,Li:functional group,identity,0.029760022,,missing
1dba839e,30,,unmatched,salt wt%,identity,5.0,,missing
1dba839e,30,,unmatched,Tg polymer without salt,thermal,9.0,,missing
1dba839e,30,,unmatched,% crystallinity,thermal,0.0,,missing
1dba839e,30,,unmatched,crystalline?,classification,no,,missing
1dba839e,30,,unmatched,Conductivity at 80C,conductivity,2.39e-05,,missing
1dba839e,30,,unmatched,Transference number,transport,0.4,,missing
1dba839e,30,,unmatched,T for transference,transport,80.0,,missing
1dba839e,30,,unmatched,PDI,molecular_weight,5.9,,missing
1dba839e,30,,unmatched,Polymer Mn (kDa),molecular_weight,37.0,,missing
1dba839e,30,,unmatched,Polymer Mw (kDa),molecular_weight,218.3,,missing
1dba839e,30,,unmatched,chain architecture,classification,linear,,missing
1dba839e,30,,unmatched,Solvent used,processing,acetonitrile,,missing
1dba839e,30,,unmatched,drying temp,processing,60,,missing
1dba839e,30,,unmatched,drying time (h),processing,24,,missing
1dba839e,30,,unmatched,drying vacuum,processing,yes,,missing
1dba839e,32,,unmatched,Polymer family,classification,"carbonate, ether",,missing
1dba839e,32,,unmatched,Polymer,identity,polyethylene carbonate,,missing
1dba839e,32,,unmatched,SMILES descriptor 1,curator_computed,COC(=O)OC,,missing
1dba839e,32,,unmatched,SMILES descriptor 2,curator_computed,COC,,missing
1dba839e,32,,unmatched,Comonomer percentage,identity,95.2,,missing
1dba839e,32,,unmatched,Anion,identity,PF6,,missing
1dba839e,32,,unmatched,Li:monomer,identity,0.376960281,,missing
1dba839e,32,,unmatched,Li:functional group,identity,0.376960281,,missing
1dba839e,32,,unmatched,salt wt%,identity,40.0,,missing
1dba839e,32,,unmatched,Tg polymer without salt,thermal,9.0,,missing
1dba839e,32,,unmatched,% crystallinity,thermal,0.0,,missing
1dba839e,32,,unmatched,crystalline?,classification,no,,missing
1dba839e,32,,unmatched,Conductivity at 80C,conductivity,2.34e-06,,missing
1dba839e,32,,unmatched,Transference number,transport,0.17,,missing
1dba839e,32,,unmatched,T for transference,transport,80.0,,missing
1dba839e,32,,unmatched,PDI,molecular_weight,5.9,,missing
1dba839e,32,,unmatched,Polymer Mn (kDa),molecular_weight,37.0,,missing
1dba839e,32,,unmatched,Polymer Mw (kDa),molecular_weight,218.3,,missing
1dba839e,32,,unmatched,chain architecture,classification,linear,,missing
1dba839e,32,,unmatched,Solvent used,processing,acetonitrile,,missing
1dba839e,32,,unmatched,drying temp,processing,60,,missing
1dba839e,32,,unmatched,drying time (h),processing,24,,missing
1dba839e,32,,unmatched,drying vacuum,processing,yes,,missing
2c7161a7,319,0,direct,Polymer family,classification,ether,ether,correct
2c7161a7,319,0,direct,Polymer,identity,PEO,Polyethylene oxide (PEO),correct
2c7161a7,319,0,direct,SMILES descriptor 1,curator_computed,COC,COC,correct
2c7161a7,319,0,direct,SMILES descriptor 2,curator_computed,COC,COC,correct
2c7161a7,319,0,direct,Comonomer percentage,identity,100.0,100.0,correct
2c7161a7,319,0,direct,Average functional group per monomer,curator_computed,1.0,1.0,correct
2c7161a7,319,0,direct,Anion,identity,ClO4,ClO4,correct
2c7161a7,319,0,direct,Li:monomer,identity,,0.0833,extra
2c7161a7,319,0,direct,Li:functional group,identity,0.083333333,0.0833,correct
2c7161a7,319,0,direct,Tg,thermal,-31.56,-31.56,correct
2c7161a7,319,0,direct,Tm,thermal,52.6,,missing
2c7161a7,319,0,direct,Tm start,thermal,,52.55,extra
2c7161a7,319,0,direct,Tm end,thermal,,52.55,extra
2c7161a7,319,0,direct,% crystallinity,thermal,22.6,22.57,correct
2c7161a7,319,0,direct,crystalline?,classification,yes,no,wrong
2c7161a7,319,0,direct,Conductivity at 0C,conductivity,1.55e-09,,missing
2c7161a7,319,0,direct,Conductivity at 15C,conductivity,1.05e-07,,missing
2c7161a7,319,0,direct,Conductivity at 20C,conductivity,3.88e-07,,missing
2c7161a7,319,0,direct,Conductivity at 25C,conductivity,1.38e-06,,missing
2c7161a7,319,0,direct,Conductivity at 27C,conductivity,2.05e-06,,missing
2c7161a7,319,0,direct,Conductivity at 30C,conductivity,4.67e-06,,missing
2c7161a7,319,0,direct,Conductivity at 35C,conductivity,1.53e-05,,missing
2c7161a7,319,0,direct,Conductivity at 40C,conductivity,4.8e-05,,missing
2c7161a7,319,0,direct,VFT prefactor (S/cm*T^(1/2)),fits,1.9e+25,,missing
2c7161a7,319,0,direct,VFT activation energy (K),fits,19021.0,,missing
2c7161a7,319,0,direct,VFT T0 (degC),fits,-251.0,,missing
2c7161a7,319,0,direct,VFT prefactor with set T0,fits,360000.0,,missing
2c7161a7,319,0,direct,VFT activation energy with fixed T0 (K),fits,2489.0,,missing
2c7161a7,319,0,direct,Fixed T0 (degC),fits,-82.0,,missing
2c7161a7,319,0,direct,Arrhenius Ea (eV) low T,fits,1.88,1.88,correct
2c7161a7,319,0,direct,Arrhenius Ea (eV),fits,1.9,1.88,correct
2c7161a7,319,0,direct,Arrhenius prefactor (S/cm),fits,2.2e+26,,missing
2c7161a7,319,0,direct,Polymer Mn (kDa),molecular_weight,,400000.0,extra
2c7161a7,319,0,direct,Polymer Mw (kDa),molecular_weight,400.0,,missing
2c7161a7,319,0,direct,chain architecture,classification,linear,linear,correct
2c7161a7,319,0,direct,Solvent used,processing,acetonitrile,acetonitrile,correct
2c7161a7,319,0,direct,drying temp,processing,60,60,correct
2c7161a7,319,0,direct,drying time (h),processing,36,,missing
2c7161a7,319,0,direct,drying vacuum,processing,yes,high,wrong
2c7161a7,315,1,direct,Polymer family,classification,ether,ether,correct
2c7161a7,315,1,direct,Polymer,identity,PEO,Polyethylene oxide (PEO),correct
2c7161a7,315,1,direct,SMILES descriptor 1,curator_computed,COC,COC,correct
2c7161a7,315,1,direct,SMILES descriptor 2,curator_computed,COC,COC,correct
2c7161a7,315,1,direct,Comonomer percentage,identity,100.0,100.0,correct
2c7161a7,315,1,direct,Average functional group per monomer,curator_computed,1.0,1.0,correct
2c7161a7,315,1,direct,Anion,identity,I,I,correct
2c7161a7,315,1,direct,Li:monomer,identity,,0.0833,extra
2c7161a7,315,1,direct,Li:functional group,identity,0.083333333,0.0833,correct
2c7161a7,315,1,direct,Tg,thermal,-36.35,-36.35,correct
2c7161a7,315,1,direct,Tm,thermal,51.9,,missing
2c7161a7,315,1,direct,Tm start,thermal,,55.92,extra
2c7161a7,315,1,direct,Tm end,thermal,,55.92,extra
2c7161a7,315,1,direct,% crystallinity,thermal,24.3,24.3,correct
2c7161a7,315,1,direct,crystalline?,classification,yes,no,wrong
2c7161a7,315,1,direct,Conductivity at 15C,conductivity,9.47e-09,,missing
2c7161a7,315,1,direct,Conductivity at 20C,conductivity,3.7e-08,,missing
2c7161a7,315,1,direct,Conductivity at 25C,conductivity,1.38e-07,,missing
2c7161a7,315,1,direct,Conductivity at 27C,conductivity,2.34e-07,,missing
2c7161a7,315,1,direct,Conductivity at 30C,conductivity,4.96e-07,,missing
2c7161a7,315,1,direct,Conductivity at 35C,conductivity,1.7e-06,,missing
2c7161a7,315,1,direct,Conductivity at 40C,conductivity,5.62e-06,,missing
2c7161a7,315,1,direct,Conductivity at 45C,conductivity,1.79e-05,,missing
2c7161a7,315,1,direct,VFT prefactor (S/cm*T^(1/2)),fits,2.7000000000000004e+26,,missing
2c7161a7,315,1,direct,VFT activation energy (K),fits,20883.0,,missing
2c7161a7,315,1,direct,VFT T0 (degC),fits,-258.0,,missing
2c7161a7,315,1,direct,VFT prefactor with set T0,fits,5200000.0,,missing
2c7161a7,315,1,direct,VFT activation energy with fixed T0 (K),fits,3127.0,,missing
2c7161a7,315,1,direct,Fixed T0 (degC),fits,-86.0,,missing
2c7161a7,315,1,direct,Arrhenius Ea (eV) low T,fits,1.98,1.98,correct
2c7161a7,315,1,direct,Arrhenius Ea (eV),fits,1.98,1.98,correct
2c7161a7,315,1,direct,Arrhenius prefactor (S/cm),fits,5.200000000000001e+26,,missing
2c7161a7,315,1,direct,Polymer Mn (kDa),molecular_weight,,400000.0,extra
2c7161a7,315,1,direct,Polymer Mw (kDa),molecular_weight,400.0,,missing
2c7161a7,315,1,direct,chain architecture,classification,linear,linear,correct
2c7161a7,315,1,direct,Solvent used,processing,acetonitrile,acetonitrile,correct
2c7161a7,315,1,direct,drying temp,processing,60,60,correct
2c7161a7,315,1,direct,drying time (h),processing,36,,missing
2c7161a7,315,1,direct,drying vacuum,processing,yes,high,wrong
2c7161a7,323,2,direct,Polymer family,classification,ether,ether,correct
2c7161a7,323,2,direct,Polymer,identity,PEO,Polyethylene oxide (PEO),correct
2c7161a7,323,2,direct,SMILES descriptor 1,curator_computed,COC,COC,correct
2c7161a7,323,2,direct,SMILES descriptor 2,curator_computed,COC,COC,correct
2c7161a7,323,2,direct,Comonomer percentage,identity,100.0,100.0,correct
2c7161a7,323,2,direct,Average functional group per monomer,curator_computed,1.0,1.0,correct
2c7161a7,323,2,direct,Anion,identity,CF3SO3,CF3SO3,correct
2c7161a7,323,2,direct,Li:monomer,identity,,0.0833,extra
2c7161a7,323,2,direct,Li:functional group,identity,0.083333333,0.0833,correct
2c7161a7,323,2,direct,Tg,thermal,-43.78,-43.78,correct
2c7161a7,323,2,direct,Tm,thermal,78.2,,missing
2c7161a7,323,2,direct,Tm start,thermal,,66.3,extra
2c7161a7,323,2,direct,Tm end,thermal,,66.3,extra
2c7161a7,323,2,direct,% crystallinity,thermal,36.6,36.58,correct
2c7161a7,323,2,direct,crystalline?,classification,yes,no,wrong
2c7161a7,323,2,direct,Conductivity at 0C,conductivity,4.2e-10,,missing
2c7161a7,323,2,direct,Conductivity at 15C,conductivity,7.01e-09,,missing
2c7161a7,323,2,direct,Conductivity at 20C,conductivity,1.68e-08,,missing
2c7161a7,323,2,direct,Conductivity at 25C,conductivity,3.91e-08,,missing
2c7161a7,323,2,direct,Conductivity at 27C,conductivity,5.06e-08,,missing
2c7161a7,323,2,direct,Conductivity at 30C,conductivity,8.84e-08,,missing
2c7161a7,323,2,direct,Conductivity at 35C,conductivity,1.95e-07,,missing
2c7161a7,323,2,direct,Conductivity at 40C,conductivity,4.19e-07,,missing
2c7161a7,323,2,direct,Conductivity at 45C,conductivity,8.79e-07,,missing
2c7161a7,323,2,direct,Conductivity at 50C,conductivity,1.8e-06,,missing
2c7161a7,323,2,direct,VFT prefactor (S/cm*T^(1/2)),fits,3600000000000000.0,,missing
2c7161a7,323,2,direct,VFT activation energy (K),fits,15000.0,,missing
2c7161a7,323,2,direct,VFT T0 (degC),fits,-273.15,,missing
2c7161a7,323,2,direct,VFT prefactor with set T0,fits,100.4,,missing
2c7161a7,323,2,direct,VFT activation energy with fixed T0 (K),fits,2211.0,,missing
2c7161a7,323,2,direct,Fixed T0 (degC),fits,-94.0,,missing
2c7161a7,323,2,direct,Arrhenius Ea (eV) low T,fits,1.27,1.27,correct
2c7161a7,323,2,direct,Arrhenius Ea (eV),fits,1.3,1.27,correct
2c7161a7,323,2,direct,Arrhenius prefactor (S/cm),fits,130000000000000.0,,missing
2c7161a7,323,2,direct,Polymer Mn (kDa),molecular_weight,,400000.0,extra
2c7161a7,323,2,direct,Polymer Mw (kDa),molecular_weight,400.0,,missing
2c7161a7,323,2,direct,chain architecture,classification,linear,linear,correct
2c7161a7,323,2,direct,Solvent used,processing,acetonitrile,acetonitrile,correct
2c7161a7,323,2,direct,drying temp,processing,60,60,correct
2c7161a7,323,2,direct,drying time (h),processing,36,,missing
2c7161a7,323,2,direct,drying vacuum,processing,yes,high,wrong
2c7161a7,313,,unmatched,Polymer family,classification,ether,,missing
2c7161a7,313,,unmatched,Polymer,identity,PEO,,missing
2c7161a7,313,,unmatched,SMILES descriptor 1,curator_computed,COC,,missing
2c7161a7,313,,unmatched,SMILES descriptor 2,curator_computed,COC,,missing
2c7161a7,313,,unmatched,Comonomer percentage,identity,100.0,,missing
2c7161a7,313,,unmatched,Average functional group per monomer,curator_computed,1.0,,missing
2c7161a7,313,,unmatched,Anion,identity,I,,missing
2c7161a7,313,,unmatched,Li:functional group,identity,0.055555556,,missing
2c7161a7,313,,unmatched,Tg,thermal,-36.52,,missing
2c7161a7,313,,unmatched,Tm,thermal,82.1,,missing
2c7161a7,313,,unmatched,% crystallinity,thermal,38.4,,missing
2c7161a7,313,,unmatched,crystalline?,classification,yes,,missing
2c7161a7,313,,unmatched,Conductivity at 27C,conductivity,1.49e-06,,missing
2c7161a7,313,,unmatched,Arrhenius Ea (eV) low T,fits,1.64,,missing
2c7161a7,313,,unmatched,Polymer Mw (kDa),molecular_weight,400.0,,missing
2c7161a7,313,,unmatched,chain architecture,classification,linear,,missing
2c7161a7,313,,unmatched,Solvent used,processing,acetonitrile,,missing
2c7161a7,313,,unmatched,drying temp,processing,60,,missing
2c7161a7,313,,unmatched,drying time (h),processing,36,,missing
2c7161a7,313,,unmatched,drying vacuum,processing,yes,,missing
2c7161a7,314,,unmatched,Polymer family,classification,ether,,missing
2c7161a7,314,,unmatched,Polymer,identity,PEO,,missing
2c7161a7,314,,unmatched,SMILES descriptor 1,curator_computed,COC,,missing
2c7161a7,314,,unmatched,SMILES descriptor 2,curator_computed,COC,,missing
2c7161a7,314,,unmatched,Comonomer percentage,identity,100.0,,missing
2c7161a7,314,,unmatched,Average functional group per monomer,curator_computed,1.0,,missing
2c7161a7,314,,unmatched,Anion,identity,I,,missing
2c7161a7,314,,unmatched,Li:functional group,identity,0.066666667,,missing
2c7161a7,314,,unmatched,Tg,thermal,-35.69,,missing
2c7161a7,314,,unmatched,Tm,thermal,70.8,,missing
2c7161a7,314,,unmatched,% crystallinity,thermal,33.1,,missing
2c7161a7,314,,unmatched,crystalline?,classification,yes,,missing
2c7161a7,314,,unmatched,Conductivity at 27C,conductivity,1.66e-06,,missing
2c7161a7,314,,unmatched,Arrhenius Ea (eV) low T,fits,1.69,,missing
2c7161a7,314,,unmatched,Polymer Mw (kDa),molecular_weight,400.0,,missing
2c7161a7,314,,unmatched,chain architecture,classification,linear,,missing
2c7161a7,314,,unmatched,Solvent used,processing,acetonitrile,,missing
2c7161a7,314,,unmatched,drying temp,processing,60,,missing
2c7161a7,314,,unmatched,drying time (h),processing,36,,missing
2c7161a7,314,,unmatched,drying vacuum,processing,yes,,missing
2c7161a7,316,,unmatched,Polymer family,classification,ether,,missing
2c7161a7,316,,unmatched,Polymer,identity,PEO,,missing
2c7161a7,316,,unmatched,SMILES descriptor 1,curator_computed,COC,,missing
2c7161a7,316,,unmatched,SMILES descriptor 2,curator_computed,COC,,missing
2c7161a7,316,,unmatched,Comonomer percentage,identity,100.0,,missing
2c7161a7,316,,unmatched,Average functional group per monomer,curator_computed,1.0,,missing
2c7161a7,316,,unmatched,Anion,identity,I,,missing
2c7161a7,316,,unmatched,Li:functional group,identity,0.111111111,,missing
2c7161a7,316,,unmatched,Tg,thermal,-35.54,,missing
2c7161a7,316,,unmatched,Tm,thermal,24.7,,missing
2c7161a7,316,,unmatched,% crystallinity,thermal,11.5,,missing
2c7161a7,316,,unmatched,crystalline?,classification,yes,,missing
2c7161a7,316,,unmatched,Conductivity at 27C,conductivity,7.13e-05,,missing
2c7161a7,316,,unmatched,Arrhenius Ea (eV) low T,fits,1.31,,missing
2c7161a7,316,,unmatched,Polymer Mw (kDa),molecular_weight,400.0,,missing
2c7161a7,316,,unmatched,chain architecture,classification,linear,,missing
2c7161a7,316,,unmatched,Solvent used,processing,acetonitrile,,missing
2c7161a7,316,,unmatched,drying temp,processing,60,,missing
2c7161a7,316,,unmatched,drying time (h),processing,36,,missing
2c7161a7,316,,unmatched,drying vacuum,processing,yes,,missing
2c7161a7,317,,unmatched,Polymer family,classification,ether,,missing
2c7161a7,317,,unmatched,Polymer,identity,PEO,,missing
2c7161a7,317,,unmatched,SMILES descriptor 1,curator_computed,COC,,missing
2c7161a7,317,,unmatched,SMILES descriptor 2,curator_computed,COC,,missing
2c7161a7,317,,unmatched,Comonomer percentage,identity,100.0,,missing
2c7161a7,317,,unmatched,Average functional group per monomer,curator_computed,1.0,,missing
2c7161a7,317,,unmatched,Anion,identity,ClO4,,missing
2c7161a7,317,,unmatched,Li:functional group,identity,0.055555556,,missing
2c7161a7,317,,unmatched,Tg,thermal,-31.25,,missing
2c7161a7,317,,unmatched,Tm,thermal,60.3,,missing
2c7161a7,317,,unmatched,% crystallinity,thermal,38.3,,missing
2c7161a7,317,,unmatched,crystalline?,classification,yes,,missing
2c7161a7,317,,unmatched,Conductivity at 0C,conductivity,4.93e-09,,missing
2c7161a7,317,,unmatched,Conductivity at 15C,conductivity,1.61e-07,,missing
2c7161a7,317,,unmatched,Conductivity at 20C,conductivity,4.75e-07,,missing
2c7161a7,317,,unmatched,Conductivity at 25C,conductivity,1.35e-06,,missing
2c7161a7,317,,unmatched,Conductivity at 27C,conductivity,1.8e-06,,missing
2c7161a7,317,,unmatched,Conductivity at 30C,conductivity,3.72e-06,,missing
2c7161a7,317,,unmatched,Conductivity at 35C,conductivity,9.9e-06,,missing
2c7161a7,317,,unmatched,VFT prefactor (S/cm*T^(1/2)),fits,1.3e+21,,missing
2c7161a7,317,,unmatched,VFT activation energy (K),fits,17013.0,,missing
2c7161a7,317,,unmatched,VFT T0 (degC),fits,-262.0,,missing
2c7161a7,317,,unmatched,VFT prefactor with set T0,fits,976.0,,missing
2c7161a7,317,,unmatched,VFT activation energy with fixed T0 (K),fits,1863.0,,missing
2c7161a7,317,,unmatched,Fixed T0 (degC),fits,-81.0,,missing
2c7161a7,317,,unmatched,Arrhenius Ea (eV) low T,fits,1.57,,missing
2c7161a7,317,,unmatched,Arrhenius Ea (eV),fits,1.58,,missing
2c7161a7,317,,unmatched,Arrhenius prefactor (S/cm),fits,5.9e+20,,missing
2c7161a7,317,,unmatched,Polymer Mw (kDa),molecular_weight,400.0,,missing
2c7161a7,317,,unmatched,chain architecture,classification,linear,,missing
2c7161a7,317,,unmatched,Solvent used,processing,acetonitrile,,missing
2c7161a7,317,,unmatched,drying temp,processing,60,,missing
2c7161a7,317,,unmatched,drying time (h),processing,36,,missing
2c7161a7,317,,unmatched,drying vacuum,processing,yes,,missing
2c7161a7,318,,unmatched,Polymer family,classification,ether,,missing
2c7161a7,318,,unmatched,Polymer,identity,PEO,,missing
2c7161a7,318,,unmatched,SMILES descriptor 1,curator_computed,COC,,missing
2c7161a7,318,,unmatched,SMILES descriptor 2,curator_computed,COC,,missing
2c7161a7,318,,unmatched,Comonomer percentage,identity,100.0,,missing
2c7161a7,318,,unmatched,Average functional group per monomer,curator_computed,1.0,,missing
2c7161a7,318,,unmatched,Anion,identity,ClO4,,missing
2c7161a7,318,,unmatched,Li:functional group,identity,0.066666667,,missing
2c7161a7,318,,unmatched,Tg,thermal,-31.22,,missing
2c7161a7,318,,unmatched,Tm,thermal,59,,missing
2c7161a7,318,,unmatched,% crystallinity,thermal,30.1,,missing
2c7161a7,318,,unmatched,crystalline?,classification,yes,,missing
2c7161a7,318,,unmatched,Conductivity at 0C,conductivity,3.64e-07,,missing
2c7161a7,318,,unmatched,Conductivity at 15C,conductivity,4.81e-06,,missing
2c7161a7,318,,unmatched,Conductivity at 20C,conductivity,1.07e-05,,missing
2c7161a7,318,,unmatched,Conductivity at 25C,conductivity,2.33e-05,,missing
2c7161a7,318,,unmatched,Conductivity at 27C,conductivity,3.14e-05,,missing
2c7161a7,318,,unmatched,Conductivity at 30C,conductivity,4.93e-05,,missing
2c7161a7,318,,unmatched,Conductivity at 35C,conductivity,0.000101753,,missing
2c7161a7,318,,unmatched,Conductivity at 40C,conductivity,0.000205304,,missing
2c7161a7,318,,unmatched,VFT prefactor (S/cm*T^(1/2)),fits,42000000000000.0,,missing
2c7161a7,318,,unmatched,VFT activation energy (K),fits,10206.0,,missing
2c7161a7,318,,unmatched,VFT T0 (degC),fits,-235.0,,missing
2c7161a7,318,,unmatched,VFT prefactor with set T0,fits,31.5,,missing
2c7161a7,318,,unmatched,VFT activation energy with fixed T0 (K),fits,1204.0,,missing
2c7161a7,318,,unmatched,Fixed T0 (degC),fits,-81.0,,missing
2c7161a7,318,,unmatched,Arrhenius Ea (eV) low T,fits,1.2,,missing
2c7161a7,318,,unmatched,Arrhenius Ea (eV),fits,1.12,,missing
2c7161a7,318,,unmatched,Arrhenius prefactor (S/cm),fits,1300000000000000.0,,missing
2c7161a7,318,,unmatched,Polymer Mw (kDa),molecular_weight,400.0,,missing
2c7161a7,318,,unmatched,chain architecture,classification,linear,,missing
2c7161a7,318,,unmatched,Solvent used,processing,acetonitrile,,missing
2c7161a7,318,,unmatched,drying temp,processing,60,,missing
2c7161a7,318,,unmatched,drying time (h),processing,36,,missing
2c7161a7,318,,unmatched,drying vacuum,processing,yes,,missing
2c7161a7,320,,unmatched,Polymer family,classification,ether,,missing
2c7161a7,320,,unmatched,Polymer,identity,PEO,,missing
2c7161a7,320,,unmatched,SMILES descriptor 1,curator_computed,COC,,missing
2c7161a7,320,,unmatched,SMILES descriptor 2,curator_computed,COC,,missing
2c7161a7,320,,unmatched,Comonomer percentage,identity,100.0,,missing
2c7161a7,320,,unmatched,Average functional group per monomer,curator_computed,1.0,,missing
2c7161a7,320,,unmatched,Anion,identity,ClO4,,missing
2c7161a7,320,,unmatched,Li:functional group,identity,0.111111111,,missing
2c7161a7,320,,unmatched,Tg,thermal,-31.28,,missing
2c7161a7,320,,unmatched,Tm,thermal,39.6,,missing
2c7161a7,320,,unmatched,% crystallinity,thermal,0.93,,missing
2c7161a7,320,,unmatched,crystalline?,classification,yes,,missing
2c7161a7,320,,unmatched,Conductivity at 0C,conductivity,1.57e-06,,missing
2c7161a7,320,,unmatched,Conductivity at 15C,conductivity,2.13e-05,,missing
2c7161a7,320,,unmatched,Conductivity at 20C,conductivity,4.77e-05,,missing
2c7161a7,320,,unmatched,Conductivity at 25C,conductivity,0.000104262,,missing
2c7161a7,320,,unmatched,Conductivity at 27C,conductivity,0.000137341,,missing
2c7161a7,320,,unmatched,VFT prefactor (S/cm*T^(1/2)),fits,210000000000000.0,,missing
2c7161a7,320,,unmatched,VFT activation energy (K),fits,10307.0,,missing
2c7161a7,320,,unmatched,VFT T0 (degC),fits,-237.0,,missing
2c7161a7,320,,unmatched,VFT prefactor with set T0,fits,13.7,,missing
2c7161a7,320,,unmatched,VFT activation energy with fixed T0 (K),fits,1032.0,,missing
2c7161a7,320,,unmatched,Fixed T0 (degC),fits,-81.0,,missing
2c7161a7,320,,unmatched,Arrhenius Ea (eV) low T,fits,1.18,,missing
2c7161a7,320,,unmatched,Arrhenius Ea (eV),fits,1.18,,missing
2c7161a7,320,,unmatched,Arrhenius prefactor (S/cm),fits,8200000000000000.0,,missing
2c7161a7,320,,unmatched,Polymer Mw (kDa),molecular_weight,400.0,,missing
2c7161a7,320,,unmatched,chain architecture,classification,linear,,missing
2c7161a7,320,,unmatched,Solvent used,processing,acetonitrile,,missing
2c7161a7,320,,unmatched,drying temp,processing,60,,missing
2c7161a7,320,,unmatched,drying time (h),processing,36,,missing
2c7161a7,320,,unmatched,drying vacuum,processing,yes,,missing
2c7161a7,321,,unmatched,Polymer family,classification,ether,,missing
2c7161a7,321,,unmatched,Polymer,identity,PEO,,missing
2c7161a7,321,,unmatched,SMILES descriptor 1,curator_computed,COC,,missing
2c7161a7,321,,unmatched,SMILES descriptor 2,curator_computed,COC,,missing
2c7161a7,321,,unmatched,Comonomer percentage,identity,100.0,,missing
2c7161a7,321,,unmatched,Average functional group per monomer,curator_computed,1.0,,missing
2c7161a7,321,,unmatched,Anion,identity,CF3SO3,,missing
2c7161a7,321,,unmatched,Li:functional group,identity,0.055555556,,missing
2c7161a7,321,,unmatched,Tg,thermal,-41.88,,missing
2c7161a7,321,,unmatched,Tm,thermal,95.5,,missing
2c7161a7,321,,unmatched,% crystallinity,thermal,44.7,,missing
2c7161a7,321,,unmatched,crystalline?,classification,yes,,missing
2c7161a7,321,,unmatched,Conductivity at 27C,conductivity,5.95e-07,,missing
2c7161a7,321,,unmatched,Arrhenius Ea (eV) low T,fits,1.18,,missing
2c7161a7,321,,unmatched,Polymer Mw (kDa),molecular_weight,400.0,,missing
2c7161a7,321,,unmatched,chain architecture,classification,linear,,missing
2c7161a7,321,,unmatched,Solvent used,processing,acetonitrile,,missing
2c7161a7,321,,unmatched,drying temp,processing,60,,missing
2c7161a7,321,,unmatched,drying time (h),processing,36,,missing
2c7161a7,321,,unmatched,drying vacuum,processing,yes,,missing
2c7161a7,322,,unmatched,Polymer family,classification,ether,,missing
2c7161a7,322,,unmatched,Polymer,identity,PEO,,missing
2c7161a7,322,,unmatched,SMILES descriptor 1,curator_computed,COC,,missing
2c7161a7,322,,unmatched,SMILES descriptor 2,curator_computed,COC,,missing
2c7161a7,322,,unmatched,Comonomer percentage,identity,100.0,,missing
2c7161a7,322,,unmatched,Average functional group per monomer,curator_computed,1.0,,missing
2c7161a7,322,,unmatched,Anion,identity,CF3SO3,,missing
2c7161a7,322,,unmatched,Li:functional group,identity,0.066666667,,missing
2c7161a7,322,,unmatched,Tg,thermal,-42.57,,missing
2c7161a7,322,,unmatched,Tm,thermal,89,,missing
2c7161a7,322,,unmatched,% crystallinity,thermal,41.6,,missing
2c7161a7,322,,unmatched,crystalline?,classification,yes,,missing
2c7161a7,322,,unmatched,Conductivity at 27C,conductivity,3.22e-07,,missing
2c7161a7,322,,unmatched,Arrhenius Ea (eV) low T,fits,1.06,,missing
2c7161a7,322,,unmatched,Polymer Mw (kDa),molecular_weight,400.0,,missing
2c7161a7,322,,unmatched,chain architecture,classification,linear,,missing
2c7161a7,322,,unmatched,Solvent used,processing,acetonitrile,,missing
2c7161a7,322,,unmatched,drying temp,processing,60,,missing
2c7161a7,322,,unmatched,drying time (h),processing,36,,missing
2c7161a7,322,,unmatched,drying vacuum,processing,yes,,missing
2c7161a7,324,,unmatched,Polymer family,classification,ether,,missing
2c7161a7,324,,unmatched,Polymer,identity,PEO,,missing
2c7161a7,324,,unmatched,SMILES descriptor 1,curator_computed,COC,,missing
2c7161a7,324,,unmatched,SMILES descriptor 2,curator_computed,COC,,missing
2c7161a7,324,,unmatched,Comonomer percentage,identity,100.0,,missing
2c7161a7,324,,unmatched,Average functional group per monomer,curator_computed,1.0,,missing
2c7161a7,324,,unmatched,Anion,identity,CF3SO3,,missing
2c7161a7,324,,unmatched,Li:functional group,identity,0.111111111,,missing
2c7161a7,324,,unmatched,Tg,thermal,-42.63,,missing
2c7161a7,324,,unmatched,Tm,thermal,59,,missing
2c7161a7,324,,unmatched,% crystallinity,thermal,27.6,,missing
2c7161a7,324,,unmatched,crystalline?,classification,yes,,missing
2c7161a7,324,,unmatched,Conductivity at 27C,conductivity,6.63e-06,,missing
2c7161a7,324,,unmatched,Arrhenius Ea (eV) low T,fits,1.16,,missing
2c7161a7,324,,unmatched,Polymer Mw (kDa),molecular_weight,400.0,,missing
2c7161a7,324,,unmatched,chain architecture,classification,linear,,missing
2c7161a7,324,,unmatched,Solvent used,processing,acetonitrile,,missing
2c7161a7,324,,unmatched,drying temp,processing,60,,missing
2c7161a7,324,,unmatched,drying time (h),processing,36,,missing
2c7161a7,324,,unmatched,drying vacuum,processing,yes,,missing
569ebb10,234,0,rank,Polymer family,classification,"ether, amide, imidazole","ether, carbonate, ether",wrong
569ebb10,234,0,rank,Polymer,identity,poly(ethylene oxide-co-allyl glycidyl ether amide imidazole,PIGE,wrong
569ebb10,234,0,rank,SMILES descriptor 1,curator_computed,C(COCCCSCCCC(=O)NCCN1C=NC=C1)OC,COC,wrong
569ebb10,234,0,rank,SMILES descriptor 2,curator_computed,COC,COC,correct
569ebb10,234,0,rank,Comonomer percentage,identity,17.0,17.0,correct
569ebb10,234,0,rank,Average functional group per monomer,curator_computed,1.51,0.17,wrong
569ebb10,234,0,rank,Anion,identity,TFSI,TFSI,correct
569ebb10,234,0,rank,Li:monomer,identity,0.0085,0.1,wrong
569ebb10,234,0,rank,Li:functional group,identity,0.005629139,0.59,wrong
569ebb10,234,0,rank,salt wt%,identity,,4.8,extra
569ebb10,234,0,rank,Tg,thermal,-33.0,-32.0,correct
569ebb10,234,0,rank,Tg polymer without salt,thermal,-33.0,-33.0,correct
569ebb10,234,0,rank,Tm,thermal,,none,extra
569ebb10,234,0,rank,crystalline?,classification,no,no,correct
569ebb10,234,0,rank,Conductivity at 30C,conductivity,4.28e-07,,missing
569ebb10,234,0,rank,Conductivity at 35C,conductivity,7.86e-07,,missing
569ebb10,234,0,rank,Conductivity at 40C,conductivity,1.33e-06,,missing
569ebb10,234,0,rank,Conductivity at 45C,conductivity,2.11e-06,,missing
569ebb10,234,0,rank,Conductivity at 50C,conductivity,3.15e-06,,missing
569ebb10,234,0,rank,Conductivity at 55C,conductivity,4.51e-06,,missing
569ebb10,234,0,rank,Conductivity at 60C,conductivity,6.21e-06,,missing
569ebb10,234,0,rank,Conductivity at 65C,conductivity,8.28e-06,,missing
569ebb10,234,0,rank,Conductivity at 70C,conductivity,1.07e-05,1.7,wrong
569ebb10,234,0,rank,Conductivity at 75C,conductivity,1.36e-05,,missing
569ebb10,234,0,rank,Conductivity at 80C,conductivity,1.68e-05,2.5,wrong
569ebb10,234,0,rank,Conductivity at 85C,conductivity,2.04e-05,,missing
569ebb10,234,0,rank,Conductivity at 90C,conductivity,2.45e-05,,missing
569ebb10,234,0,rank,Transference number,transport,,0.19,extra
569ebb10,234,0,rank,T for transference,transport,,80.0,extra
569ebb10,234,0,rank,VFT prefactor (S/cm*T^(1/2)),fits,0.04,,missing
569ebb10,234,0,rank,VFT activation energy (K),fits,557.0,,missing
569ebb10,234,0,rank,VFT T0 (degC),fits,-35.0,,missing
569ebb10,234,0,rank,VFT prefactor with set T0,fits,1.2,,missing
569ebb10,234,0,rank,VFT activation energy with fixed T0 (K),fits,1341.0,,missing
569ebb10,234,0,rank,Fixed T0 (degC),fits,-83.0,,missing
569ebb10,234,0,rank,Arrhenius Ea (eV),fits,0.63,,missing
569ebb10,234,0,rank,Arrhenius prefactor (S/cm),fits,17000.0,,missing
569ebb10,234,0,rank,PDI,molecular_weight,,1.2,extra
569ebb10,234,0,rank,Polymer Mn (kDa),molecular_weight,41204.28,40.0,wrong
569ebb10,234,0,rank,chain architecture,classification,branched,linear,wrong
569ebb10,234,0,rank,Solvent used,processing,methanol,methanol,correct
569ebb10,234,0,rank,drying temp,processing,55,55,correct
569ebb10,234,0,rank,drying time (h),processing,1,9,wrong
569ebb10,234,0,rank,drying vacuum,processing,high,high,correct
569ebb10,233,6,rank,Polymer family,classification,"ether, amide, imidazole","ether, carbonate, ether",wrong
569ebb10,233,6,rank,Polymer,identity,poly(ethylene oxide-co-allyl glycidyl ether amide imidazole,PIGE,wrong
569ebb10,233,6,rank,SMILES descriptor 1,curator_computed,C(COCCCSCCCC(=O)NCCN1C=NC=C1)OC,COC,wrong
569ebb10,233,6,rank,SMILES descriptor 2,curator_computed,COC,COC,correct
569ebb10,233,6,rank,Comonomer percentage,identity,17.0,17.0,correct
569ebb10,233,6,rank,Average functional group per monomer,curator_computed,1.51,0.17,wrong
569ebb10,233,6,rank,Anion,identity,TFSI,TFSI,correct
569ebb10,233,6,rank,Li:monomer,identity,0.01411,0.1,wrong
569ebb10,233,6,rank,Li:functional group,identity,0.009344371,0.59,wrong
569ebb10,233,6,rank,salt wt%,identity,,13.6,extra
569ebb10,233,6,rank,Tg,thermal,-32.0,-28.0,wrong
569ebb10,233,6,rank,Tg polymer without salt,thermal,-33.0,-33.0,correct
569ebb10,233,6,rank,Tm,thermal,,none,extra
569ebb10,233,6,rank,crystalline?,classification,no,no,correct
569ebb10,233,6,rank,Conductivity at 30C,conductivity,5.28e-07,,missing
569ebb10,233,6,rank,Conductivity at 35C,conductivity,8.93e-07,,missing
569ebb10,233,6,rank,Conductivity at 40C,conductivity,1.44e-06,,missing
569ebb10,233,6,rank,Conductivity at 45C,conductivity,2.25e-06,,missing
569ebb10,233,6,rank,Conductivity at 50C,conductivity,3.38e-06,,missing
569ebb10,233,6,rank,Conductivity at 55C,conductivity,4.92e-06,,missing
569ebb10,233,6,rank,Conductivity at 60C,conductivity,6.99e-06,,missing
569ebb10,233,6,rank,Conductivity at 65C,conductivity,9.68e-06,,missing
569ebb10,233,6,rank,Conductivity at 70C,conductivity,1.31e-05,1.2,wrong
569ebb10,233,6,rank,Conductivity at 75C,conductivity,1.74e-05,,missing
569ebb10,233,6,rank,Conductivity at 80C,conductivity,2.27e-05,,missing
569ebb10,233,6,rank,Conductivity at 85C,conductivity,2.92e-05,,missing
569ebb10,233,6,rank,Conductivity at 90C,conductivity,3.69e-05,,missing
569ebb10,233,6,rank,Transference number,transport,0.19,,missing
569ebb10,233,6,rank,T for transference,transport,80.0,,missing
569ebb10,233,6,rank,VFT prefactor (S/cm*T^(1/2)),fits,2.2,,missing
569ebb10,233,6,rank,VFT activation energy (K),fits,1376.0,,missing
569ebb10,233,6,rank,VFT T0 (degC),fits,-81.0,,missing
569ebb10,233,6,rank,VFT prefactor with set T0,fits,2.3,,missing
569ebb10,233,6,rank,VFT activation energy with fixed T0 (K),fits,1393.0,,missing
569ebb10,233,6,rank,Fixed T0 (degC),fits,-82.0,,missing
569ebb10,233,6,rank,Arrhenius Ea (eV),fits,0.67,,missing
569ebb10,233,6,rank,Arrhenius prefactor (S/cm),fits,93000.0,,missing
569ebb10,233,6,rank,Li diffusion coefficient cm^2/s,transport,7e-09,,missing
569ebb10,233,6,rank,temperature for D_Li,transport,80.0,,missing
569ebb10,233,6,rank,PDI,molecular_weight,,1.2,extra
569ebb10,233,6,rank,Polymer Mn (kDa),molecular_weight,41204.28,40.0,wrong
569ebb10,233,6,rank,chain architecture,classification,branched,linear,wrong
569ebb10,233,6,rank,Solvent used,processing,methanol,methanol,correct
569ebb10,233,6,rank,drying temp,processing,55,55,correct
569ebb10,233,6,rank,drying time (h),processing,1,9,wrong
569ebb10,233,6,rank,drying vacuum,processing,high,high,correct
663ed327,39,,unmatched,Polymer family,classification,carbonate,,missing
663ed327,39,,unmatched,Polymer,identity,poly(trimethylene carbonate),,missing
663ed327,39,,unmatched,SMILES descriptor 1,curator_computed,CCOC(=O)OC,,missing
663ed327,39,,unmatched,SMILES descriptor 2,curator_computed,CCOC(=O)OC,,missing
663ed327,39,,unmatched,Comonomer percentage,identity,100.0,,missing
663ed327,39,,unmatched,Anion,identity,TFSI,,missing
663ed327,39,,unmatched,Li:monomer,identity,0.047619048,,missing
663ed327,39,,unmatched,Li:functional group,identity,0.047619048,,missing
663ed327,39,,unmatched,Tg,thermal,-17.5,,missing
663ed327,39,,unmatched,Tg polymer without salt,thermal,-16.0,,missing
663ed327,39,,unmatched,% crystallinity,thermal,0.0,,missing
663ed327,39,,unmatched,crystalline?,classification,no,,missing
663ed327,39,,unmatched,Conductivity at 25C,conductivity,2.97e-10,,missing
663ed327,39,,unmatched,Conductivity at 35C,conductivity,4.33e-09,,missing
663ed327,39,,unmatched,Conductivity at 45C,conductivity,2.36e-08,,missing
663ed327,39,,unmatched,Conductivity at 55C,conductivity,1e-07,,missing
663ed327,39,,unmatched,Conductivity at 65C,conductivity,6.74e-07,,missing
663ed327,39,,unmatched,Conductivity at 75C,conductivity,1.78e-06,,missing
663ed327,39,,unmatched,VFT prefactor (S/cm*T^(1/2)),fits,926.0,,missing
663ed327,39,,unmatched,VFT activation energy (K),fits,2532.0,,missing
663ed327,39,,unmatched,VFT T0 (degC),fits,-73.0,,missing
663ed327,39,,unmatched,VFT prefactor with set T0,fits,346.0,,missing
663ed327,39,,unmatched,VFT activation energy with fixed T0 (K),fits,2301.0,,missing
663ed327,39,,unmatched,Fixed T0 (degC),fits,-67.5,,missing
663ed327,39,,unmatched,Arrhenius Ea (eV),fits,1.54,,missing
663ed327,39,,unmatched,Arrhenius prefactor (S/cm),fits,5.2e+16,,missing
663ed327,39,,unmatched,PDI,molecular_weight,1.36,,missing
663ed327,39,,unmatched,Polymer Mn (kDa),molecular_weight,368.0,,missing
663ed327,39,,unmatched,Polymer Mw (kDa),molecular_weight,500.48,,missing
663ed327,39,,unmatched,chain architecture,classification,linear,,missing
663ed327,39,,unmatched,Solvent used,processing,acetonitrile,,missing
663ed327,39,,unmatched,drying temp,processing,60,,missing
663ed327,39,,unmatched,drying time (h),processing,48,,missing
663ed327,39,,unmatched,drying vacuum,processing,yes,,missing
663ed327,40,,unmatched,Polymer family,classification,carbonate,,missing
663ed327,40,,unmatched,Polymer,identity,poly(trimethylene carbonate),,missing
663ed327,40,,unmatched,SMILES descriptor 1,curator_computed,CCOC(=O)OC,,missing
663ed327,40,,unmatched,SMILES descriptor 2,curator_computed,CCOC(=O)OC,,missing
663ed327,40,,unmatched,Comonomer percentage,identity,100.0,,missing
663ed327,40,,unmatched,Anion,identity,TFSI,,missing
663ed327,40,,unmatched,Li:monomer,identity,0.076923077,,missing
663ed327,40,,unmatched,Li:functional group,identity,0.076923077,,missing
663ed327,40,,unmatched,Tg,thermal,-15.0,,missing
663ed327,40,,unmatched,Tg polymer without salt,thermal,-16.0,,missing
663ed327,40,,unmatched,% crystallinity,thermal,0.0,,missing
663ed327,40,,unmatched,crystalline?,classification,no,,missing
663ed327,40,,unmatched,Conductivity at 25C,conductivity,4.34e-09,,missing
663ed327,40,,unmatched,Conductivity at 35C,conductivity,2.89e-08,,missing
663ed327,40,,unmatched,Conductivity at 45C,conductivity,1.16e-07,,missing
663ed327,40,,unmatched,Conductivity at 55C,conductivity,4.88e-07,,missing
663ed327,40,,unmatched,Conductivity at 65C,conductivity,1.56e-06,,missing
663ed327,40,,unmatched,Conductivity at 75C,conductivity,4.44e-06,,missing
663ed327,40,,unmatched,VFT prefactor (S/cm*T^(1/2)),fits,3107.0,,missing
663ed327,40,,unmatched,VFT activation energy (K),fits,3052.0,,missing
663ed327,40,,unmatched,VFT T0 (degC),fits,-100.0,,missing
663ed327,40,,unmatched,VFT prefactor with set T0,fits,21.4,,missing
663ed327,40,,unmatched,VFT activation energy with fixed T0 (K),fits,1759.0,,missing
663ed327,40,,unmatched,Fixed T0 (degC),fits,-65.0,,missing
663ed327,40,,unmatched,Arrhenius Ea (eV),fits,1.23,,missing
663ed327,40,,unmatched,Arrhenius prefactor (S/cm),fits,3610000000000.0,,missing
663ed327,40,,unmatched,PDI,molecular_weight,1.36,,missing
663ed327,40,,unmatched,Polymer Mn (kDa),molecular_weight,368.0,,missing
663ed327,40,,unmatched,Polymer Mw (kDa),molecular_weight,500.48,,missing
663ed327,40,,unmatched,chain architecture,classification,linear,,missing
663ed327,40,,unmatched,Solvent used,processing,acetonitrile,,missing
663ed327,40,,unmatched,drying temp,processing,60,,missing
663ed327,40,,unmatched,drying time (h),processing,48,,missing
663ed327,40,,unmatched,drying vacuum,processing,yes,,missing
663ed327,41,,unmatched,Polymer family,classification,carbonate,,missing
663ed327,41,,unmatched,Polymer,identity,poly(trimethylene carbonate),,missing
663ed327,41,,unmatched,SMILES descriptor 1,curator_computed,CCOC(=O)OC,,missing
663ed327,41,,unmatched,SMILES descriptor 2,curator_computed,CCOC(=O)OC,,missing
663ed327,41,,unmatched,Comonomer percentage,identity,100.0,,missing
663ed327,41,,unmatched,Anion,identity,TFSI,,missing
663ed327,41,,unmatched,Li:monomer,identity,0.125,,missing
663ed327,41,,unmatched,Li:functional group,identity,0.125,,missing
663ed327,41,,unmatched,Tg,thermal,-15.0,,missing
663ed327,41,,unmatched,Tg polymer without salt,thermal,-16.0,,missing
663ed327,41,,unmatched,% crystallinity,thermal,0.0,,missing
663ed327,41,,unmatched,crystalline?,classification,no,,missing
663ed327,41,,unmatched,Conductivity at 25C,conductivity,3.32e-09,,missing
663ed327,41,,unmatched,Conductivity at 35C,conductivity,2.18e-08,,missing
663ed327,41,,unmatched,Conductivity at 45C,conductivity,1.28e-07,,missing
663ed327,41,,unmatched,Conductivity at 55C,conductivity,4.12e-07,,missing
663ed327,41,,unmatched,Conductivity at 65C,conductivity,1.77e-06,,missing
663ed327,41,,unmatched,Conductivity at 75C,conductivity,5.26e-06,,missing
663ed327,41,,unmatched,VFT prefactor (S/cm*T^(1/2)),fits,31462.0,,missing
663ed327,41,,unmatched,VFT activation energy (K),fits,3564.0,,missing
663ed327,41,,unmatched,VFT T0 (degC),fits,-107.0,,missing
663ed327,41,,unmatched,VFT prefactor with set T0,fits,55.0,,missing
663ed327,41,,unmatched,VFT activation energy with fixed T0 (K),fits,1871.0,,missing
663ed327,41,,unmatched,Fixed T0 (degC),fits,-65.0,,missing
663ed327,41,,unmatched,Arrhenius Ea (eV),fits,1.31,,missing
663ed327,41,,unmatched,Arrhenius prefactor (S/cm),fits,61800000000000.0,,missing
663ed327,41,,unmatched,PDI,molecular_weight,1.36,,missing
663ed327,41,,unmatched,Polymer Mn (kDa),molecular_weight,368.0,,missing
663ed327,41,,unmatched,Polymer Mw (kDa),molecular_weight,500.48,,missing
663ed327,41,,unmatched,chain architecture,classification,linear,,missing
663ed327,41,,unmatched,Solvent used,processing,acetonitrile,,missing
663ed327,41,,unmatched,drying temp,processing,60,,missing
663ed327,41,,unmatched,drying time (h),processing,48,,missing
663ed327,41,,unmatched,drying vacuum,processing,yes,,missing
663ed327,42,,unmatched,Polymer family,classification,carbonate,,missing
663ed327,42,,unmatched,Polymer,identity,poly(trimethylene carbonate),,missing
663ed327,42,,unmatched,SMILES descriptor 1,curator_computed,CCOC(=O)OC,,missing
663ed327,42,,unmatched,SMILES descriptor 2,curator_computed,CCOC(=O)OC,,missing
663ed327,42,,unmatched,Comonomer percentage,identity,100.0,,missing
663ed327,42,,unmatched,Anion,identity,TFSI,,missing
663ed327,42,,unmatched,Li:monomer,identity,0.2,,missing
663ed327,42,,unmatched,Li:functional group,identity,0.2,,missing
663ed327,42,,unmatched,Tg,thermal,-17.0,,missing
663ed327,42,,unmatched,Tg polymer without salt,thermal,-16.0,,missing
663ed327,42,,unmatched,% crystallinity,thermal,0.0,,missing
663ed327,42,,unmatched,crystalline?,classification,no,,missing
663ed327,42,,unmatched,Conductivity at 25C,conductivity,1.76e-09,,missing
663ed327,42,,unmatched,Conductivity at 35C,conductivity,1.15e-08,,missing
663ed327,42,,unmatched,Conductivity at 45C,conductivity,5.75e-08,,missing
663ed327,42,,unmatched,Conductivity at 55C,conductivity,2.38e-07,,missing
663ed327,42,,unmatched,Conductivity at 65C,conductivity,9.05e-07,,missing
663ed327,42,,unmatched,Conductivity at 75C,conductivity,2.8e-06,,missing
663ed327,42,,unmatched,VFT prefactor (S/cm*T^(1/2)),fits,169096.0,,missing
663ed327,42,,unmatched,VFT activation energy (K),fits,4313.0,,missing
663ed327,42,,unmatched,VFT T0 (degC),fits,-122.0,,missing
663ed327,42,,unmatched,VFT prefactor with set T0,fits,40.6,,missing
663ed327,42,,unmatched,VFT activation energy with fixed T0 (K),fits,1945.0,,missing
663ed327,42,,unmatched,Fixed T0 (degC),fits,-67.0,,missing
663ed327,42,,unmatched,Arrhenius Ea (eV),fits,1.32,,missing
663ed327,42,,unmatched,Arrhenius prefactor (S/cm),fits,37300000000000.0,,missing
663ed327,42,,unmatched,PDI,molecular_weight,1.36,,missing
663ed327,42,,unmatched,Polymer Mn (kDa),molecular_weight,368.0,,missing
663ed327,42,,unmatched,Polymer Mw (kDa),molecular_weight,500.48,,missing
663ed327,42,,unmatched,chain architecture,classification,linear,,missing
663ed327,42,,unmatched,Solvent used,processing,acetonitrile,,missing
663ed327,42,,unmatched,drying temp,processing,60,,missing
663ed327,42,,unmatched,drying time (h),processing,48,,missing
663ed327,42,,unmatched,drying vacuum,processing,yes,,missing
663ed327,43,,unmatched,Polymer family,classification,carbonate,,missing
663ed327,43,,unmatched,Polymer,identity,poly(trimethylene carbonate),,missing
663ed327,43,,unmatched,SMILES descriptor 1,curator_computed,CCOC(=O)OC,,missing
663ed327,43,,unmatched,SMILES descriptor 2,curator_computed,CCOC(=O)OC,,missing
663ed327,43,,unmatched,Comonomer percentage,identity,100.0,,missing
663ed327,43,,unmatched,Anion,identity,TFSI,,missing
663ed327,43,,unmatched,Li:monomer,identity,0.333333333,,missing
663ed327,43,,unmatched,Li:functional group,identity,0.333333333,,missing
663ed327,43,,unmatched,Tg,thermal,-11.0,,missing
663ed327,43,,unmatched,Tg polymer without salt,thermal,-16.0,,missing
663ed327,43,,unmatched,% crystallinity,thermal,0.0,,missing
663ed327,43,,unmatched,crystalline?,classification,no,,missing
663ed327,43,,unmatched,Conductivity at 25C,conductivity,6.82e-10,,missing
663ed327,43,,unmatched,Conductivity at 35C,conductivity,5.01e-09,,missing
663ed327,43,,unmatched,Conductivity at 45C,conductivity,2.91e-08,,missing
663ed327,43,,unmatched,Conductivity at 55C,conductivity,1.31e-07,,missing
663ed327,43,,unmatched,Conductivity at 65C,conductivity,4.58e-07,,missing
663ed327,43,,unmatched,Conductivity at 75C,conductivity,1.82e-06,,missing
663ed327,43,,unmatched,VFT prefactor (S/cm*T^(1/2)),fits,249000.0,,missing
663ed327,43,,unmatched,VFT activation energy (K),fits,4423.0,,missing
663ed327,43,,unmatched,VFT T0 (degC),fits,-120.0,,missing
663ed327,43,,unmatched,VFT prefactor with set T0,fits,21.3,,missing
663ed327,43,,unmatched,VFT activation energy with fixed T0 (K),fits,1846.0,,missing
663ed327,43,,unmatched,Fixed T0 (degC),fits,-61.0,,missing
663ed327,43,,unmatched,Arrhenius Ea (eV),fits,1.397,,missing
663ed327,43,,unmatched,Arrhenius prefactor (S/cm),fits,332000000000000.0,,missing
663ed327,43,,unmatched,PDI,molecular_weight,1.36,,missing
663ed327,43,,unmatched,Polymer Mn (kDa),molecular_weight,368.0,,missing
663ed327,43,,unmatched,Polymer Mw (kDa),molecular_weight,500.48,,missing
663ed327,43,,unmatched,chain architecture,classification,linear,,missing
663ed327,43,,unmatched,Solvent used,processing,acetonitrile,,missing
663ed327,43,,unmatched,drying temp,processing,60,,missing
663ed327,43,,unmatched,drying time (h),processing,48,,missing
663ed327,43,,unmatched,drying vacuum,processing,yes,,missing
663ed327,44,,unmatched,Polymer family,classification,carbonate,,missing
663ed327,44,,unmatched,Polymer,identity,poly(trimethylene carbonate),,missing
663ed327,44,,unmatched,SMILES descriptor 1,curator_computed,CCOC(=O)OC,,missing
663ed327,44,,unmatched,SMILES descriptor 2,curator_computed,CCOC(=O)OC,,missing
663ed327,44,,unmatched,Comonomer percentage,identity,100.0,,missing
663ed327,44,,unmatched,Anion,identity,TFSI,,missing
663ed327,44,,unmatched,Li:monomer,identity,0.5,,missing
663ed327,44,,unmatched,Li:functional group,identity,0.5,,missing
663ed327,44,,unmatched,Tg,thermal,11.0,,missing
663ed327,44,,unmatched,Tg polymer without salt,thermal,-16.0,,missing
663ed327,44,,unmatched,% crystallinity,thermal,0.0,,missing
663ed327,44,,unmatched,crystalline?,classification,no,,missing
663ed327,44,,unmatched,Conductivity at 25C,conductivity,1.37e-10,,missing
663ed327,44,,unmatched,Conductivity at 35C,conductivity,1.34e-09,,missing
663ed327,44,,unmatched,Conductivity at 45C,conductivity,1.04e-08,,missing
663ed327,44,,unmatched,Conductivity at 55C,conductivity,4.89e-08,,missing
663ed327,44,,unmatched,Conductivity at 65C,conductivity,1.97e-07,,missing
663ed327,44,,unmatched,Conductivity at 75C,conductivity,7.59e-07,,missing
663ed327,44,,unmatched,VFT prefactor (S/cm*T^(1/2)),fits,1369.0,,missing
663ed327,44,,unmatched,VFT activation energy (K),fits,2884.0,,missing
663ed327,44,,unmatched,VFT T0 (degC),fits,-81.5,,missing
663ed327,44,,unmatched,VFT prefactor with set T0,fits,0.7,,missing
663ed327,44,,unmatched,VFT activation energy with fixed T0 (K),fits,1262.0,,missing
663ed327,44,,unmatched,Fixed T0 (degC),fits,-39.0,,missing
663ed327,44,,unmatched,Arrhenius Ea (eV),fits,1.53,,missing
663ed327,44,,unmatched,Arrhenius prefactor (S/cm),fits,1.32e+16,,missing
663ed327,44,,unmatched,PDI,molecular_weight,1.36,,missing
663ed327,44,,unmatched,Polymer Mn (kDa),molecular_weight,368.0,,missing
663ed327,44,,unmatched,Polymer Mw (kDa),molecular_weight,500.48,,missing
663ed327,44,,unmatched,chain architecture,classification,linear,,missing
663ed327,44,,unmatched,Solvent used,processing,acetonitrile,,missing
663ed327,44,,unmatched,drying temp,processing,60,,missing
663ed327,44,,unmatched,drying time (h),processing,48,,missing
663ed327,44,,unmatched,drying vacuum,processing,yes,,missing
