Index,Polymer system Notes,Polymer family,Polymer,SMILES descriptor 1,SMILES descriptor 2,Comonomer percentage,Average functional group per monomer,Anion,Li:monomer,Li:functional group,salt wt%,Tg,Tg polymer without salt,Tm,Tm start,Tm end,% crystallinity,crystalline?,Conductivity at 0C,Conductivity at 15C,Conductivity at 20C,Conductivity at 21C,Conductivity at 25C,Conductivity at 27C,Conductivity at 30C,Conductivity at 35C,Conductivity at 40C,Conductivity at 45C,Conductivity at 50C,Conductivity at 55C,Conductivity at 60C,Conductivity at 65C,Conductivity at 70C,Conductivity at 75C,Conductivity at 80C,Conductivity at 85C,Conductivity at 90C,Conductivity at 100C,Conductivity at 110C,Conductivity at 125C,Transference number,T for transference,Transference notes,storage modulus,T for storage mod,youngs modulus (Mpa),viscosity (mPa s),VFT prefactor (S/cm*T^(1/2)),VFT activation energy (K),VFT T0 (degC),VFT Notes (above temp),VFT prefactor with set T0,VFT activation energy with fixed T0 (K),Fixed T0 (degC),Arrhenius Ea (eV) low T,Arrhenius Ea (eV) high T,Arrhenius Ea (eV) low T me,Arrhenius prefactor low T me (S/cm),Arrhenius Ea (eV),Arrhenius prefactor (S/cm),Arrhenius notes,Li diffusion coefficient cm^2/s,temperature for D_Li,X-ray structural data (aggregate? Distance?),PDI,Polymer Mn (kDa),Polymer Mw (kDa),chain architecture,Solvent used,drying temp,drying time (h),drying vacuum,Notes,DOI,Reference,Anion Smiles
0,,"carbonate, ether",polyethylene carbonate,COC(=O)OC,COC,95.2,,TFSI,0.074817422,0.074817422,20.0,-3.0,9.0,,,,0.0,no,,,,,,,3.98e-08,,1.74e-07,,,,1.91e-06,,,,1.17e-05,,,6.31e-05,,,,,,,,,,28121.0,3911.0,-130.0,all temps,6.0,1340.0,-53.0,,,,,1.019,4060000000.0,entire range,,,,5.9,37.0,218.3,linear,acetonitrile,60,24,yes,,https://doi.org/10.1038/pj.2012.97,"Tominaga Y, Nanthana V, Tohyama D. Ionic conduction in poly(ethylene carbonate)-based rubbery electrolytes including lithium salts. Polym J 2012;44:1155-1158.",C(F)(F)(F)S(=O)(=O)[N-]S(=O)(=O)C(F)(F)F
1,,"carbonate, ether",polyethylene carbonate,COC(=O)OC,COC,95.2,,TFSI,0.199513124,0.199513124,40.0,-20.0,9.0,,,,0.0,no,,,,,,,2.14e-07,,7.41e-07,,,,6.46e-06,,,,3.09e-05,,,9.12e-05,,,0.57,80.0,"Bruce-vincent method, taken from DOI: 10.1149/2.0211502jes",,,,,43.1,1842.5,-83.1,all temps,12.9,1512.0,-70.0,,,,,0.852,37700000.0,entire range,,,,5.9,37.0,218.3,linear,acetonitrile,60,24,yes,,https://doi.org/10.1038/pj.2012.97,"Tominaga Y, Nanthana V, Tohyama D. Ionic conduction in poly(ethylene carbonate)-based rubbery electrolytes including lithium salts. Polym J 2012;44:1155-1158.",C(F)(F)(F)S(=O)(=O)[N-]S(=O)(=O)C(F)(F)F
2,,"carbonate, ether",polyethylene carbonate,COC(=O)OC,COC,95.2,,TFSI,0.44890453,0.44890453,60.0,-33.0,9.0,,,,0.0,no,,,,,,,9.77e-07,,2.69e-06,,,,1.55e-05,,,,6.46e-05,,,0.000169824,,,0.59,80.0,"Bruce-vincent method, taken from DOI: 10.1149/2.0211502jes",,,,,60.3,1944.9,-99.0,all temps,17.6,1571.0,-83.0,,,,,0.726,1307000.0,entire range,,,,5.9,37.0,218.3,linear,acetonitrile,60,24,yes,,https://doi.org/10.1038/pj.2012.97,"Tominaga Y, Nanthana V, Tohyama D. Ionic conduction in poly(ethylene carbonate)-based rubbery electrolytes including lithium salts. Polym J 2012;44:1155-1158.",C(F)(F)(F)S(=O)(=O)[N-]S(=O)(=O)C(F)(F)F
3,,"carbonate, ether",polyethylene carbonate,COC(=O)OC,COC,95.2,,TFSI,1.197078746,1.197078746,80.0,-62.0,9.0,,,,0.0,no,,,,,,,4.9e-06,,1.17e-05,,,,5.62e-05,,,,0.000239883,,,0.00025704,,,0.63,80.0,"Bruce-vincent method, taken from DOI: 10.1149/2.0211502jes",,,,,0.3773,557.3,-35.7,"all temps, highest temp a little low",50.6,1876.0,-112.0,,,,,0.5896,37693.0,entire range,,,,5.9,37.0,218.3,linear,acetonitrile,60,24,yes,,https://doi.org/10.1038/pj.2012.97,"Tominaga Y, Nanthana V, Tohyama D. Ionic conduction in poly(ethylene carbonate)-based rubbery electrolytes including lithium salts. Polym J 2012;44:1155-1158.",C(F)(F)(F)S(=O)(=O)[N-]S(=O)(=O)C(F)(F)F
4,,"carbonate, ether",polyethylene carbonate,COC(=O)OC,COC,95.2,,N(SO2C2F5)2,0.055470421,0.055470421,20.0,-14.0,9.0,,,,0.0,no,,,,,,,,,,,,,2.75e-06,,,,,,,,,,,,,,,,,,,,,,,,,,,,,,,,,,5.9,37.0,218.3,linear,acetonitrile,60,24,yes,,https://doi.org/10.1038/pj.2012.97,"Tominaga Y, Nanthana V, Tohyama D. Ionic conduction in poly(ethylene carbonate)-based rubbery electrolytes including lithium salts. Polym J 2012;44:1155-1158.",C(F)(F)(F)C(F)(F)S(=O)(=O)[N-]S(=O)(=O)C(F)(F)C(F)(F)F
5,,"carbonate, ether",polyethylene carbonate,COC(=O)OC,COC,95.2,,N(SO2C2F5)2,0.147921123,0.147921123,40.0,-20.0,9.0,,,,0.0,no,,,,,,,,,,,,,4.68e-06,,,,,,,,,,,,,,,,,,,,,,,,,,,,,,,,,,5.9,37.0,218.3,linear,acetonitrile,60,24,yes,,https://doi.org/10.1038/pj.2012.97,"Tominaga Y, Nanthana V, Tohyama D. Ionic conduction in poly(ethylene carbonate)-based rubbery electrolytes including lithium salts. Polym J 2012;44:1155-1158.",C(F)(F)(F)C(F)(F)S(=O)(=O)[N-]S(=O)(=O)C(F)(F)C(F)(F)F
6,,"carbonate, ether",polyethylene carbonate,COC(=O)OC,COC,95.2,,N(SO2C2F5)2,0.332822526,0.332822526,60.0,-33.0,9.0,,,,0.0,no,,,,,,,,,,,,,5.89e-06,,,,,,,,,,,,,,,,,,,,,,,,,,,,,,,,,,5.9,37.0,218.3,linear,acetonitrile,60,24,yes,,https://doi.org/10.1038/pj.2012.97,"Tominaga Y, Nanthana V, Tohyama D. Ionic conduction in poly(ethylene carbonate)-based rubbery electrolytes including lithium salts. Polym J 2012;44:1155-1158.",C(F)(F)(F)C(F)(F)S(=O)(=O)[N-]S(=O)(=O)C(F)(F)C(F)(F)F
7,,"carbonate, ether",polyethylene carbonate,COC(=O)OC,COC,95.2,,N(SO2C2F5)2,0.887526737,0.887526737,80.0,-39.0,9.0,,,,0.0,no,,,,,,,,,,,,,1.32e-05,,,,,,,,,,,,,,,,,,,,,,,,,,,,,,,,,,5.9,37.0,218.3,linear,acetonitrile,60,24,yes,,https://doi.org/10.1038/pj.2012.97,"Tominaga Y, Nanthana V, Tohyama D. Ionic conduction in poly(ethylene carbonate)-based rubbery electrolytes including lithium salts. Polym J 2012;44:1155-1158.",C(F)(F)(F)C(F)(F)S(=O)(=O)[N-]S(=O)(=O)C(F)(F)C(F)(F)F
8,,"carbonate, ether",polyethylene carbonate,COC(=O)OC,COC,95.2,,BF4,0.174526095,0.174526095,16.0,-23.0,9.0,,,,0.0,no,,,,,,,,,,,,,3.09e-07,,,,,,,,,,,,,,,,,,,,,,,,,,,,,,,,,,5.9,37.0,218.3,linear,acetonitrile,60,24,yes,,https://doi.org/10.1038/pj.2012.97,"Tominaga Y, Nanthana V, Tohyama D. Ionic conduction in poly(ethylene carbonate)-based rubbery electrolytes including lithium salts. Polym J 2012;44:1155-1158.",[B-](F)(F)(F)F
9,,"carbonate, ether",polyethylene carbonate,COC(=O)OC,COC,95.2,,BF4,0.356324112,0.356324112,28.0,-29.0,9.0,,,,0.0,no,,,,,,,,,,,,,5.75e-06,,,,,,,,,,,,,,,,,,,,,,,,,,,,,,,,,,5.9,37.0,218.3,linear,acetonitrile,60,24,yes,,https://doi.org/10.1038/pj.2012.97,"Tominaga Y, Nanthana V, Tohyama D. Ionic conduction in poly(ethylene carbonate)-based rubbery electrolytes including lithium salts. Polym J 2012;44:1155-1158.",[B-](F)(F)(F)F
10,,"carbonate, ether",polyethylene carbonate,COC(=O)OC,COC,95.2,,BF4,0.538122128,0.538122128,37.0,-47.0,9.0,,,,0.0,no,,,,,,,,,,,,,8.32e-06,,,,,,,,,,,,,,,,,,,,,,,,,,,,,,,,,,5.9,37.0,218.3,linear,acetonitrile,60,24,yes,,https://doi.org/10.1038/pj.2012.97,"Tominaga Y, Nanthana V, Tohyama D. Ionic conduction in poly(ethylene carbonate)-based rubbery electrolytes including lithium salts. Polym J 2012;44:1155-1158.",[B-](F)(F)(F)F
11,,"carbonate, ether",polyethylene carbonate,COC(=O)OC,COC,95.2,,BF4,0.731691238,0.731691238,44.4,-69.0,9.0,,,,0.0,no,,,,,,,,,,,,,4.57e-05,,,,,,,,,,0.27,80.0,"Bruce-vincent method, taken from DOI: 10.1149/2.0211502jes",,,,,,,,,,,,,,,,,,,,,,5.9,37.0,218.3,linear,acetonitrile,60,24,yes,,https://doi.org/10.1038/pj.2012.97,"Tominaga Y, Nanthana V, Tohyama D. Ionic conduction in poly(ethylene carbonate)-based rubbery electrolytes including lithium salts. Polym J 2012;44:1155-1158.",[B-](F)(F)(F)F
12,,"carbonate, ether",polyethylene carbonate,COC(=O)OC,COC,95.2,,ClO4,0.20181015,0.20181015,20.0,-8.0,9.0,,,,0.0,no,,,,,,,,,,,,,5.01e-06,,,,,,,,,,0.24,80.0,"Bruce-vincent method, taken from DOI: 10.1149/2.0211502jes",,,,,,,,,,,,,,,,,,,,,,5.9,37.0,218.3,linear,acetonitrile,60,24,yes,,https://doi.org/10.1038/pj.2012.97,"Tominaga Y, Nanthana V, Tohyama D. Ionic conduction in poly(ethylene carbonate)-based rubbery electrolytes including lithium salts. Polym J 2012;44:1155-1158.",[O-]Cl(=O)(=O)=O
13,,"carbonate, ether",polyethylene carbonate,COC(=O)OC,COC,95.2,,ClO4,0.538160401,0.538160401,40.0,-28.0,9.0,,,,0.0,no,,,,,,,,,,,,,7.94e-06,,,,,,,,,,0.23,80.0,"Bruce-vincent method, taken from DOI: 10.1149/2.0211502jes",,,,,,,,,,,,,,,,,,,,,,5.9,37.0,218.3,linear,acetonitrile,60,24,yes,,https://doi.org/10.1038/pj.2012.97,"Tominaga Y, Nanthana V, Tohyama D. Ionic conduction in poly(ethylene carbonate)-based rubbery electrolytes including lithium salts. Polym J 2012;44:1155-1158.",[O-]Cl(=O)(=O)=O
14,,"carbonate, ether",polyethylene carbonate,COC(=O)OC,COC,95.2,,ClO4,1.210860902,1.210860902,60.0,-1.0,9.0,,,,0.0,no,,,,,,,,,,,,,2.29e-06,,,,,,,,,,,,,,,,,,,,,,,,,,,,,,,,,,5.9,37.0,218.3,linear,acetonitrile,60,24,yes,,https://doi.org/10.1038/pj.2012.97,"Tominaga Y, Nanthana V, Tohyama D. Ionic conduction in poly(ethylene carbonate)-based rubbery electrolytes including lithium salts. Polym J 2012;44:1155-1158.",[O-]Cl(=O)(=O)=O
15,,"carbonate, ether",polyethylene carbonate,COC(=O)OC,COC,95.2,,ClO4,3.228962406,3.228962406,80.0,2.0,9.0,,,,0.0,no,,,,,,,,,,,,,2.69e-07,,,,,,,,,,,,,,,,,,,,,,,,,,,,,,,,,,5.9,37.0,218.3,linear,acetonitrile,60,24,yes,,https://doi.org/10.1038/pj.2012.97,"Tominaga Y, Nanthana V, Tohyama D. Ionic conduction in poly(ethylene carbonate)-based rubbery electrolytes including lithium salts. Polym J 2012;44:1155-1158.",[O-]Cl(=O)(=O)=O
16,,"carbonate, ether",polyethylene carbonate,COC(=O)OC,COC,95.2,,CF3SO3,0.137644872,0.137644872,20.0,-7.0,9.0,,,,0.0,no,,,,,,,,,,,,,1.58e-06,,,,,,,,,,,,,,,,,,,,,,,,,,,,,,,,,,5.9,37.0,218.3,linear,acetonitrile,60,24,yes,,https://doi.org/10.1038/pj.2012.97,"Tominaga Y, Nanthana V, Tohyama D. Ionic conduction in poly(ethylene carbonate)-based rubbery electrolytes including lithium salts. Polym J 2012;44:1155-1158.",C(F)(F)(F)S(=O)(=O)[O-]
17,,"carbonate, ether",polyethylene carbonate,COC(=O)OC,COC,95.2,,CF3SO3,0.367052991,0.367052991,40.0,-16.0,9.0,,,,0.0,no,,,,,,,,,,,,,6.31e-06,,,,,,,,,,,,,,,,,,,,,,,,,,,,,,,,,,5.9,37.0,218.3,linear,acetonitrile,60,24,yes,,https://doi.org/10.1038/pj.2012.97,"Tominaga Y, Nanthana V, Tohyama D. Ionic conduction in poly(ethylene carbonate)-based rubbery electrolytes including lithium salts. Polym J 2012;44:1155-1158.",C(F)(F)(F)S(=O)(=O)[O-]
18,,"carbonate, ether",polyethylene carbonate,COC(=O)OC,COC,95.2,,CF3SO3,0.825869231,0.825869231,60.0,-7.0,9.0,,,,0.0,no,,,,,,,,,,,,,2e-07,,,,,,,,,,,,,,,,,,,,,,,,,,,,,,,,,,5.9,37.0,218.3,linear,acetonitrile,60,24,yes,,https://doi.org/10.1038/pj.2012.97,"Tominaga Y, Nanthana V, Tohyama D. Ionic conduction in poly(ethylene carbonate)-based rubbery electrolytes including lithium salts. Polym J 2012;44:1155-1158.",C(F)(F)(F)S(=O)(=O)[O-]
19,,"carbonate, ether",polyethylene carbonate,COC(=O)OC,COC,95.2,,CF3SO3,2.202317949,2.202317949,80.0,27.0,9.0,,,,0.0,no,,,,,,,,,,,,,,,,,,,,,,,,,,,,,,,,,,,,,,,,,,,,,,,5.9,37.0,218.3,linear,acetonitrile,60,24,yes,,https://doi.org/10.1038/pj.2012.97,"Tominaga Y, Nanthana V, Tohyama D. Ionic conduction in poly(ethylene carbonate)-based rubbery electrolytes including lithium salts. Polym J 2012;44:1155-1158.",C(F)(F)(F)S(=O)(=O)[O-]
20,,"carbonate, ether",polyethylene carbonate,COC(=O)OC,COC,95.2,,TFSI,0.199513124,0.199513124,40.0,,9.0,,,,0.0,no,,,,,,,,,,,,,,,,,3.5e-05,,,,,,0.57,80.0,Bruce-vincent method,,,,,,,,,,,,,,,,,,,,,,5.9,37.0,218.3,linear,acetonitrile,60,24,yes,,https://doi.org/10.1149/2.0211502jes,"Tominaga Y, Yamazaki K, Nanthana V. Effect of anions on lithium ion conduction in poly(ethylene carbonate)-based polymer electrolytes. J Electrochem Soc 2015;162:A3133-3136",C(F)(F)(F)S(=O)(=O)[N-]S(=O)(=O)C(F)(F)F
21,,"carbonate, ether",polyethylene carbonate,COC(=O)OC,COC,95.2,,TFSI,0.44890453,0.44890453,60.0,,9.0,,,,0.0,no,,,,,,,,,,,,,,,,,0.000128572,,,,,,0.59,80.0,Bruce-vincent method,,,,,,,,,,,,,,,,,,,,,,5.9,37.0,218.3,linear,acetonitrile,60,24,yes,,https://doi.org/10.1149/2.0211502jes,"Tominaga Y, Yamazaki K, Nanthana V. Effect of anions on lithium ion conduction in poly(ethylene carbonate)-based polymer electrolytes. J Electrochem Soc 2015;162:A3133-3136",C(F)(F)(F)S(=O)(=O)[N-]S(=O)(=O)C(F)(F)F
22,,"carbonate, ether",polyethylene carbonate,COC(=O)OC,COC,95.2,,TFSI,1.197078746,1.197078746,80.0,,9.0,,,,0.0,no,,,,,,,,,,,,,,,,,0.000316708,,,,,,0.63,80.0,Bruce-vincent method,,,,,,,,,,,,,,,,,,,,,,5.9,37.0,218.3,linear,acetonitrile,60,24,yes,,https://doi.org/10.1149/2.0211502jes,"Tominaga Y, Yamazaki K, Nanthana V. Effect of anions on lithium ion conduction in poly(ethylene carbonate)-based polymer electrolytes. J Electrochem Soc 2015;162:A3133-3136",C(F)(F)(F)S(=O)(=O)[N-]S(=O)(=O)C(F)(F)F
23,,"carbonate, ether",polyethylene carbonate,COC(=O)OC,COC,95.2,,ClO4,0.20181015,0.20181015,20.0,,9.0,,,,0.0,no,,,,,,,,,,,,,,,,,3.01e-05,,,,,,0.27,80.0,Bruce-vincent method,,,,,,,,,,,,,,,,,,,,,,5.9,37.0,218.3,linear,acetonitrile,60,24,yes,,https://doi.org/10.1149/2.0211502jes,"Tominaga Y, Yamazaki K, Nanthana V. Effect of anions on lithium ion conduction in poly(ethylene carbonate)-based polymer electrolytes. J Electrochem Soc 2015;162:A3133-3136",[O-]Cl(=O)(=O)=O
24,,"carbonate, ether",polyethylene carbonate,COC(=O)OC,COC,95.2,,ClO4,0.538160401,0.538160401,40.0,,9.0,,,,0.0,no,,,,,,,,,,,,,,,,,0.000147839,,,,,,0.24,80.0,Bruce-vincent method,,,,,,,,,,,,,,,,,,,,,,5.9,37.0,218.3,linear,acetonitrile,60,24,yes,,https://doi.org/10.1149/2.0211502jes,"Tominaga Y, Yamazaki K, Nanthana V. Effect of anions on lithium ion conduction in poly(ethylene carbonate)-based polymer electrolytes. J Electrochem Soc 2015;162:A3133-3136",[O-]Cl(=O)(=O)=O
25,,"carbonate, ether",polyethylene carbonate,COC(=O)OC,COC,95.2,,ClO4,1.210860902,1.210860902,60.0,,9.0,,,,0.0,no,,,,,,,,,,,,,,,,,2.81e-05,,,,,,0.23,80.0,Bruce-vincent method,,,,,,,,,,,,,,,,,,,,,,5.9,37.0,218.3,linear,acetonitrile,60,24,yes,,https://doi.org/10.1149/2.0211502jes,"Tominaga Y, Yamazaki K, Nanthana V. Effect of anions on lithium ion conduction in poly(ethylene carbonate)-based polymer electrolytes. J Electrochem Soc 2015;162:A3133-3136",[O-]Cl(=O)(=O)=O
26,,"carbonate, ether",polyethylene carbonate,COC(=O)OC,COC,95.2,,BF4,0.2290655,0.2290655,20.0,,9.0,,,,0.0,no,,,,,,,,,,,,,,,,,1.89e-05,,,,,,0.22,80.0,Bruce-vincent method,,,,,,,,,,,,,,,,,,,,,,5.9,37.0,218.3,linear,acetonitrile,60,24,yes,,https://doi.org/10.1149/2.0211502jes,"Tominaga Y, Yamazaki K, Nanthana V. Effect of anions on lithium ion conduction in poly(ethylene carbonate)-based polymer electrolytes. J Electrochem Soc 2015;162:A3133-3136",[B-](F)(F)(F)F
27,,"carbonate, ether",polyethylene carbonate,COC(=O)OC,COC,95.2,,BF4,0.610841334,0.610841334,40.0,,9.0,,,,0.0,no,,,,,,,,,,,,,,,,,0.000158326,,,,,,0.17,80.0,Bruce-vincent method,,,,,,,,,,,,,,,,,,,,,,5.9,37.0,218.3,linear,acetonitrile,60,24,yes,,https://doi.org/10.1149/2.0211502jes,"Tominaga Y, Yamazaki K, Nanthana V. Effect of anions on lithium ion conduction in poly(ethylene carbonate)-based polymer electrolytes. J Electrochem Soc 2015;162:A3133-3136",[B-](F)(F)(F)F
28,,"carbonate, ether",polyethylene carbonate,COC(=O)OC,COC,95.2,,BF4,0.916262001,0.916262001,50.0,,9.0,,,,0.0,no,,,,,,,,,,,,,,,,,0.000149927,,,,,,0.16,80.0,Bruce-vincent method,,,,,,,,,,,,,,,,,,,,,,5.9,37.0,218.3,linear,acetonitrile,60,24,yes,,https://doi.org/10.1149/2.0211502jes,"Tominaga Y, Yamazaki K, Nanthana V. Effect of anions on lithium ion conduction in poly(ethylene carbonate)-based polymer electrolytes. J Electrochem Soc 2015;162:A3133-3136",[B-](F)(F)(F)F
29,,"carbonate, ether",polyethylene carbonate,COC(=O)OC,COC,95.2,,BF4,1.374393002,1.374393002,60.0,,9.0,,,,0.0,no,,,,,,,,,,,,,,,,,0.000135151,,,,,,0.12,80.0,Bruce-vincent method,,,,,,,,,,,,,,,,,,,,,,5.9,37.0,218.3,linear,acetonitrile,60,24,yes,,https://doi.org/10.1149/2.0211502jes,"Tominaga Y, Yamazaki K, Nanthana V. Effect of anions on lithium ion conduction in poly(ethylene carbonate)-based polymer electrolytes. J Electrochem Soc 2015;162:A3133-3136",[B-](F)(F)(F)F
30,,"carbonate, ether",polyethylene carbonate,COC(=O)OC,COC,95.2,,PF6,0.029760022,0.029760022,5.0,,9.0,,,,0.0,no,,,,,,,,,,,,,,,,,2.39e-05,,,,,,0.4,80.0,Bruce-vincent method,,,,,,,,,,,,,,,,,,,,,,5.9,37.0,218.3,linear,acetonitrile,60,24,yes,,https://doi.org/10.1149/2.0211502jes,"Tominaga Y, Yamazaki K, Nanthana V. Effect of anions on lithium ion conduction in poly(ethylene carbonate)-based polymer electrolytes. J Electrochem Soc 2015;162:A3133-3136",F[P-](F)(F)(F)(F)F
31,,"carbonate, ether",polyethylene carbonate,COC(=O)OC,COC,95.2,,PF6,0.141360105,0.141360105,20.0,,9.0,,,,0.0,no,,,,,,,,,,,,,,,,,3.7e-06,,,,,,0.31,80.0,Bruce-vincent method,,,,,,,,,,,,,,,,,,,,,,5.9,37.0,218.3,linear,acetonitrile,60,24,yes,,https://doi.org/10.1149/2.0211502jes,"Tominaga Y, Yamazaki K, Nanthana V. Effect of anions on lithium ion conduction in poly(ethylene carbonate)-based polymer electrolytes. J Electrochem Soc 2015;162:A3133-3136",F[P-](F)(F)(F)(F)F
32,,"carbonate, ether",polyethylene carbonate,COC(=O)OC,COC,95.2,,PF6,0.376960281,0.376960281,40.0,,9.0,,,,0.0,no,,,,,,,,,,,,,,,,,2.34e-06,,,,,,0.17,80.0,Bruce-vincent method,,,,,,,,,,,,,,,,,,,,,,5.9,37.0,218.3,linear,acetonitrile,60,24,yes,,https://doi.org/10.1149/2.0211502jes,"Tominaga Y, Yamazaki K, Nanthana V. Effect of anions on lithium ion conduction in poly(ethylene carbonate)-based polymer electrolytes. J Electrochem Soc 2015;162:A3133-3136",F[P-](F)(F)(F)(F)F
33,,carbonate,polyethylene carbonate,COC(=O)OC,COC(=O)OC,100.0,,TFSI,0.01,0.01,,,,,,,0.0,no,,,,,,,1.07e-11,,1.12e-10,,7.76e-10,,3.63e-09,,1.41e-08,,4.68e-08,,1.38e-07,3.39e-07,,,,,,,,,,13.34,2436.0,-67.6,all temps,,,,,,,,1.42,9120000000000.0,entire range,,,,2.7,100.0,270.0,linear,acetonitrile,60,24,yes,,https://doi.org/10.1002/pat.3896,"Motomatsu J, Kodama H, Furukawa T, Tominaga Y. Dielectric relaxation and ionic transport in poly(ethylene carbonate)-based electrolytes. Polym Adv Technol 2017;28:362-366",C(F)(F)(F)S(=O)(=O)[N-]S(=O)(=O)C(F)(F)F
34,,carbonate,polyethylene carbonate,COC(=O)OC,COC(=O)OC,100.0,,TFSI,0.1,0.1,,,,,,,0.0,no,,,,,,,9.12e-11,,1.29e-09,,1.12e-08,,6.03e-08,,2.29e-07,,7.76e-07,,2.24e-06,5.5e-06,,,,,,,,,,22.1,1811.0,-47.6,all temps,,,,,,,,1.505,2060000000000000.0,entire range,,,,2.7,100.0,270.0,linear,acetonitrile,60,24,yes,,https://doi.org/10.1002/pat.3896,"Motomatsu J, Kodama H, Furukawa T, Tominaga Y. Dielectric relaxation and ionic transport in poly(ethylene carbonate)-based electrolytes. Polym Adv Technol 2017;28:362-366",C(F)(F)(F)S(=O)(=O)[N-]S(=O)(=O)C(F)(F)F
35,,carbonate,polyethylene carbonate,COC(=O)OC,COC(=O)OC,100.0,,TFSI,1.0,1.0,,,,,,,0.0,no,,,,,,,2.14e-08,,1e-07,,3.8e-07,,1.17e-06,,3.16e-06,,7.76e-06,,1.58e-05,2.63e-05,,,,,,,,,,20.4,1794.0,-70.5,all temps,,,,,,,,0.9967,1117000000.0,entire range,,,,2.7,100.0,270.0,linear,acetonitrile,60,24,yes,,https://doi.org/10.1002/pat.3896,"Motomatsu J, Kodama H, Furukawa T, Tominaga Y. Dielectric relaxation and ionic transport in poly(ethylene carbonate)-based electrolytes. Polym Adv Technol 2017;28:362-366",C(F)(F)(F)S(=O)(=O)[N-]S(=O)(=O)C(F)(F)F
36,,carbonate,polyethylene carbonate,COC(=O)OC,COC(=O)OC,100.0,,TFSI,2.0,2.0,,,,,,,0.0,no,,,,,,,9.77e-07,,2.4e-06,,5.37e-06,,1.1e-05,,2e-05,,3.55e-05,,5.5e-05,8.51e-05,,,,,,,,,,6.84,1640.0,-97.0,all temps,,,,,,,,0.621,24397.0,entire range,,,,2.7,100.0,270.0,linear,acetonitrile,60,24,yes,,https://doi.org/10.1002/pat.3896,"Motomatsu J, Kodama H, Furukawa T, Tominaga Y. Dielectric relaxation and ionic transport in poly(ethylene carbonate)-based electrolytes. Polym Adv Technol 2017;28:362-366",C(F)(F)(F)S(=O)(=O)[N-]S(=O)(=O)C(F)(F)F
37,,carbonate,"poly(butyl ether 1,2-glycerol carbonate)",COC(=O)OC(COCCCC),COC(=O)OC(COCCCC),100.0,,TFSI,0.4,0.1,,,-24.0,,,,0.0,no,,,,,1.5e-05,,,,4.13e-05,,,,9.15e-05,,,,0.0002847,,,0.0005904,,,,,,,,,,294.3,2878.8,-181.7,"all temps, use Tg of neat polymer",1.7,884.0,-74.0,,,,,0.4516,695.0,entire range,,,,1.3,20.9,27.17,linear,acetonitrile,40,12,yes,,https://doi.org/10.1021/acsmacrolett.5b00193,"Konieczynska MD, Lin X, Zhang H, Grinstaff MW. Synthesis of aliphatic poly(ether 1,2-glycerol carbonate)s via copolymerization of CO2 with glycidyl ethers using a cobalt salen catalyst and study of a thermally stable solid polymer electrolyte. ACS Macro Lett 2015;4:533-537.",C(F)(F)(F)S(=O)(=O)[N-]S(=O)(=O)C(F)(F)F
38,,carbonate,poly(trimethylene carbonate),CCOC(=O)OC,CCOC(=O)OC,100.0,,TFSI,0.125,0.125,,,,,,,,na,,,,,,,,,,,,,,,,,,,,,,,0.8,60.0,Bruce-vincent method,,,,,,,,,,,,,,,,,,,,,,1.36,368.0,500.48,linear,acetonitrile,60,48,yes,,https://doi.org/10.1039/C6CP00757K,"Sun B, Mindemark J, Morozov EV, Costa LT, Bergman M, Johansson P, et al. Ion transport in polycarbonate based solid polymer electrolytes: experimental and computational investigations. Phys Chem Chem Phys 2016;18:9504-9513",C(F)(F)(F)S(=O)(=O)[N-]S(=O)(=O)C(F)(F)F
39,,carbonate,poly(trimethylene carbonate),CCOC(=O)OC,CCOC(=O)OC,100.0,,TFSI,0.047619048,0.047619048,,-17.5,-16.0,,,,0.0,no,,,,,2.97e-10,,,4.33e-09,,2.36e-08,,1e-07,,6.74e-07,,1.78e-06,,,,,,,,,,,,,,926.0,2532.0,-73.0,all temps,346.0,2301.0,-67.5,,,,,1.54,5.2e+16,entire range,,,,1.36,368.0,500.48,linear,acetonitrile,60,48,yes,,https://doi.org/10.1016/j.ssi.2013.08.014,"Sun B, Mindemark J, Edstroem K, Brandell D. Polycarbonate-based solid polymer electrolytes for Li-ion batteries. Solid State Ionics 2014;262:738-742",C(F)(F)(F)S(=O)(=O)[N-]S(=O)(=O)C(F)(F)F
40,,carbonate,poly(trimethylene carbonate),CCOC(=O)OC,CCOC(=O)OC,100.0,,TFSI,0.076923077,0.076923077,,-15.0,-16.0,,,,0.0,no,,,,,4.34e-09,,,2.89e-08,,1.16e-07,,4.88e-07,,1.56e-06,,4.44e-06,,,,,,,,,,,,,,3107.0,3052.0,-100.0,all temps,21.4,1759.0,-65.0,,,,,1.23,3610000000000.0,entire range,,,,1.36,368.0,500.48,linear,acetonitrile,60,48,yes,,https://doi.org/10.1016/j.ssi.2013.08.014,"Sun B, Mindemark J, Edstroem K, Brandell D. Polycarbonate-based solid polymer electrolytes for Li-ion batteries. Solid State Ionics 2014;262:738-742",C(F)(F)(F)S(=O)(=O)[N-]S(=O)(=O)C(F)(F)F
41,,carbonate,poly(trimethylene carbonate),CCOC(=O)OC,CCOC(=O)OC,100.0,,TFSI,0.125,0.125,,-15.0,-16.0,,,,0.0,no,,,,,3.32e-09,,,2.18e-08,,1.28e-07,,4.12e-07,,1.77e-06,,5.26e-06,,,,,,,,,,,,,,31462.0,3564.0,-107.0,all temps,55.0,1871.0,-65.0,,,,,1.31,61800000000000.0,entire range,,,,1.36,368.0,500.48,linear,acetonitrile,60,48,yes,,https://doi.org/10.1016/j.ssi.2013.08.014,"Sun B, Mindemark J, Edstroem K, Brandell D. Polycarbonate-based solid polymer electrolytes for Li-ion batteries. Solid State Ionics 2014;262:738-742",C(F)(F)(F)S(=O)(=O)[N-]S(=O)(=O)C(F)(F)F
42,,carbonate,poly(trimethylene carbonate),CCOC(=O)OC,CCOC(=O)OC,100.0,,TFSI,0.2,0.2,,-17.0,-16.0,,,,0.0,no,,,,,1.76e-09,,,1.15e-08,,5.75e-08,,2.38e-07,,9.05e-07,,2.8e-06,,,,,,,,,,,,,,169096.0,4313.0,-122.0,all temps,40.6,1945.0,-67.0,,,,,1.32,37300000000000.0,entire range,,,,1.36,368.0,500.48,linear,acetonitrile,60,48,yes,,https://doi.org/10.1016/j.ssi.2013.08.014,"Sun B, Mindemark J, Edstroem K, Brandell D. Polycarbonate-based solid polymer electrolytes for Li-ion batteries. Solid State Ionics 2014;262:738-742",C(F)(F)(F)S(=O)(=O)[N-]S(=O)(=O)C(F)(F)F
43,,carbonate,poly(trimethylene carbonate),CCOC(=O)OC,CCOC(=O)OC,100.0,,TFSI,0.333333333,0.333333333,,-11.0,-16.0,,,,0.0,no,,,,,6.82e-10,,,5.01e-09,,2.91e-08,,1.31e-07,,4.58e-07,,1.82e-06,,,,,,,,,,,,,,249000.0,4423.0,-120.0,all temps,21.3,1846.0,-61.0,,,,,1.397,332000000000000.0,entire range,,,,1.36,368.0,500.48,linear,acetonitrile,60,48,yes,,https://doi.org/10.1016/j.ssi.2013.08.014,"Sun B, Mindemark J, Edstroem K, Brandell D. Polycarbonate-based solid polymer electrolytes for Li-ion batteries. Solid State Ionics 2014;262:738-742",C(F)(F)(F)S(=O)(=O)[N-]S(=O)(=O)C(F)(F)F
44,,carbonate,poly(trimethylene carbonate),CCOC(=O)OC,CCOC(=O)OC,100.0,,TFSI,0.5,0.5,,11.0,-16.0,,,,0.0,no,,,,,1.37e-10,,,1.34e-09,,1.04e-08,,4.89e-08,,1.97e-07,,7.59e-07,,,,,,,,,,,,,,1369.0,2884.0,-81.5,all temps,0.7,1262.0,-39.0,,,,,1.53,1.32e+16,entire range,,,,1.36,368.0,500.48,linear,acetonitrile,60,48,yes,,https://doi.org/10.1016/j.ssi.2013.08.014,"Sun B, Mindemark J, Edstroem K, Brandell D. Polycarbonate-based solid polymer electrolytes for Li-ion batteries. Solid State Ionics 2014;262:738-742",C(F)(F)(F)S(=O)(=O)[N-]S(=O)(=O)C(F)(F)F
45,,carbonate,polyethylene carbonate,COC(=O)OC,COC(=O)OC,100.0,,TFSI,0.2,0.2,,34.0,22.0,,,,0.0,no,1.19e-05,,4.82e-05,,,,,,8.17e-05,,,,0.00018537,,,,,,,,,,,,,0.7988,20.0,,,0.1,476.0,-76.0,"all temps, T-Tg fit from 0 upwards",0.0045,52.0,-16.0,,,,,0.35,32.6,entire range,,,,,,50.0,linear,dimethylcarbonate,80,24,yes,,https://doi.org/10.1016/j.ssi.2014.09.011,"Okumura T, Nishimura S. Lithium ion conductive properties of aliphatic polycarbonate. Solid State Ionics 2014;267:68-73",C(F)(F)(F)S(=O)(=O)[N-]S(=O)(=O)C(F)(F)F
46,,carbonate,polyethylene carbonate,COC(=O)OC,COC(=O)OC,100.0,,TFSI,0.4,0.4,,31.0,22.0,,,,0.0,no,1.19e-05,,6.81e-05,,,,,,0.00011533,,,,0.00018537,,,,,,,,,,,,,0.3488,20.0,,,0.089,415.6,-70.0,"all temps, T-Tg fit from 0 upwards",0.007,68.8,-19.0,,,,,0.44,1354.0,entire range,,,,,,50.0,linear,dimethylcarbonate,80,24,yes,,https://doi.org/10.1016/j.ssi.2014.09.011,"Okumura T, Nishimura S. Lithium ion conductive properties of aliphatic polycarbonate. Solid State Ionics 2014;267:68-73",C(F)(F)(F)S(=O)(=O)[N-]S(=O)(=O)C(F)(F)F
47,,carbonate,polyethylene carbonate,COC(=O)OC,COC(=O)OC,100.0,,TFSI,0.6,0.6,,29.0,22.0,,,,0.0,no,1.94e-05,,0.00012871,,,,,,0.0002769,,,,0.00076693,,,,,,,,,,,,,0.0792,20.0,,,1.3,624.0,-75.5,"all temps, T-Tg fit from 0 upwards",0.032,99.0,-21.0,,,,,0.58,748396.0,entire range,,,,,,50.0,linear,dimethylcarbonate,80,24,yes,,https://doi.org/10.1016/j.ssi.2014.09.011,"Okumura T, Nishimura S. Lithium ion conductive properties of aliphatic polycarbonate. Solid State Ionics 2014;267:68-73",C(F)(F)(F)S(=O)(=O)[N-]S(=O)(=O)C(F)(F)F
48,,carbonate,polyethylene carbonate,COC(=O)OC,COC(=O)OC,100.0,,TFSI,0.8,0.8,,25.0,22.0,,,,0.0,no,0.00013097,,0.00047256,,,,,,0.0012572,,,,0.0017462,,,,,,,,,,,,,0.0189,20.0,,,1.2,487.0,-77.5,"all temps, T-Tg fit from 0 upwards",0.088,95.0,-25.0,,,,,0.43,8404.0,entire range,,,,,,50.0,linear,dimethylcarbonate,80,24,yes,,https://doi.org/10.1016/j.ssi.2014.09.011,"Okumura T, Nishimura S. Lithium ion conductive properties of aliphatic polycarbonate. Solid State Ionics 2014;267:68-73",C(F)(F)(F)S(=O)(=O)[N-]S(=O)(=O)C(F)(F)F
49,,"acrylonitrile, acrylate",poly(acrylonitrile-co-butylacrylate),CC(C#N),CC(C(=O)OCCCC),67.0,1.0,TFSI,1.2,1.2,,-22.0,43.0,,,,0.0,no,,,2.23e-07,,,,1.41e-06,,3.48e-06,,1.01e-05,,2.29e-05,,4.43e-05,,,,,,,,0.67,65.0,"Bruce-vincent method, also have .48 at 85",,,,,0.745,785.0,-45.0,all temps,14.3,1378.0,-72.0,,,,,0.89,770000000.0,entire range,,,,1.7,65.0,110.5,linear,acetonitrile,27,140,yes,"First 50 h at 20 Torr,  then 140h 1e-3 Torr",https://doi.org/10.1021/jp049195d,"Florjanczyk Z, Zygadlo-Monikowska E, Wieczorek W, Ryszawy A, Tomaszewska A, Fredman K, et al. Polymer-in-salt electrolytes based on acrylonitrile/butyl acrylate copolymers and lithium salts. J Phys Chem B 2004;108:14907-14914.",C(F)(F)(F)S(=O)(=O)[N-]S(=O)(=O)C(F)(F)F
50,,acrylate,poly(methyl methacrylate),CC(C)(C(=O)OC),CC(C)(C(=O)OC),100.0,1.0,TFSI,1.2,1.2,,-40.0,105.0,,,,0.0,no,,,1.03e-06,,,,2.73e-06,,8.26e-06,,1.73e-05,,3.22e-05,,,,,,,,,,,,,,,,,6.1,1320.0,-83.0,all temps,11.4,1475.0,-90.0,,,,,0.74,5300000.0,entire range,,,,,,,linear,acetonitrile,27,140,yes,First 50 h at 20 Torr,https://doi.org/10.1021/jp049195d,"Florjanczyk Z, Zygadlo-Monikowska E, Wieczorek W, Ryszawy A, Tomaszewska A, Fredman K, et al. Polymer-in-salt electrolytes based on acrylonitrile/butyl acrylate copolymers and lithium salts. J Phys Chem B 2004;108:14907-14914.",C(F)(F)(F)S(=O)(=O)[N-]S(=O)(=O)C(F)(F)F
51,,acrylate,poly(butyl acrylate),CC(C(=O)OCCCC),CC(C(=O)OCCCC),100.0,1.0,TFSI,1.2,1.2,,-73.0,-55.0,,,,0.0,no,,,5.86e-07,,,,1.73e-06,,4.72e-06,,1.16e-05,,2.53e-05,,5.43e-05,,,,,,,,,,,,,,,16215.0,3822.0,-160.0,all temps,509.0,2543.0,-123.0,,,,,0.78,19000000.0,entire range,,,,,,,linear,acetonitrile,27,140,yes,"First 50 h at 20 Torr, also mixed in chloroform",https://doi.org/10.1021/jp049195d,"Florjanczyk Z, Zygadlo-Monikowska E, Wieczorek W, Ryszawy A, Tomaszewska A, Fredman K, et al. Polymer-in-salt electrolytes based on acrylonitrile/butyl acrylate copolymers and lithium salts. J Phys Chem B 2004;108:14907-14914.",C(F)(F)(F)S(=O)(=O)[N-]S(=O)(=O)C(F)(F)F
52,,carbonate,poly(vinylene carbonate),C1C(OC(=O)O1)C2C(OC(=O)O2),C1C(OC(=O)O1)C2C(OC(=O)O2),100.0,,CF3SO3,0.05,0.05,,,,,,,,na,,,,,,,,,,,1.41e-07,,4.15e-07,,7.21e-07,1.08e-06,1.16e-06,,1.09e-06,7.65e-07,,,,,,,,,,0.009,686.0,-35.0,"fit between 45 and 80, cond decreased above that",,,,,,,,0.7,14000.0,only fit 45 to 80C,,,,,,,linear,none,none,none,none,Synthesis with salt and without solvent,https://doi.org/10.1016/0167-2738(87)90175-5,"Kaplan ML, Rietman EA, Cava RJ, Holt LK, Chandross EA. Crown ether enhancement of ionic conductivity in a polymer-salt system. Solid State Ionics 1987;25:37-40.",C(F)(F)(F)S(=O)(=O)[O-]
53,,carbonate,poly carbosilane carbonate,C[Si](C)(CCC1COC(=O)O1)CC,C[Si](C)(CCC1COC(=O)O1)CC,100.0,1.0,TFSI,,0.1,,-20.0,-15.0,,,,0.0,no,,,,,1.34e-08,,2.9e-08,,1.26e-07,,4.13e-07,,1.13e-06,,2.78e-06,,6.02e-06,,,,,,,,,,,,,13.9,1862.0,-79.0,all temps,4.9,1607.0,-70.0,,,,,1.01,1950000000.0,entire range,,,,1.3,17.3,22.49,linear,acetone,27,48,yes,,https://doi.org/10.1021/acs.macromol.6b01516,"Matsumoto K, Kakehashi M, Ouchi H, Yuasa M, Endo T. Synthesis and properties of polycarbosilanes having 5-membered cyclic carbonate groups as solid polymer electrolytes. Macromolecules 2016;49:9441-9448.",C(F)(F)(F)S(=O)(=O)[N-]S(=O)(=O)C(F)(F)F
54,,carbonate,poly carbosilane carbonate,C[Si](C)(CCC1COC(=O)O1)CC,C[Si](C)(CCC1COC(=O)O1)CC,100.0,1.0,TFSI,,0.25,,-20.0,-15.0,,,,0.0,no,,,,,5.12e-08,,1.11e-07,,4.7e-07,,1.58e-06,,4.2e-06,,1.03e-05,,2.08e-05,,,,,,,,,,,,,19.3,1637.0,-72.0,all temps,15.7,1588.0,-70.0,,,,,0.998,4600000000.0,entire range,,,,1.3,17.3,22.49,linear,acetone,27,48,yes,,https://doi.org/10.1021/acs.macromol.6b01516,"Matsumoto K, Kakehashi M, Ouchi H, Yuasa M, Endo T. Synthesis and properties of polycarbosilanes having 5-membered cyclic carbonate groups as solid polymer electrolytes. Macromolecules 2016;49:9441-9448.",C(F)(F)(F)S(=O)(=O)[N-]S(=O)(=O)C(F)(F)F
55,,carbonate,poly carbosilane carbonate,C[Si](C)(CCC1COC(=O)O1)CC,C[Si](C)(CCC1COC(=O)O1)CC,100.0,1.0,TFSI,,0.5,,-20.0,-15.0,,,,0.0,no,,,,,3.33e-06,,5.3e-06,,1.31e-05,,2.83e-05,,5.67e-05,,0.000103,,0.000172,,,,,,,,,,,,,48.0,1779.0,-105.0,all temps,3.4,1049.0,-70.0,,,,,0.66,440000.0,entire range,,,,1.3,17.3,22.49,linear,acetone,27,48,yes,,https://doi.org/10.1021/acs.macromol.6b01516,"Matsumoto K, Kakehashi M, Ouchi H, Yuasa M, Endo T. Synthesis and properties of polycarbosilanes having 5-membered cyclic carbonate groups as solid polymer electrolytes. Macromolecules 2016;49:9441-9448.",C(F)(F)(F)S(=O)(=O)[N-]S(=O)(=O)C(F)(F)F
56,,carbonate,poly carbosilane carbonate,C[Si](C)(CCC1COC(=O)O1)CC,C[Si](C)(CCC1COC(=O)O1)CC,100.0,1.0,TFSI,,1.0,,-20.0,-15.0,5,0.0,10.0,,yes,,,,,7.03e-06,,1.12e-05,,2.49e-05,,5.12e-05,,9.26e-05,,0.000159,,0.00026,,,,,,,,,,,,,22.0,1515.0,-100.0,all temps,2.7,954.0,-70.0,,,,,0.6,87000.0,entire range,,,,1.3,17.3,22.49,linear,acetone,27,48,yes,,https://doi.org/10.1021/acs.macromol.6b01516,"Matsumoto K, Kakehashi M, Ouchi H, Yuasa M, Endo T. Synthesis and properties of polycarbosilanes having 5-membered cyclic carbonate groups as solid polymer electrolytes. Macromolecules 2016;49:9441-9448.",C(F)(F)(F)S(=O)(=O)[N-]S(=O)(=O)C(F)(F)F
57,,carbonate,poly carbosilane carbonate,C[Si](C)(CCC1COC(=O)O1)CC,C[Si](C)(CCC1COC(=O)O1)CC,100.0,1.0,TFSI,,2.0,,-20.0,-15.0,40,20.0,45.0,,yes,,,,,2.3e-05,,3.48e-05,,6.97e-05,,0.000126,,0.000211,,0.000345,,0.00052,,,,,,,,,,,,,16.6,1364.0,-103.0,all temps,2.3,825.0,-70.0,,,,,0.51,12000.0,entire range,,,,1.3,17.3,22.49,linear,acetone,27,48,yes,,https://doi.org/10.1021/acs.macromol.6b01516,"Matsumoto K, Kakehashi M, Ouchi H, Yuasa M, Endo T. Synthesis and properties of polycarbosilanes having 5-membered cyclic carbonate groups as solid polymer electrolytes. Macromolecules 2016;49:9441-9448.",C(F)(F)(F)S(=O)(=O)[N-]S(=O)(=O)C(F)(F)F
58,,carbonate,poly carbosilane carbonate,C[Si](C)(CCC1COC(=O)O1)CC,C[Si](C)(CCC1COC(=O)O1)CC,100.0,1.0,TFSI,,4.0,,,-15.0,,,,,na,,,,,4.74e-05,,6.13e-05,,9.02e-05,,0.000147,,0.000206,,0.000327,,0.000402,,,,,,,,,,,,,81.0,2571.0,-199.0,all temps,,,,,,,,0.36,61.0,entire range,,,,1.3,17.3,22.49,linear,acetone,27,48,yes,,https://doi.org/10.1021/acs.macromol.6b01516,"Matsumoto K, Kakehashi M, Ouchi H, Yuasa M, Endo T. Synthesis and properties of polycarbosilanes having 5-membered cyclic carbonate groups as solid polymer electrolytes. Macromolecules 2016;49:9441-9448.",C(F)(F)(F)S(=O)(=O)[N-]S(=O)(=O)C(F)(F)F
59,,carbonate,poly carbosilane carbonate,C[Si](C)(CCC1COC(=O)O1)CC,C[Si](C)(CCC1COC(=O)O1)CC,100.0,1.0,CF3SO3,,0.1,,-15.0,-15.0,,,,0.0,no,,,,,8.73e-09,,1.91e-08,,8.11e-08,,2.67e-07,,7.31e-07,,1.6e-06,,3.4e-06,,,,,,,,,,,,,1.4,1458.0,-66.0,all temps,1.3,1439.0,-65.0,,,,,0.99,520000000.0,entire range,,,,1.3,17.3,22.49,linear,acetone,27,48,yes,,https://doi.org/10.1021/acs.macromol.6b01516,"Matsumoto K, Kakehashi M, Ouchi H, Yuasa M, Endo T. Synthesis and properties of polycarbosilanes having 5-membered cyclic carbonate groups as solid polymer electrolytes. Macromolecules 2016;49:9441-9448.",C(F)(F)(F)S(=O)(=O)[O-]
60,,carbonate,poly carbosilane carbonate,C[Si](C)(CCC1COC(=O)O1)CC,C[Si](C)(CCC1COC(=O)O1)CC,100.0,1.0,CF3SO3,,0.3,,-15.0,-15.0,45,30.0,50.0,,yes,,,,,4.81e-09,,1.27e-08,,6.51e-08,,2.51e-07,,7.31e-07,,1.93e-06,,4.37e-06,,,,,,,,,,,,,3.8,1518.0,-61.0,all temps,6.4,1633.0,-65.0,,,,,1.1,58000000000.0,entire range,,,,1.3,17.3,22.49,linear,acetone,27,48,yes,,https://doi.org/10.1021/acs.macromol.6b01516,"Matsumoto K, Kakehashi M, Ouchi H, Yuasa M, Endo T. Synthesis and properties of polycarbosilanes having 5-membered cyclic carbonate groups as solid polymer electrolytes. Macromolecules 2016;49:9441-9448.",C(F)(F)(F)S(=O)(=O)[O-]
61,,carbonate,poly carbosilane carbonate,C[Si](C)(CCC1COC(=O)O1)CC,C[Si](C)(CCC1COC(=O)O1)CC,100.0,1.0,CF3SO3,,0.5,,-20.0,-15.0,55,25.0,60.0,,yes,,,,,1.46e-09,,3.86e-09,,2.24e-08,,1.01e-07,,3.55e-07,,1.03e-06,,2.57e-06,,,,,,,,,,,,,44.0,2114.0,-74.0,all temps,24.0,1967.0,-70.0,,,,,1.2,1700000000000.0,entire range,,,,1.3,17.3,22.49,linear,acetone,27,48,yes,,https://doi.org/10.1021/acs.macromol.6b01516,"Matsumoto K, Kakehashi M, Ouchi H, Yuasa M, Endo T. Synthesis and properties of polycarbosilanes having 5-membered cyclic carbonate groups as solid polymer electrolytes. Macromolecules 2016;49:9441-9448.",C(F)(F)(F)S(=O)(=O)[O-]
62,,carbonate,poly carbosilane carbonate,C[Si](C)(CCC1COC(=O)O1)CC,C[Si](C)(CCC1COC(=O)O1)CC,100.0,1.0,CF3SO3,,0.7,,,-15.0,,,,,na,,,,,2.06e-09,,4.96e-09,,2.24e-08,,9.49e-08,,3.13e-07,,8.55e-07,,2.49e-06,,,,,,,,,,,,,6041.0,3722.0,-119.0,all temps,,,,,,,,1.17,120000000000.0,entire range,,,,1.3,17.3,22.49,linear,acetone,27,48,yes,,https://doi.org/10.1021/acs.macromol.6b01516,"Matsumoto K, Kakehashi M, Ouchi H, Yuasa M, Endo T. Synthesis and properties of polycarbosilanes having 5-membered cyclic carbonate groups as solid polymer electrolytes. Macromolecules 2016;49:9441-9448.",C(F)(F)(F)S(=O)(=O)[O-]
63,,carbonate,poly carbosilane carbonate,C[Si](C)(CCC1COC(=O)O1)CC,C[Si](C)(CCC1COC(=O)O1)CC,100.0,1.0,CF3SO3,,1.0,,-25.0,-15.0,40,30.0,45.0,,yes,,,,,,,2.15e-10,,2.73e-09,,1.97e-08,,1.04e-07,,4.28e-07,,1.33e-06,,,,,,,,,,,,,45.0,1984.0,-52.0,all temps,2986.0,2866.0,-75.0,,,,,1.6,1.4e+17,entire range,,,,1.3,17.3,22.49,linear,acetone,27,48,yes,,https://doi.org/10.1021/acs.macromol.6b01516,"Matsumoto K, Kakehashi M, Ouchi H, Yuasa M, Endo T. Synthesis and properties of polycarbosilanes having 5-membered cyclic carbonate groups as solid polymer electrolytes. Macromolecules 2016;49:9441-9448.",C(F)(F)(F)S(=O)(=O)[O-]
64,,carbonate,poly carbosilane carbonate,C[Si](C)(CCC1COC(=O)O1)CC,C[Si](C)(CCC1COC(=O)O1)CC,100.0,1.0,CF3SO3,,2.0,,,-15.0,,,,,na,,,,,1.18e-10,,3.78e-10,,2.82e-09,,1.64e-08,,6.93e-08,,2.36e-07,,7.08e-07,,,,,,,,,,,,,110.0,2463.0,-75.0,all temps,,,,,,,,1.4,320000000000000.0,entire range,,,,1.3,17.3,22.49,linear,acetone,27,48,yes,,https://doi.org/10.1021/acs.macromol.6b01516,"Matsumoto K, Kakehashi M, Ouchi H, Yuasa M, Endo T. Synthesis and properties of polycarbosilanes having 5-membered cyclic carbonate groups as solid polymer electrolytes. Macromolecules 2016;49:9441-9448.",C(F)(F)(F)S(=O)(=O)[O-]
65,,carbonate,poly carbosilane dicarbonate,C[Si](CCC1COC(=O)O1)(CCC2COC(=O)O2)CC,C[Si](CCC1COC(=O)O1)(CCC2COC(=O)O2)CC,100.0,2.0,TFSI,,0.25,,-10.0,-5.0,,,,0.0,no,,,,,7.47e-10,,2.07e-09,,1.38e-08,,7.12e-08,,2.84e-07,,9.13e-07,,2.53e-06,,,,,,,,,,,,,420.0,2578.0,-81.0,all temps,15.0,1785.0,-60.0,,,,,1.35,62000000000000.0,entire range,,,,2.51,90.6,227.406,linear,acetonitrile,27,48,yes,,https://doi.org/10.1021/acs.macromol.6b01516,"Matsumoto K, Kakehashi M, Ouchi H, Yuasa M, Endo T. Synthesis and properties of polycarbosilanes having 5-membered cyclic carbonate groups as solid polymer electrolytes. Macromolecules 2016;49:9441-9448.",C(F)(F)(F)S(=O)(=O)[N-]S(=O)(=O)C(F)(F)F
66,,carbonate,poly carbosilane dicarbonate,C[Si](CCC1COC(=O)O1)(CCC2COC(=O)O2)CC,C[Si](CCC1COC(=O)O1)(CCC2COC(=O)O2)CC,100.0,2.0,TFSI,,0.5,,0.0,-5.0,,,,0.0,no,,,,,1.1e-07,,2.46e-07,,7.89e-07,,1.82e-06,,3.15e-06,,6.08e-06,,1.05e-05,,,,,,,,,,,,,0.03,568.0,-35.0,all temps,0.09,803.0,-50.0,,,,,0.73,340000.0,entire range,,,,2.51,90.6,227.406,linear,acetonitrile,27,48,yes,,https://doi.org/10.1021/acs.macromol.6b01516,"Matsumoto K, Kakehashi M, Ouchi H, Yuasa M, Endo T. Synthesis and properties of polycarbosilanes having 5-membered cyclic carbonate groups as solid polymer electrolytes. Macromolecules 2016;49:9441-9448.",C(F)(F)(F)S(=O)(=O)[N-]S(=O)(=O)C(F)(F)F
67,,carbonate,poly carbosilane dicarbonate,C[Si](CCC1COC(=O)O1)(CCC2COC(=O)O2)CC,C[Si](CCC1COC(=O)O1)(CCC2COC(=O)O2)CC,100.0,2.0,TFSI,,1.0,,,-5.0,,,,,na,,,,,1.47e-06,,2.53e-06,,6.08e-06,,1.31e-05,,2.71e-05,,5.22e-05,,9.35e-05,,,,,,,,,,,,,382.0,2651.0,-136.0,all temps,,,,,,,,0.68,530000.0,entire range,,,,2.51,90.6,227.406,linear,acetonitrile,27,48,yes,,https://doi.org/10.1021/acs.macromol.6b01516,"Matsumoto K, Kakehashi M, Ouchi H, Yuasa M, Endo T. Synthesis and properties of polycarbosilanes having 5-membered cyclic carbonate groups as solid polymer electrolytes. Macromolecules 2016;49:9441-9448.",C(F)(F)(F)S(=O)(=O)[N-]S(=O)(=O)C(F)(F)F
68,,carbonate,poly carbosilane dicarbonate,C[Si](CCC1COC(=O)O1)(CCC2COC(=O)O2)CC,C[Si](CCC1COC(=O)O1)(CCC2COC(=O)O2)CC,100.0,2.0,TFSI,,2.0,,-20.0,-5.0,45,20.0,50.0,,yes,,,,,2.18e-05,,3.02e-05,,6.99e-05,,0.000162,,0.000241,,0.000347,,0.0005,,,,,,,,,,,,,0.55,496.0,-42.0,all temps,3.0,857.0,-70.0,,,,,0.53,22000.0,entire range,,,,2.51,90.6,227.406,linear,acetonitrile,27,48,yes,,https://doi.org/10.1021/acs.macromol.6b01516,"Matsumoto K, Kakehashi M, Ouchi H, Yuasa M, Endo T. Synthesis and properties of polycarbosilanes having 5-membered cyclic carbonate groups as solid polymer electrolytes. Macromolecules 2016;49:9441-9448.",C(F)(F)(F)S(=O)(=O)[N-]S(=O)(=O)C(F)(F)F
69,,carbonate,poly carbosilane dicarbonate,C[Si](CCC1COC(=O)O1)(CCC2COC(=O)O2)CC,C[Si](CCC1COC(=O)O1)(CCC2COC(=O)O2)CC,100.0,2.0,TFSI,,4.0,,-25.0,-5.0,45,10.0,50.0,,na,,,,,0.000121,,0.00015,,0.00025,,0.000374,,0.000538,,0.000695,,0.00093,,,,,,,,,,,,,1.4,730.0,-87.0,all temps,0.84,603.0,-75.0,,,,,0.34,69.0,entire range,,,,2.51,90.6,227.406,linear,acetonitrile,27,48,yes,,https://doi.org/10.1021/acs.macromol.6b01516,"Matsumoto K, Kakehashi M, Ouchi H, Yuasa M, Endo T. Synthesis and properties of polycarbosilanes having 5-membered cyclic carbonate groups as solid polymer electrolytes. Macromolecules 2016;49:9441-9448.",C(F)(F)(F)S(=O)(=O)[N-]S(=O)(=O)C(F)(F)F
70,,carbonate,poly carbosilane dicarbonate,C[Si](CCC1COC(=O)O1)(CCC2COC(=O)O2)CC,C[Si](CCC1COC(=O)O1)(CCC2COC(=O)O2)CC,100.0,2.0,CF3SO3,,0.1,,-10.0,-5.0,70,50.0,80.0,,yes,,,,,3.37e-09,,8.77e-09,,4.42e-08,,1.66e-07,,4.98e-07,,1.29e-06,,2.89e-06,,,,,,,,,,,,,2.9,1552.0,-63.0,all temps,2.06,1478.0,-60.0,,,,,1.1,29000000000.0,entire range,,,,2.51,90.6,227.406,linear,acetonitrile,27,48,yes,,https://doi.org/10.1021/acs.macromol.6b01516,"Matsumoto K, Kakehashi M, Ouchi H, Yuasa M, Endo T. Synthesis and properties of polycarbosilanes having 5-membered cyclic carbonate groups as solid polymer electrolytes. Macromolecules 2016;49:9441-9448.",C(F)(F)(F)S(=O)(=O)[O-]
71,,carbonate,poly carbosilane dicarbonate,C[Si](CCC1COC(=O)O1)(CCC2COC(=O)O2)CC,C[Si](CCC1COC(=O)O1)(CCC2COC(=O)O2)CC,100.0,2.0,CF3SO3,,0.3,,0.0,-5.0,62,40.0,75.0,,yes,,,,,2.72e-07,,4.89e-07,,1.37e-06,,3.55e-06,,7.94e-06,,1.65e-05,,3.07e-05,,,,,,,,,,,,,85.0,2265.0,-111.0,all temps,0.36,853.0,-50.0,,,,,0.78,5200000.0,entire range,,,,2.51,90.6,227.406,linear,acetonitrile,27,48,yes,,https://doi.org/10.1021/acs.macromol.6b01516,"Matsumoto K, Kakehashi M, Ouchi H, Yuasa M, Endo T. Synthesis and properties of polycarbosilanes having 5-membered cyclic carbonate groups as solid polymer electrolytes. Macromolecules 2016;49:9441-9448.",C(F)(F)(F)S(=O)(=O)[O-]
72,,carbonate,poly carbosilane dicarbonate,C[Si](CCC1COC(=O)O1)(CCC2COC(=O)O2)CC,C[Si](CCC1COC(=O)O1)(CCC2COC(=O)O2)CC,100.0,2.0,CF3SO3,,0.4,,-5.0,-5.0,50,40.0,60.0,,yes,,,,,2.53e-07,,5.08e-07,,1.77e-06,,4.76e-06,,1.11e-05,,2.39e-05,,4.78e-05,,,,,,,,,,,,,19.8,1594.0,-79.0,all temps,1.8,1039.0,-55.0,,,,,0.86,110000000.0,entire range,,,,2.51,90.6,227.406,linear,acetonitrile,27,48,yes,,https://doi.org/10.1021/acs.macromol.6b01516,"Matsumoto K, Kakehashi M, Ouchi H, Yuasa M, Endo T. Synthesis and properties of polycarbosilanes having 5-membered cyclic carbonate groups as solid polymer electrolytes. Macromolecules 2016;49:9441-9448.",C(F)(F)(F)S(=O)(=O)[O-]
73,,carbonate,poly carbosilane dicarbonate,C[Si](CCC1COC(=O)O1)(CCC2COC(=O)O2)CC,C[Si](CCC1COC(=O)O1)(CCC2COC(=O)O2)CC,100.0,2.0,CF3SO3,,0.7,,-5.0,-5.0,,,,,na,,,,,2.62e-07,,5.27e-07,,1.77e-06,,4.94e-06,,1.19e-05,,2.67e-05,,5.75e-05,,,,,,,,,,,,,334.0,2321.0,-103.0,all temps,2.5,1064.0,-55.0,,,,,0.88,260000000.0,entire range,,,,2.51,90.6,227.406,linear,acetonitrile,27,48,yes,,https://doi.org/10.1021/acs.macromol.6b01516,"Matsumoto K, Kakehashi M, Ouchi H, Yuasa M, Endo T. Synthesis and properties of polycarbosilanes having 5-membered cyclic carbonate groups as solid polymer electrolytes. Macromolecules 2016;49:9441-9448.",C(F)(F)(F)S(=O)(=O)[O-]
74,,carbonate,poly carbosilane dicarbonate,C[Si](CCC1COC(=O)O1)(CCC2COC(=O)O2)CC,C[Si](CCC1COC(=O)O1)(CCC2COC(=O)O2)CC,100.0,2.0,CF3SO3,,1.0,,-5.0,-5.0,25,20.0,35.0,,yes,,,,,7.05e-09,,1.97e-08,,1.11e-07,,4.66e-07,,1.57e-06,,4.53e-06,,1.13e-05,,,,,,,,,,,,,93.0,1963.0,-71.0,all temps,9.9,1461.0,-55.0,,,,,1.2,3300000000000.0,entire range,,,,2.51,90.6,227.406,linear,acetonitrile,27,48,yes,,https://doi.org/10.1021/acs.macromol.6b01516,"Matsumoto K, Kakehashi M, Ouchi H, Yuasa M, Endo T. Synthesis and properties of polycarbosilanes having 5-membered cyclic carbonate groups as solid polymer electrolytes. Macromolecules 2016;49:9441-9448.",C(F)(F)(F)S(=O)(=O)[O-]
75,,carbonate,poly carbosilane dicarbonate,C[Si](CCC1COC(=O)O1)(CCC2COC(=O)O2)CC,C[Si](CCC1COC(=O)O1)(CCC2COC(=O)O2)CC,100.0,2.0,CF3SO3,,2.0,,,-5.0,,,,,na,,,,,1.02e-08,,2.29e-08,,9.95e-08,,3.1e-07,,9.69e-07,,2.42e-06,,5.83e-06,,,,,,,,,,,,,257.0,2659.0,-101.0,all temps,,,,,,,,1.0,5400000000.0,entire range,,,,2.51,90.6,227.406,linear,acetonitrile,27,48,yes,,https://doi.org/10.1021/acs.macromol.6b01516,"Matsumoto K, Kakehashi M, Ouchi H, Yuasa M, Endo T. Synthesis and properties of polycarbosilanes having 5-membered cyclic carbonate groups as solid polymer electrolytes. Macromolecules 2016;49:9441-9448.",C(F)(F)(F)S(=O)(=O)[O-]
76,,"ester, carbonate",poly(e-caprolactone)-co-(trimethylene carbonate),COC(=O)CCCC,COC(=O)OCC,100.0,1.0,TFSI,0.157372428,0.157372428,28.0,,,49,32.0,63.0,,yes,,,,,5.69e-06,,8.93e-06,,2.71e-05,,6.31e-05,,0.000105,,0.000161,,0.000249,,0.000362,0.00049,,,,,,,,,,0.438,533.0,-38.0,No Tg given,,,,,,0.81,236000000.0,0.43,341.4,"split at 1000/T = 3.1, at Tm",,,,1.24,338.0,419.12,linear,acetonitrile,60,40,yes,< 1 mbar,https://doi.org/10.1016/j.jpowsour.2015.08.035,"Mindemark J, Sun B, Toermae E, Brandell D. High-performance solid polymer electrolytes for lithium batteries operational at ambient temperature. J Power Sources 298 (2015) 166-170.",C(F)(F)(F)S(=O)(=O)[N-]S(=O)(=O)C(F)(F)F
77,,"ester, carbonate",poly(e-caprolactone)-co-(trimethylene carbonate),COC(=O)CCCC,COC(=O)OCC,100.0,1.0,TFSI,0.227627977,0.227627977,36.0,,,47,32.0,56.0,,yes,,,,,1.14e-06,,1.72e-06,,4.09e-06,,8.66e-06,,1.67e-05,,2.99e-05,,4.96e-05,,7.79e-05,0.00012,,,,,,,,,,18.7,1940.0,-116.0,No Tg given,,,,,,,,0.6,16855.0,"fit entire range, because not very different…",,,,1.24,338.0,419.12,linear,acetonitrile,60,40,yes,< 1 mbar,https://doi.org/10.1016/j.jpowsour.2015.08.035,"Mindemark J, Sun B, Toermae E, Brandell D. High-performance solid polymer electrolytes for lithium batteries operational at ambient temperature. J Power Sources 298 (2015) 166-170.",C(F)(F)(F)S(=O)(=O)[N-]S(=O)(=O)C(F)(F)F
78,,"ester, carbonate",poly(e-caprolactone)-co-(trimethylene carbonate),COC(=O)CCCC,COC(=O)OCC,90.0,1.0,TFSI,0.155740679,0.155740679,28.0,,,42,35.0,52.0,,yes,,,,,1.97e-05,,3.03e-05,,5.96e-05,,0.000111,,0.000184,,0.000284,,0.000421,,0.000613,0.00086,,,,,,,,,,8.1,1218.0,-96.0,No Tg given,,,,,,,,0.48,2757.0,"fit entire range, because not very different…",,,,1.42,256.0,363.52,linear,acetonitrile,60,40,yes,< 1 mbar,https://doi.org/10.1016/j.jpowsour.2015.08.035,"Mindemark J, Sun B, Toermae E, Brandell D. High-performance solid polymer electrolytes for lithium batteries operational at ambient temperature. J Power Sources 298 (2015) 166-170.",C(F)(F)(F)S(=O)(=O)[N-]S(=O)(=O)C(F)(F)F
79,,"ester, carbonate",poly(e-caprolactone)-co-(trimethylene carbonate),COC(=O)CCCC,COC(=O)OCC,90.0,1.0,TFSI,0.225267768,0.225267768,36.0,,,42,35.0,43.0,,yes,,,,,1.28e-05,,1.9e-05,,3.82e-05,,7.22e-05,,0.00012,,0.000192,,0.00029,,0.00043,0.000455,,,,,,,,,,1.4,845.0,-71.0,No Tg given,,,,,,,,0.47,1549.0,"fit entire range, because not very different…",,,,1.42,256.0,363.52,linear,acetonitrile,60,40,yes,< 1 mbar,https://doi.org/10.1016/j.jpowsour.2015.08.035,"Mindemark J, Sun B, Toermae E, Brandell D. High-performance solid polymer electrolytes for lithium batteries operational at ambient temperature. J Power Sources 298 (2015) 166-170.",C(F)(F)(F)S(=O)(=O)[N-]S(=O)(=O)C(F)(F)F
80,,"ester, carbonate",poly(e-caprolactone)-co-(trimethylene carbonate),COC(=O)CCCC,COC(=O)OCC,80.0,1.0,TFSI,0.099070027,0.099070027,20.0,-50.0,-57.0,,,,0.0,no,,,,,1.96e-05,,,,,,,,0.000104,,,,,,,0.000399,,,,,,,,,,,,,,,,,,,,,,,,,,,1.42,257.0,364.94,linear,acetonitrile,60,40,yes,< 1 mbar,https://doi.org/10.1016/j.jpowsour.2015.08.035,"Mindemark J, Sun B, Toermae E, Brandell D. High-performance solid polymer electrolytes for lithium batteries operational at ambient temperature. J Power Sources 298 (2015) 166-170.",C(F)(F)(F)S(=O)(=O)[N-]S(=O)(=O)C(F)(F)F
81,,"ester, carbonate",poly(e-caprolactone)-co-(trimethylene carbonate),COC(=O)CCCC,COC(=O)OCC,80.0,1.0,TFSI,0.15410893,0.15410893,28.0,-40.0,-57.0,,,,0.0,no,,,,,3.8e-05,,5.33e-05,,0.000109,,0.000181,,0.000281,,0.000446,,0.000613,,0.000726,0.00111,,,,,,,,,,1.8,778.0,-73.0,,4.1,1005.0,-90.0,,,,,0.43,672.0,entire range,,,,1.42,257.0,364.94,linear,acetonitrile,60,40,yes,< 1 mbar,https://doi.org/10.1016/j.jpowsour.2015.08.035,"Mindemark J, Sun B, Toermae E, Brandell D. High-performance solid polymer electrolytes for lithium batteries operational at ambient temperature. J Power Sources 298 (2015) 166-170.",C(F)(F)(F)S(=O)(=O)[N-]S(=O)(=O)C(F)(F)F
82,,"ester, carbonate",poly(e-caprolactone)-co-(trimethylene carbonate),COC(=O)CCCC,COC(=O)OCC,80.0,1.0,TFSI,0.22290756,0.22290756,36.0,-36.0,-57.0,,,,0.0,no,,,,,4.19e-05,,5.99e-05,,0.000115,,0.000199,,0.000325,,0.000481,,0.000687,,0.000945,0.00123,,,0.66,60.0,"Bruce-Vincent method, also 0.62 at 40C",,,,,4.4,971.0,-86.0,,4.3,967.0,-86.0,,,,,0.43,1015.0,entire range,,,,1.42,257.0,364.94,linear,acetonitrile,60,40,yes,< 1 mbar,https://doi.org/10.1016/j.jpowsour.2015.08.035,"Mindemark J, Sun B, Toermae E, Brandell D. High-performance solid polymer electrolytes for lithium batteries operational at ambient temperature. J Power Sources 298 (2015) 166-170.",C(F)(F)(F)S(=O)(=O)[N-]S(=O)(=O)C(F)(F)F
83,,"ester, carbonate",poly(e-caprolactone)-co-(trimethylene carbonate),COC(=O)CCCC,COC(=O)OCC,80.0,1.0,TFSI,0.311362941,0.311362941,44.0,-38.0,-57.0,,,,0.0,no,,,,,1.2e-05,,,,,,,,9.5e-05,,,,,,,0.000588,,,,,,,,,,,,,,,,,,,,,,,,,,,1.42,257.0,364.94,linear,acetonitrile,60,40,yes,< 1 mbar,https://doi.org/10.1016/j.jpowsour.2015.08.035,"Mindemark J, Sun B, Toermae E, Brandell D. High-performance solid polymer electrolytes for lithium batteries operational at ambient temperature. J Power Sources 298 (2015) 166-170.",C(F)(F)(F)S(=O)(=O)[N-]S(=O)(=O)C(F)(F)F
84,,"ester, carbonate",poly(e-caprolactone)-co-(trimethylene carbonate),COC(=O)CCCC,COC(=O)OCC,70.0,1.0,TFSI,0.152477181,0.152477181,28.0,,,,,,0.0,no,,,,,5.69e-06,,8.93e-06,,2.12e-05,,4.17e-05,,6.93e-05,,0.000111,,0.000161,,0.00024,0.000362,,,,,,,,,,1.5,929.0,-72.0,No Tg given,,,,,,,,0.52,4373.0,entire range,,,,1.35,246.0,332.1,linear,acetonitrile,60,40,yes,< 1 mbar,https://doi.org/10.1016/j.jpowsour.2015.08.035,"Mindemark J, Sun B, Toermae E, Brandell D. High-performance solid polymer electrolytes for lithium batteries operational at ambient temperature. J Power Sources 298 (2015) 166-170.",C(F)(F)(F)S(=O)(=O)[N-]S(=O)(=O)C(F)(F)F
85,,"ester, carbonate",poly(e-caprolactone)-co-(trimethylene carbonate),COC(=O)CCCC,COC(=O)OCC,70.0,1.0,TFSI,0.220547351,0.220547351,36.0,,,,,,0.0,no,,,,,5.84e-06,,9.33e-06,,2.26e-05,,4.6e-05,,8.55e-05,,0.000145,,0.000236,,0.000356,0.000481,,,,,,,,,,5.1,1121.0,-78.0,No Tg given,,,,,,,,0.57,28522.0,entire range,,,,1.35,246.0,332.1,linear,acetonitrile,60,40,yes,< 1 mbar,https://doi.org/10.1016/j.jpowsour.2015.08.035,"Mindemark J, Sun B, Toermae E, Brandell D. High-performance solid polymer electrolytes for lithium batteries operational at ambient temperature. J Power Sources 298 (2015) 166-170.",C(F)(F)(F)S(=O)(=O)[N-]S(=O)(=O)C(F)(F)F
86,,ester,poly(ethylene malonate),COC(=O)CC(=O)OC,COC(=O)CC(=O)OC,100.0,2.0,CF3SO3,0.066666667,0.033333333,,-13.25,-15.3,,,,0.0,no,,,,,,,8.99e-07,1.62e-06,2.78e-06,4.55e-06,7.14e-06,1.08e-05,1.59e-05,2.26e-05,3.15e-05,4.28e-05,5.7e-05,7.45e-05,9.58e-05,0.00015147,,,,,,,,,,6.3,1326.0,-73.0,,3.1,1140.0,-63.3,,,,,0.71,680000.0,entire range,,,,,2.26,,linear,THF,100,72,high,5e-6 Torr,https://doi.org/10.1016/S0167-2738(00)00791-8,"Lee YC, Ratner MA, Shriver DF. Ionic conductivity in the poly(ethylene malonate)/lithium triflate system. Solid State Ionics 2001;138:273-276",C(F)(F)(F)S(=O)(=O)[O-]
87,,ester,poly(ethylene malonate),COC(=O)CC(=O)OC,COC(=O)CC(=O)OC,100.0,2.0,CF3SO3,0.125,0.0625,,-8.59,-15.3,,,,0.0,no,,,,,,,1.12e-06,2.21e-06,3.99e-06,6.73e-06,1.07e-05,1.61e-05,2.33e-05,3.26e-05,4.41e-05,5.8e-05,7.46e-05,9.39e-05,0.000116063,0.000169183,,,,,,,,,,0.49,695.0,-39.0,,2.3,1023.0,-58.6,,,,,0.68,433000.0,entire range,,,,,2.26,,linear,THF,100,72,high,5e-6 Torr,https://doi.org/10.1016/S0167-2738(00)00791-8,"Lee YC, Ratner MA, Shriver DF. Ionic conductivity in the poly(ethylene malonate)/lithium triflate system. Solid State Ionics 2001;138:273-276",C(F)(F)(F)S(=O)(=O)[O-]
88,,ester,poly(ethylene malonate),COC(=O)CC(=O)OC,COC(=O)CC(=O)OC,100.0,2.0,CF3SO3,0.25,0.125,,-5.889,-15.3,,,,0.0,no,,,,,,,4.89e-07,1.05e-06,2.08e-06,3.79e-06,6.48e-06,1.05e-05,1.63e-05,2.42e-05,3.47e-05,4.83e-05,6.54e-05,8.66e-05,0.00011217,,,,,,,,,,,2.2,935.0,-45.0,,5.7,1146.0,-55.9,,,,,0.81,25300000.0,entire range,,,,,2.26,,linear,THF,100,72,high,5e-6 Torr,https://doi.org/10.1016/S0167-2738(00)00791-8,"Lee YC, Ratner MA, Shriver DF. Ionic conductivity in the poly(ethylene malonate)/lithium triflate system. Solid State Ionics 2001;138:273-276",C(F)(F)(F)S(=O)(=O)[O-]
89,,ester,poly(ethylene malonate),COC(=O)CC(=O)OC,COC(=O)CC(=O)OC,100.0,2.0,CF3SO3,0.5,0.25,,-3.531,-15.3,,,,0.0,no,,,,,,,2.39e-07,5.43e-07,1.12e-06,2.15e-06,3.86e-06,6.54e-06,1.06e-05,1.63e-05,2.43e-05,3.51e-05,4.92e-05,6.72e-05,8.97e-05,,,,,,,,,,,4.9,1109.0,-49.0,,7.3,1198.0,-53.5,,,,,0.89,250000000.0,entire range,,,,,2.26,,linear,THF,100,72,high,5e-6 Torr,https://doi.org/10.1016/S0167-2738(00)00791-8,"Lee YC, Ratner MA, Shriver DF. Ionic conductivity in the poly(ethylene malonate)/lithium triflate system. Solid State Ionics 2001;138:273-276",C(F)(F)(F)S(=O)(=O)[O-]
90,,ester,poly(ethylene malonate),COC(=O)CC(=O)OC,COC(=O)CC(=O)OC,100.0,2.0,CF3SO3,1.0,0.5,,16.11,-15.3,,,,0.0,no,,,,,,,,,1.94e-07,4.15e-07,8.22e-07,1.53e-06,2.68e-06,4.47e-06,7.16e-06,1.1e-05,1.64e-05,2.38e-05,3.35e-05,,,,,,,,,,,8.8,1346.0,-51.0,,1.5,965.0,-33.9,,,,,0.97,1300000000.0,entire range,,,,,2.26,,linear,THF,100,72,high,5e-6 Torr,https://doi.org/10.1016/S0167-2738(00)00791-8,"Lee YC, Ratner MA, Shriver DF. Ionic conductivity in the poly(ethylene malonate)/lithium triflate system. Solid State Ionics 2001;138:273-276",C(F)(F)(F)S(=O)(=O)[O-]
91,,ester,Poly(ethylene adipate),COC(=O)CCCCC(=O)OC,COC(=O)CCCCC(=O)OC,100.0,2.0,ClO4,0.016606628,0.008303314,1.0,-41.0,-49.0,55,35.0,60.0,,yes,,,,,,,3.85e-07,7.27e-07,1.34e-06,2.44e-06,5.35e-06,7.04e-06,8.96e-06,1.11e-05,1.34e-05,1.58e-05,1.84e-05,2.11e-05,2.38e-05,2.95e-05,,,,,,,,,,0.0072,307.4,-21.0,50,0.079,935.0,-91.0,,,0.82,21700000.0,0.339,1.17,split at 1000/T = 3.1,,,,,,10.0,linear,acetonitrile,80,48,yes,,https://doi.org/10.1016/j.polymer.2011.06.055,"Lin C-K, Wu ID. Investigating the effect of interaction behavior on the ionic conductivity of polyester/LiClO4 blend systems. Polymer 2011;52:4106-4113",[O-]Cl(=O)(=O)=O
92,,ester,Poly(ethylene adipate),COC(=O)CCCCC(=O)OC,COC(=O)CCCCC(=O)OC,100.0,2.0,ClO4,0.050847099,0.025423549,3.0,-38.0,-49.0,50,35.0,55.0,,yes,,,,,,,1.5e-06,3.45e-06,7.72e-06,1.68e-05,4.72e-05,6.07e-05,7.62e-05,9.4e-05,0.000113943,0.00013608,0.000160367,0.000186753,0.000215169,0.000277748,,,,,,,,,,0.285,626.6,-58.0,50,0.847,950.0,-88.0,,,1.13,14000000000000.0,0.36,19.9,split at 1000/T = 3.1,,,,,,10.0,linear,acetonitrile,80,48,yes,,https://doi.org/10.1016/j.polymer.2011.06.055,"Lin C-K, Wu ID. Investigating the effect of interaction behavior on the ionic conductivity of polyester/LiClO4 blend systems. Polymer 2011;52:4106-4113",[O-]Cl(=O)(=O)=O
93,,ester,Poly(ethylene adipate),COC(=O)CCCCC(=O)OC,COC(=O)CCCCC(=O)OC,100.0,2.0,ClO4,0.086529274,0.043264637,5.0,-33.0,-49.0,48,35.0,55.0,,yes,,,,,,,2.44e-06,6.22e-06,1.54e-05,3.71e-05,0.00011604,0.000153139,0.000197175,0.000248458,0.000307195,0.0003735,0.000447399,0.000528841,0.000617703,0.00081692,,,,,,,,,,1.1087,659.4,-55.0,50,3.34,978.0,-83.0,,,1.26,3100000000000000.0,0.394,180.4,split at 1000/T = 3.1,,,,,,10.0,linear,acetonitrile,80,48,yes,,https://doi.org/10.1016/j.polymer.2011.06.055,"Lin C-K, Wu ID. Investigating the effect of interaction behavior on the ionic conductivity of polyester/LiClO4 blend systems. Polymer 2011;52:4106-4113",[O-]Cl(=O)(=O)=O
94,,ester,Poly(ethylene adipate),COC(=O)CCCCC(=O)OC,COC(=O)CCCCC(=O)OC,100.0,2.0,ClO4,0.182672911,0.091336455,10.0,-28.0,-49.0,,,,0.0,no,,,,,,,2.71e-05,4.3e-05,6.59e-05,9.8e-05,0.000141641,0.000199701,0.000275295,0.000371843,0.000493025,0.000642749,0.000825099,0.001044297,0.001304656,0.001966274,,,,,,,,,,97.0,1532.0,-95.0,all temps,29.2,1191.0,-78.0,,,,,0.62,569000.0,entire range,,,,,,10.0,linear,acetonitrile,80,48,yes,,https://doi.org/10.1016/j.polymer.2011.06.055,"Lin C-K, Wu ID. Investigating the effect of interaction behavior on the ionic conductivity of polyester/LiClO4 blend systems. Polymer 2011;52:4106-4113",[O-]Cl(=O)(=O)=O
95,,ester,Poly(ethylene adipate),COC(=O)CCCCC(=O)OC,COC(=O)CCCCC(=O)OC,100.0,2.0,ClO4,0.290127564,0.145063782,15.0,-18.0,-49.0,,,,0.0,no,,,,,,,1.66e-05,2.89e-05,4.79e-05,7.63e-05,0.000117193,0.000174177,0.000251486,0.000353818,0.000486328,0.00065456,0.000864377,0.001121891,0.001433375,0.002243705,,,,,,,,,,106.0,1397.0,-79.0,all temps,43.0,1167.0,-68.0,,,,,0.72,14149751.0,entire range,,,,,,10.0,linear,acetonitrile,80,48,yes,,https://doi.org/10.1016/j.polymer.2011.06.055,"Lin C-K, Wu ID. Investigating the effect of interaction behavior on the ionic conductivity of polyester/LiClO4 blend systems. Polymer 2011;52:4106-4113",[O-]Cl(=O)(=O)=O
96,,ester,Poly(ethylene adipate),COC(=O)CCCCC(=O)OC,COC(=O)CCCCC(=O)OC,100.0,2.0,ClO4,0.411014049,0.205507025,20.0,-7.0,-49.0,,,,0.0,no,,,,,,,4.82e-06,9.97e-06,1.92e-05,3.46e-05,5.91e-05,9.64e-05,0.000150894,0.000227757,0.000332924,0.000472975,0.000655058,0.000886776,0.00117607,0.001960089,,,,,,,,,,100.0,1263.0,-60.0,all temps,72.0,1188.0,-57.0,,,,,0.89,3150000000.0,entire range,,,,,,10.0,linear,acetonitrile,80,48,yes,,https://doi.org/10.1016/j.polymer.2011.06.055,"Lin C-K, Wu ID. Investigating the effect of interaction behavior on the ionic conductivity of polyester/LiClO4 blend systems. Polymer 2011;52:4106-4113",[O-]Cl(=O)(=O)=O
97,,ester,Poly(ethylene adipate),COC(=O)CCCCC(=O)OC,COC(=O)CCCCC(=O)OC,100.0,2.0,ClO4,0.704595513,0.352297757,30.0,-8.0,-49.0,,,,0.0,no,,,,,,,6.85e-07,1.44e-06,2.92e-06,5.71e-06,1.08e-05,1.98e-05,3.54e-05,6.15e-05,0.000104165,0.000172503,0.000279564,0.000443983,0.000691815,0.001593662,,,,,,,,,,34100000.0,5323.0,-156.0,all temps,225.0,1471.0,-58.0,,,,,1.1,1310000000000.0,entire range,,,,,,10.0,linear,acetonitrile,80,48,yes,,https://doi.org/10.1016/j.polymer.2011.06.055,"Lin C-K, Wu ID. Investigating the effect of interaction behavior on the ionic conductivity of polyester/LiClO4 blend systems. Polymer 2011;52:4106-4113",[O-]Cl(=O)(=O)=O
98,,ester,"Poly(1,4-butylene adipate)",COC(=O)CCCCC(=O)OCCC,COC(=O)CCCCC(=O)OCCC,100.0,2.0,ClO4,0.05903434,0.02951717,3.0,-49.0,-60.0,45,28.0,60.0,,yes,,,,,,,1.29e-06,3.22e-06,7.85e-06,1.86e-05,5.45e-05,6.86e-05,8.45e-05,0.000102048,0.000121154,0.000141728,0.000163654,0.000186813,0.000211084,0.000262481,,,,,,,,,,0.1161,454.9,-45.0,50,0.645,961.0,-99.0,,,1.33,2.64e+16,0.316,5.06,split at 1000/T = 3.1,,,,,,12.0,linear,acetonitrile,80,48,yes,,https://doi.org/10.1016/j.polymer.2011.06.055,"Lin C-K, Wu ID. Investigating the effect of interaction behavior on the ionic conductivity of polyester/LiClO4 blend systems. Polymer 2011;52:4106-4113",[O-]Cl(=O)(=O)=O
99,,ester,"Poly(1,4-butylene adipate)",COC(=O)CCCCC(=O)OCCC,COC(=O)CCCCC(=O)OCCC,100.0,2.0,ClO4,0.100461947,0.050230973,5.0,-46.0,-60.0,45,20.0,60.0,,yes,,,,,,,1.1e-06,3.62e-06,1.15e-05,3.53e-05,0.00013724,0.000173389,0.000214472,0.000260434,0.000311158,0.000366478,0.000426186,0.000490047,0.000557801,0.000703887,,,,,,,,,,0.4651,542.2,-53.0,50,1.91,967.0,-96.0,,,1.5,1.8e+19,0.33,20.9,split at 1000/T = 3.1,,,,,,12.0,linear,acetonitrile,80,48,yes,,https://doi.org/10.1016/j.polymer.2011.06.055,"Lin C-K, Wu ID. Investigating the effect of interaction behavior on the ionic conductivity of polyester/LiClO4 blend systems. Polymer 2011;52:4106-4113",[O-]Cl(=O)(=O)=O
100,,ester,"Poly(1,4-butylene adipate)",COC(=O)CCCCC(=O)OCCC,COC(=O)CCCCC(=O)OCCC,100.0,2.0,ClO4,0.212086332,0.106043166,10.0,-42.0,-60.0,30,10.0,60.0,,yes,,,,,,,1.99e-06,6.91e-06,2.31e-05,7.43e-05,0.000212425,0.000284887,0.000371543,0.000472976,0.000589536,0.000721357,0.000868375,0.001030361,0.001206936,0.001601772,,,,,,,,,,1.82,600.6,-47.0,50,12.0,1140.0,-92.0,,,1.46,8.6e+18,0.42,766.0,split at 1000/T = 3.1,,,,,,12.0,linear,acetonitrile,80,48,yes,,https://doi.org/10.1016/j.polymer.2011.06.055,"Lin C-K, Wu ID. Investigating the effect of interaction behavior on the ionic conductivity of polyester/LiClO4 blend systems. Polymer 2011;52:4106-4113",[O-]Cl(=O)(=O)=O
101,,ester,"Poly(1,4-butylene adipate)",COC(=O)CCCCC(=O)OCCC,COC(=O)CCCCC(=O)OCCC,100.0,2.0,ClO4,0.477194246,0.238597123,20.0,-32.0,-60.0,,,,0.0,no,,,,,,,1.53e-05,2.56e-05,4.12e-05,6.4e-05,9.64e-05,0.000141006,0.00020112,0.000280299,0.00038254,0.000512212,0.000674012,0.000872928,0.001114181,0.001745466,,,,,,,,,,145.0,1598.0,-91.0,all temps,71.0,1398.0,-82.0,,,,,0.7,6790000.0,entire range,,,,,,12.0,linear,acetonitrile,80,48,yes,,https://doi.org/10.1016/j.polymer.2011.06.055,"Lin C-K, Wu ID. Investigating the effect of interaction behavior on the ionic conductivity of polyester/LiClO4 blend systems. Polymer 2011;52:4106-4113",[O-]Cl(=O)(=O)=O
102,,ester,"Poly(1,6-hexamethylene adipate)",COC(=O)CCCCC(=O)OCCCCC,COC(=O)CCCCC(=O)OCCCCC,100.0,2.0,ClO4,0.067221581,0.03361079,3.0,-54.0,-62.0,55,35.0,70.0,,yes,,,,,,,5.37e-07,9.64e-07,1.7e-06,2.94e-06,5.01e-06,5.35e-05,6.41e-05,7.52e-05,8.68e-05,9.89e-05,0.000111217,0.000123793,0.00013652,0.000162168,,,,,,,,,,0.0301,298.5,-32.0,55,0.175,818.0,-104.0,,,0.94,2550000000.0,0.24,0.34,split at 1000/T = 3.07,,,,,,3.8,linear,acetonitrile,80,48,yes,,https://doi.org/10.1016/j.polymer.2011.06.055,"Lin C-K, Wu ID. Investigating the effect of interaction behavior on the ionic conductivity of polyester/LiClO4 blend systems. Polymer 2011;52:4106-4113",[O-]Cl(=O)(=O)=O
103,,ester,"Poly(1,6-hexamethylene adipate)",COC(=O)CCCCC(=O)OCCCCC,COC(=O)CCCCC(=O)OCCCCC,100.0,2.0,ClO4,0.11439462,0.05719731,5.0,-49.0,-62.0,52,35.0,70.0,,yes,,,,,,,6.54e-07,1.34e-06,2.68e-06,5.24e-06,1e-05,0.000139722,0.000172608,0.000208315,0.000246487,0.000286771,0.000328823,0.00037232,0.000416961,0.0005086,,,,,,,,,,0.1211,322.4,-28.0,55,0.887,893.0,-99.0,,,1.15,9700000000000.0,0.28,3.7,split at 1000/T = 3.07,,,,,,3.8,linear,acetonitrile,80,48,yes,,https://doi.org/10.1016/j.polymer.2011.06.055,"Lin C-K, Wu ID. Investigating the effect of interaction behavior on the ionic conductivity of polyester/LiClO4 blend systems. Polymer 2011;52:4106-4113",[O-]Cl(=O)(=O)=O
104,,ester,"Poly(1,6-hexamethylene adipate)",COC(=O)CCCCC(=O)OCCCCC,COC(=O)CCCCC(=O)OCCCCC,100.0,2.0,ClO4,0.241499753,0.120749876,10.0,-42.0,-62.0,50,25.0,60.0,,yes,,,,,,,1.48e-06,2.6e-06,4.49e-06,7.63e-06,1.27e-05,0.000264684,0.000344393,0.000433186,0.000529907,0.000633372,0.000742425,0.000855972,0.000973004,0.001213959,,,,,,,,,,0.2742,282.1,-14.7,55,3.6,961.0,-92.0,,,0.91,1890000000.0,0.34,45.8,split at 1000/T = 3.07,,,,,,3.8,linear,acetonitrile,80,48,yes,,https://doi.org/10.1016/j.polymer.2011.06.055,"Lin C-K, Wu ID. Investigating the effect of interaction behavior on the ionic conductivity of polyester/LiClO4 blend systems. Polymer 2011;52:4106-4113",[O-]Cl(=O)(=O)=O
105,,ester,"Poly(1,6-hexamethylene adipate)",COC(=O)CCCCC(=O)OCCCCC,COC(=O)CCCCC(=O)OCCCCC,100.0,2.0,ClO4,0.543374444,0.271687222,20.0,-37.0,-62.0,,,,0.0,no,,,,,,,3.09e-05,4.99e-05,7.7e-05,0.000114526,0.000164899,0.00023068,0.000314553,0.00041925,0.000547502,0.000701991,0.000885299,0.001099879,0.001348015,0.001953127,,,,,,,,,,20.3,1092.0,-73.6,all temps,53.3,1348.0,-87.0,,,,,0.62,685000.0,entire range,,,,,,3.8,linear,acetonitrile,80,48,yes,,https://doi.org/10.1016/j.polymer.2011.06.055,"Lin C-K, Wu ID. Investigating the effect of interaction behavior on the ionic conductivity of polyester/LiClO4 blend systems. Polymer 2011;52:4106-4113",[O-]Cl(=O)(=O)=O
106,,ester,Polycaprolactone,COC(=O)CCCC,COC(=O)CCCC,100.0,1.0,ClO4,0.033905151,0.033905151,3.0,-55.0,-65.0,55,37.0,70.0,,yes,,,,,,,1.06e-06,1.57e-06,2.29e-06,3.3e-06,4.71e-06,2.05e-05,2.47e-05,2.92e-05,3.41e-05,3.93e-05,4.47e-05,5.04e-05,5.63e-05,6.85e-05,,,,,,,,,,0.0235,422.3,-47.0,55,0.11,904.0,-105.0,,,0.63,30600.0,0.27,0.29,split at 1000/T = 3.07,,,,,,65.0,linear,acetonitrile,80,48,yes,,https://doi.org/10.1016/j.polymer.2011.06.055,"Lin C-K, Wu ID. Investigating the effect of interaction behavior on the ionic conductivity of polyester/LiClO4 blend systems. Polymer 2011;52:4106-4113",[O-]Cl(=O)(=O)=O
107,,ester,Polycaprolactone,COC(=O)CCCC,COC(=O)CCCC,100.0,1.0,ClO4,0.057698239,0.057698239,5.0,-50.0,-65.0,53,28.0,70.0,,yes,,,,,,,5.49e-07,1.38e-06,3.39e-06,8.05e-06,1.86e-05,9.38e-05,0.000111033,0.000130506,0.000152323,0.000176623,0.00020354,0.000233202,0.000265732,0.000339853,,,,,,,,,,5.2501,1787.9,-167.0,55,0.73,944.0,-100.0,,,0.91,1900000000.0,0.3,3.6,split at 1000/T = 3.07,,,,,,65.0,linear,acetonitrile,80,48,yes,,https://doi.org/10.1016/j.polymer.2011.06.055,"Lin C-K, Wu ID. Investigating the effect of interaction behavior on the ionic conductivity of polyester/LiClO4 blend systems. Polymer 2011;52:4106-4113",[O-]Cl(=O)(=O)=O
108,,ester,Polycaprolactone,COC(=O)CCCC,COC(=O)CCCC,100.0,1.0,ClO4,0.121807394,0.121807394,10.0,-46.0,-65.0,50,25.0,60.0,,yes,,,,,,,5.6e-06,8.59e-06,1.3e-05,,0.000160419,0.000210051,0.000269087,0.000338101,0.000417562,0.000507825,0.000609139,0.000721648,0.000845402,0.001126408,,,,,,,,,,2.3665,778.5,-66.0,50,7.96,1154.0,-96.0,,,0.69,1500000.0,0.4,312.0,split at 1000/T = 3.1,,,,,,65.0,linear,acetonitrile,80,48,yes,,https://doi.org/10.1016/j.polymer.2011.06.055,"Lin C-K, Wu ID. Investigating the effect of interaction behavior on the ionic conductivity of polyester/LiClO4 blend systems. Polymer 2011;52:4106-4113",[O-]Cl(=O)(=O)=O
109,,ester,Polycaprolactone,COC(=O)CCCC,COC(=O)CCCC,100.0,1.0,ClO4,0.274066636,0.274066636,20.0,-28.0,-65.0,,,,0.0,no,,,,,,,7.71e-06,1.33e-05,2.21e-05,3.53e-05,5.44e-05,8.14e-05,0.000118437,0.000168169,0.000233502,0.000317694,0.000424313,0.000557207,0.000720474,0.001155517,,,,,,,,,,135.5,1649.0,-89.0,all temps,53.0,1392.0,-78.0,,,,,0.73,11000000.0,entire range,,,,,,65.0,linear,acetonitrile,80,48,yes,,https://doi.org/10.1016/j.polymer.2011.06.055,"Lin C-K, Wu ID. Investigating the effect of interaction behavior on the ionic conductivity of polyester/LiClO4 blend systems. Polymer 2011;52:4106-4113",[O-]Cl(=O)(=O)=O
110,,ester,1a,COC(=O)CCCC(=O)OC(C),COC(=O)CCCC(=O)OC(C),100.0,2.0,TFSI,0.02,0.01,,-25.0,-28.0,,,,0.0,no,,,,,,,3.03e-07,4.7e-07,7.01e-07,1.01e-06,1.42e-06,1.93e-06,2.58e-06,3.36e-06,4.31e-06,5.43e-06,6.73e-06,8.23e-06,9.94e-06,1.4e-05,,,,,,,,,,0.1,1034.0,-75.0,Conductivity determined from paper's VFT Tg+50 fits,0.1,1034.0,-75.0,,,,,0.53,264.0,entire range,,,,1.9,8.8,16.72,linear,NMP,90,8,yes,also 2 days no vacuum,https://doi.org/10.1016/j.ssi.2016.02.020,"Pesko DM, Jung Y, Hasan AL, Webb MA, Coates GW, Miller III TF, et al. Effect of monomer structure on ionic conductivity in a systematic set of polyester electrolytes. Solid State Ionics 2016;289:118-124.",C(F)(F)(F)S(=O)(=O)[N-]S(=O)(=O)C(F)(F)F
111,1a,ester,1a,COC(=O)CCCC(=O)OC(C),COC(=O)CCCC(=O)OC(C),100.0,2.0,TFSI,0.04,0.02,,24.0,-28.0,,,,0.0,no,,,,,,,,,,,,,,,,,,,,,,,,,,,,,,,,,Conductivity determined from paper's VFT Tg+50 fits,,,,,,,,,,,,,,1.9,8.8,16.72,linear,NMP,90,8,yes,also 2 days no vacuum,https://doi.org/10.1016/j.ssi.2016.02.020,"Pesko DM, Jung Y, Hasan AL, Webb MA, Coates GW, Miller III TF, et al. Effect of monomer structure on ionic conductivity in a systematic set of polyester electrolytes. Solid State Ionics 2016;289:118-124.",C(F)(F)(F)S(=O)(=O)[N-]S(=O)(=O)C(F)(F)F
112,1a,ester,1a,COC(=O)CCCC(=O)OC(C),COC(=O)CCCC(=O)OC(C),100.0,2.0,TFSI,0.08,0.04,,-21.5,-28.0,,,,0.0,no,,,,,,,1.66e-06,2.7e-06,4.21e-06,6.31e-06,9.13e-06,1.28e-05,1.76e-05,2.35e-05,3.08e-05,3.96e-05,5e-05,6.22e-05,7.64e-05,0.000110866,,,,,,,,,,1.1,1070.0,-71.5,Conductivity determined from paper's VFT Tg+50 fits,1.1,1070.0,-71.5,,,,,0.58,10000.0,entire range,,,,1.9,8.8,16.72,linear,NMP,90,8,yes,also 2 days no vacuum,https://doi.org/10.1016/j.ssi.2016.02.020,"Pesko DM, Jung Y, Hasan AL, Webb MA, Coates GW, Miller III TF, et al. Effect of monomer structure on ionic conductivity in a systematic set of polyester electrolytes. Solid State Ionics 2016;289:118-124.",C(F)(F)(F)S(=O)(=O)[N-]S(=O)(=O)C(F)(F)F
113,1a,ester,1a,COC(=O)CCCC(=O)OC(C),COC(=O)CCCC(=O)OC(C),100.0,2.0,TFSI,0.12,0.06,,-19.0,-28.0,,,,0.0,no,,,,,,,1.78e-06,3.04e-06,4.94e-06,7.68e-06,1.15e-05,1.67e-05,2.35e-05,3.22e-05,4.32e-05,5.67e-05,7.31e-05,9.26e-05,0.000115541,0.000172829,,,,,,,,,,2.5,1118.5,-69.0,Conductivity determined from paper's VFT Tg+50 fits,2.5,1118.5,-69.0,,,,,0.63,82000.0,entire range,,,,1.9,8.8,16.72,linear,NMP,90,8,yes,also 2 days no vacuum,https://doi.org/10.1016/j.ssi.2016.02.020,"Pesko DM, Jung Y, Hasan AL, Webb MA, Coates GW, Miller III TF, et al. Effect of monomer structure on ionic conductivity in a systematic set of polyester electrolytes. Solid State Ionics 2016;289:118-124.",C(F)(F)(F)S(=O)(=O)[N-]S(=O)(=O)C(F)(F)F
114,1a,ester,1a,COC(=O)CCCC(=O)OC(C),COC(=O)CCCC(=O)OC(C),100.0,2.0,TFSI,0.16,0.08,,-16.0,-28.0,,,,0.0,no,,,,,,,1.31e-06,2.35e-06,3.99e-06,6.47e-06,1.01e-05,1.51e-05,2.18e-05,3.07e-05,4.22e-05,5.66e-05,7.43e-05,9.59e-05,0.000121725,0.00018755,,,,,,,,,,3.8,1154.6,-66.0,Conductivity determined from paper's VFT Tg+50 fits,3.8,1154.6,-66.0,,,,,0.69,480000.0,entire range,,,,1.9,8.8,16.72,linear,NMP,90,8,yes,also 2 days no vacuum,https://doi.org/10.1016/j.ssi.2016.02.020,"Pesko DM, Jung Y, Hasan AL, Webb MA, Coates GW, Miller III TF, et al. Effect of monomer structure on ionic conductivity in a systematic set of polyester electrolytes. Solid State Ionics 2016;289:118-124.",C(F)(F)(F)S(=O)(=O)[N-]S(=O)(=O)C(F)(F)F
115,1a,ester,1a,COC(=O)CCCC(=O)OC(C),COC(=O)CCCC(=O)OC(C),100.0,2.0,TFSI,0.2,0.1,,-12.0,-28.0,,,,0.0,no,,,,,,,8.93e-07,1.65e-06,2.86e-06,4.71e-06,7.41e-06,1.12e-05,1.64e-05,2.33e-05,3.21e-05,4.33e-05,5.71e-05,7.39e-05,9.41e-05,0.000145442,,,,,,,,,,2.6,1106.5,-62.0,Conductivity determined from paper's VFT Tg+50 fits,2.6,1106.5,-62.0,,,,,0.71,650000.0,entire range,,,,1.9,8.8,16.72,linear,NMP,90,8,yes,also 2 days no vacuum,https://doi.org/10.1016/j.ssi.2016.02.020,"Pesko DM, Jung Y, Hasan AL, Webb MA, Coates GW, Miller III TF, et al. Effect of monomer structure on ionic conductivity in a systematic set of polyester electrolytes. Solid State Ionics 2016;289:118-124.",C(F)(F)(F)S(=O)(=O)[N-]S(=O)(=O)C(F)(F)F
116,1a,ester,1a,COC(=O)CCCC(=O)OC(C),COC(=O)CCCC(=O)OC(C),100.0,2.0,TFSI,0.24,0.12,,-10.0,-28.0,,,,0.0,no,,,,,,,,,,,,,,,,,,,,,,,,,,,,,,,,,Conductivity determined from paper's VFT Tg+50 fits,,,,,,,,,,,,,,1.9,8.8,16.72,linear,NMP,90,8,yes,also 2 days no vacuum,https://doi.org/10.1016/j.ssi.2016.02.020,"Pesko DM, Jung Y, Hasan AL, Webb MA, Coates GW, Miller III TF, et al. Effect of monomer structure on ionic conductivity in a systematic set of polyester electrolytes. Solid State Ionics 2016;289:118-124.",C(F)(F)(F)S(=O)(=O)[N-]S(=O)(=O)C(F)(F)F
117,1a,ester,1a,COC(=O)CCCC(=O)OC(C),COC(=O)CCCC(=O)OC(C),100.0,2.0,TFSI,0.28,0.14,,-9.5,-28.0,,,,0.0,no,,,,,,,6.75e-07,1.31e-06,2.36e-06,4.04e-06,6.57e-06,1.02e-05,1.54e-05,2.23e-05,3.14e-05,4.31e-05,5.79e-05,7.61e-05,9.82e-05,0.000155607,,,,,,,,,,3.6,1130.6,-59.5,Conductivity determined from paper's VFT Tg+50 fits,3.6,1130.6,-59.5,,,,,0.75,3100000.0,entire range,,,,1.9,8.8,16.72,linear,NMP,90,8,yes,also 2 days no vacuum,https://doi.org/10.1016/j.ssi.2016.02.020,"Pesko DM, Jung Y, Hasan AL, Webb MA, Coates GW, Miller III TF, et al. Effect of monomer structure on ionic conductivity in a systematic set of polyester electrolytes. Solid State Ionics 2016;289:118-124.",C(F)(F)(F)S(=O)(=O)[N-]S(=O)(=O)C(F)(F)F
118,1b,"ester, ether",1b,COC(=O)COCC(=O)OC(C),COC(=O)COCC(=O)OC(C),100.0,3.0,TFSI,0.02,0.006666667,,14.0,12.0,,,,0.0,no,,,,,,,6.84e-10,2.68e-09,8.76e-09,2.47e-08,6.17e-08,1.39e-07,2.89e-07,5.57e-07,1.01e-06,1.73e-06,2.83e-06,4.45e-06,6.73e-06,1.41e-05,,,,,,,,,,3.5,1287.0,-36.0,Conductivity determined from paper's VFT Tg+50 fits,3.5,1287.0,-36.0,,,,,1.36,77800000000000.0,entire range,,,,1.6,6.7,10.72,linear,NMP,90,8,yes,also 2 days no vacuum,https://doi.org/10.1016/j.ssi.2016.02.020,"Pesko DM, Jung Y, Hasan AL, Webb MA, Coates GW, Miller III TF, et al. Effect of monomer structure on ionic conductivity in a systematic set of polyester electrolytes. Solid State Ionics 2016;289:118-124.",C(F)(F)(F)S(=O)(=O)[N-]S(=O)(=O)C(F)(F)F
119,1b,"ester, ether",1b,COC(=O)COCC(=O)OC(C),COC(=O)COCC(=O)OC(C),100.0,3.0,TFSI,0.04,0.013333333,,15.0,12.0,,,,0.0,no,,,,,,,,,,,,,,,,,,,,,,,,,,,,,,,,,Conductivity determined from paper's VFT Tg+50 fits,,,,,,,,,,,,,,1.6,6.7,10.72,linear,NMP,90,8,yes,also 2 days no vacuum,https://doi.org/10.1016/j.ssi.2016.02.020,"Pesko DM, Jung Y, Hasan AL, Webb MA, Coates GW, Miller III TF, et al. Effect of monomer structure on ionic conductivity in a systematic set of polyester electrolytes. Solid State Ionics 2016;289:118-124.",C(F)(F)(F)S(=O)(=O)[N-]S(=O)(=O)C(F)(F)F
120,1b,"ester, ether",1b,COC(=O)COCC(=O)OC(C),COC(=O)COCC(=O)OC(C),100.0,3.0,TFSI,0.08,0.026666667,,18.5,12.0,,,,0.0,no,,,,,,,3.32e-10,1.71e-09,6.99e-09,2.37e-08,6.94e-08,1.79e-07,4.16e-07,8.86e-07,1.75e-06,3.24e-06,5.67e-06,9.45e-06,1.51e-05,3.46e-05,,,,,,,,,,18.8,1347.0,-31.5,Conductivity determined from paper's VFT Tg+50 fits,18.8,1347.0,-31.5,,,,,1.58,2e+17,entire range,,,,1.6,6.7,10.72,linear,NMP,90,8,yes,also 2 days no vacuum,https://doi.org/10.1016/j.ssi.2016.02.020,"Pesko DM, Jung Y, Hasan AL, Webb MA, Coates GW, Miller III TF, et al. Effect of monomer structure on ionic conductivity in a systematic set of polyester electrolytes. Solid State Ionics 2016;289:118-124.",C(F)(F)(F)S(=O)(=O)[N-]S(=O)(=O)C(F)(F)F
121,1b,"ester, ether",1b,COC(=O)COCC(=O)OC(C),COC(=O)COCC(=O)OC(C),100.0,3.0,TFSI,0.12,0.04,,19.0,12.0,,,,0.0,no,,,,,,,1.65e-09,7.41e-09,2.69e-08,8.21e-08,2.19e-07,5.19e-07,1.12e-06,2.22e-06,4.13e-06,7.23e-06,1.2e-05,1.92e-05,2.93e-05,6.22e-05,,,,,,,,,,12.8,1215.0,-31.0,Conductivity determined from paper's VFT Tg+50 fits,12.8,1215.0,-31.0,,,,,1.4,4400000000000000.0,entire range,,,,1.6,6.7,10.72,linear,NMP,90,8,yes,also 2 days no vacuum,https://doi.org/10.1016/j.ssi.2016.02.020,"Pesko DM, Jung Y, Hasan AL, Webb MA, Coates GW, Miller III TF, et al. Effect of monomer structure on ionic conductivity in a systematic set of polyester electrolytes. Solid State Ionics 2016;289:118-124.",C(F)(F)(F)S(=O)(=O)[N-]S(=O)(=O)C(F)(F)F
122,1b,"ester, ether",1b,COC(=O)COCC(=O)OC(C),COC(=O)COCC(=O)OC(C),100.0,3.0,TFSI,0.16,0.053333333,,22.0,12.0,,,,0.0,no,,,,,,,1.63e-09,7.72e-09,2.91e-08,9.12e-08,2.47e-07,5.92e-07,1.28e-06,2.56e-06,4.76e-06,8.32e-06,1.38e-05,2.19e-05,3.34e-05,7.01e-05,,,,,,,,,,10.2,1142.6,-28.0,Conductivity determined from paper's VFT Tg+50 fits,10.2,1142.6,-28.0,,,,,1.46,8200000000000000.0,entire range,,,,1.6,6.7,10.72,linear,NMP,90,8,yes,also 2 days no vacuum,https://doi.org/10.1016/j.ssi.2016.02.020,"Pesko DM, Jung Y, Hasan AL, Webb MA, Coates GW, Miller III TF, et al. Effect of monomer structure on ionic conductivity in a systematic set of polyester electrolytes. Solid State Ionics 2016;289:118-124.",C(F)(F)(F)S(=O)(=O)[N-]S(=O)(=O)C(F)(F)F
123,1b,"ester, ether",1b,COC(=O)COCC(=O)OC(C),COC(=O)COCC(=O)OC(C),100.0,3.0,TFSI,0.2,0.066666667,,26.0,12.0,,,,0.0,no,,,,,,,1.09e-09,5.79e-09,2.37e-08,7.9e-08,2.24e-07,5.55e-07,1.23e-06,2.5e-06,4.71e-06,8.32e-06,1.39e-05,2.21e-05,3.38e-05,7.1e-05,,,,,,,,,,7.7,1070.4,-24.0,Conductivity determined from paper's VFT Tg+50 fits,7.7,1070.4,-24.0,,,,,1.51,4.6e+16,entire range,,,,1.6,6.7,10.72,linear,NMP,90,8,yes,also 2 days no vacuum,https://doi.org/10.1016/j.ssi.2016.02.020,"Pesko DM, Jung Y, Hasan AL, Webb MA, Coates GW, Miller III TF, et al. Effect of monomer structure on ionic conductivity in a systematic set of polyester electrolytes. Solid State Ionics 2016;289:118-124.",C(F)(F)(F)S(=O)(=O)[N-]S(=O)(=O)C(F)(F)F
124,1b,"ester, ether",1b,COC(=O)COCC(=O)OC(C),COC(=O)COCC(=O)OC(C),100.0,3.0,TFSI,0.24,0.08,,27.6,12.0,,,,0.0,no,,,,,,,,,,,,,,,,,,,,,,,,,,,,,,,,,Conductivity determined from paper's VFT Tg+50 fits,,,,,,,,,,,,,,1.6,6.7,10.72,linear,NMP,90,8,yes,also 2 days no vacuum,https://doi.org/10.1016/j.ssi.2016.02.020,"Pesko DM, Jung Y, Hasan AL, Webb MA, Coates GW, Miller III TF, et al. Effect of monomer structure on ionic conductivity in a systematic set of polyester electrolytes. Solid State Ionics 2016;289:118-124.",C(F)(F)(F)S(=O)(=O)[N-]S(=O)(=O)C(F)(F)F
125,1b,"ester, ether",1b,COC(=O)COCC(=O)OC(C),COC(=O)COCC(=O)OC(C),100.0,3.0,TFSI,0.28,0.093333333,,31.0,12.0,,,,0.0,no,,,,,,,2.5e-11,2.46e-10,1.64e-09,8.14e-09,3.19e-08,1.04e-07,2.92e-07,7.24e-07,1.62e-06,3.32e-06,6.34e-06,1.14e-05,1.93e-05,4.85e-05,,,,,,,,,,25.4,1215.0,-19.0,Conductivity determined from paper's VFT Tg+50 fits,25.4,1215.0,-19.0,,,,,1.96,5.8e+22,entire range,,,,1.6,6.7,10.72,linear,NMP,90,8,yes,also 2 days no vacuum,https://doi.org/10.1016/j.ssi.2016.02.020,"Pesko DM, Jung Y, Hasan AL, Webb MA, Coates GW, Miller III TF, et al. Effect of monomer structure on ionic conductivity in a systematic set of polyester electrolytes. Solid State Ionics 2016;289:118-124.",C(F)(F)(F)S(=O)(=O)[N-]S(=O)(=O)C(F)(F)F
126,2a,"ester, ether",2a,COC(=O)CCCC(=O)OC(COCC=C),COC(=O)CCCC(=O)OC(COCC=C),100.0,3.0,TFSI,0.02,0.006666667,,-40.0,-41.0,,,,0.0,no,,,,,,,1.4e-06,1.94e-06,2.61e-06,3.45e-06,4.45e-06,5.65e-06,7.05e-06,8.68e-06,1.05e-05,1.26e-05,1.5e-05,1.76e-05,2.05e-05,2.71e-05,,,,,,,,,,0.1,998.3,-90.0,Conductivity determined from paper's VFT Tg+50 fits,0.1,998.3,-90.0,,,,,0.41,11.1,entire range,,,,2.0,10.4,20.8,branched,NMP,90,8,yes,also 2 days no vacuum,https://doi.org/10.1016/j.ssi.2016.02.020,"Pesko DM, Jung Y, Hasan AL, Webb MA, Coates GW, Miller III TF, et al. Effect of monomer structure on ionic conductivity in a systematic set of polyester electrolytes. Solid State Ionics 2016;289:118-124.",C(F)(F)(F)S(=O)(=O)[N-]S(=O)(=O)C(F)(F)F
127,2a,"ester, ether",2a,COC(=O)CCCC(=O)OC(COCC=C),COC(=O)CCCC(=O)OC(COCC=C),100.0,3.0,TFSI,0.04,0.013333333,,-38.7,-41.0,,,,0.0,no,,,,,,,,,,,,,,,,,,,,,,,,,,,,,,,,,Conductivity determined from paper's VFT Tg+50 fits,,,,,,,,,,,,,,2.0,10.4,20.8,branched,NMP,90,8,yes,also 2 days no vacuum,https://doi.org/10.1016/j.ssi.2016.02.020,"Pesko DM, Jung Y, Hasan AL, Webb MA, Coates GW, Miller III TF, et al. Effect of monomer structure on ionic conductivity in a systematic set of polyester electrolytes. Solid State Ionics 2016;289:118-124.",C(F)(F)(F)S(=O)(=O)[N-]S(=O)(=O)C(F)(F)F
128,2a,"ester, ether",2a,COC(=O)CCCC(=O)OC(COCC=C),COC(=O)CCCC(=O)OC(COCC=C),100.0,3.0,TFSI,0.08,0.026666667,,-35.0,-41.0,,,,0.0,no,,,,,,,2.64e-06,3.77e-06,5.24e-06,7.09e-06,9.38e-06,1.22e-05,1.55e-05,1.94e-05,2.39e-05,2.91e-05,3.5e-05,4.16e-05,4.9e-05,6.6e-05,,,,,,,,,,0.3,1010.28,-85.0,Conductivity determined from paper's VFT Tg+50 fits,0.3,1010.28,-85.0,,,,,0.45,84.3,entire range,,,,2.0,10.4,20.8,branched,NMP,90,8,yes,also 2 days no vacuum,https://doi.org/10.1016/j.ssi.2016.02.020,"Pesko DM, Jung Y, Hasan AL, Webb MA, Coates GW, Miller III TF, et al. Effect of monomer structure on ionic conductivity in a systematic set of polyester electrolytes. Solid State Ionics 2016;289:118-124.",C(F)(F)(F)S(=O)(=O)[N-]S(=O)(=O)C(F)(F)F
129,2a,"ester, ether",2a,COC(=O)CCCC(=O)OC(COCC=C),COC(=O)CCCC(=O)OC(COCC=C),100.0,3.0,TFSI,0.12,0.04,,-34.0,-41.0,,,,0.0,no,,,,,,,3.2e-06,4.69e-06,6.66e-06,9.2e-06,1.24e-05,1.63e-05,2.11e-05,2.68e-05,3.35e-05,4.13e-05,5.03e-05,6.04e-05,7.18e-05,9.86e-05,,,,,,,,,,0.6,1058.4,-84.0,Conductivity determined from paper's VFT Tg+50 fits,0.6,1058.4,-84.0,,,,,0.48,312.3,entire range,,,,2.0,10.4,20.8,branched,NMP,90,8,yes,also 2 days no vacuum,https://doi.org/10.1016/j.ssi.2016.02.020,"Pesko DM, Jung Y, Hasan AL, Webb MA, Coates GW, Miller III TF, et al. Effect of monomer structure on ionic conductivity in a systematic set of polyester electrolytes. Solid State Ionics 2016;289:118-124.",C(F)(F)(F)S(=O)(=O)[N-]S(=O)(=O)C(F)(F)F
130,2a,"ester, ether",2a,COC(=O)CCCC(=O)OC(COCC=C),COC(=O)CCCC(=O)OC(COCC=C),100.0,3.0,TFSI,0.16,0.053333333,,-30.0,-41.0,,,,0.0,no,,,,,,,4.25e-06,6.37e-06,9.23e-06,1.3e-05,1.78e-05,2.38e-05,3.11e-05,3.99e-05,5.04e-05,6.27e-05,7.69e-05,9.31e-05,0.000111388,0.000154684,,,,,,,,,,1.0,1046.4,-80.0,Conductivity determined from paper's VFT Tg+50 fits,1.0,1046.4,-80.0,,,,,0.5,1016.7,entire range,,,,2.0,10.4,20.8,branched,NMP,90,8,yes,also 2 days no vacuum,https://doi.org/10.1016/j.ssi.2016.02.020,"Pesko DM, Jung Y, Hasan AL, Webb MA, Coates GW, Miller III TF, et al. Effect of monomer structure on ionic conductivity in a systematic set of polyester electrolytes. Solid State Ionics 2016;289:118-124.",C(F)(F)(F)S(=O)(=O)[N-]S(=O)(=O)C(F)(F)F
131,2a,"ester, ether",2a,COC(=O)CCCC(=O)OC(COCC=C),COC(=O)CCCC(=O)OC(COCC=C),100.0,3.0,TFSI,0.2,0.066666667,,-26.0,-41.0,,,,0.0,no,,,,,,,4.09e-06,6.27e-06,9.25e-06,1.32e-05,1.83e-05,2.48e-05,3.28e-05,4.25e-05,5.4e-05,6.76e-05,8.34e-05,0.000101554,0.000122109,0.000170929,,,,,,,,,,1.1,1022.3,-76.0,Conductivity determined from paper's VFT Tg+50 fits,1.1,1022.3,-76.0,,,,,0.518,2039.0,entire range,,,,2.0,10.4,20.8,branched,NMP,90,8,yes,also 2 days no vacuum,https://doi.org/10.1016/j.ssi.2016.02.020,"Pesko DM, Jung Y, Hasan AL, Webb MA, Coates GW, Miller III TF, et al. Effect of monomer structure on ionic conductivity in a systematic set of polyester electrolytes. Solid State Ionics 2016;289:118-124.",C(F)(F)(F)S(=O)(=O)[N-]S(=O)(=O)C(F)(F)F
132,2a,"ester, ether",2a,COC(=O)CCCC(=O)OC(COCC=C),COC(=O)CCCC(=O)OC(COCC=C),100.0,3.0,TFSI,0.24,0.08,,-23.7,-41.0,,,,0.0,no,,,,,,,,,,,,,,,,,,,,,,,,,,,,,,,,,Conductivity determined from paper's VFT Tg+50 fits,,,,,,,,,,,,,,2.0,10.4,20.8,branched,NMP,90,8,yes,also 2 days no vacuum,https://doi.org/10.1016/j.ssi.2016.02.020,"Pesko DM, Jung Y, Hasan AL, Webb MA, Coates GW, Miller III TF, et al. Effect of monomer structure on ionic conductivity in a systematic set of polyester electrolytes. Solid State Ionics 2016;289:118-124.",C(F)(F)(F)S(=O)(=O)[N-]S(=O)(=O)C(F)(F)F
133,2a,"ester, ether",2a,COC(=O)CCCC(=O)OC(COCC=C),COC(=O)CCCC(=O)OC(COCC=C),100.0,3.0,TFSI,0.28,0.093333333,,-23.0,-41.0,,,,0.0,no,,,,,,,2.47e-06,3.96e-06,6.09e-06,9.02e-06,1.29e-05,1.8e-05,2.45e-05,3.26e-05,4.24e-05,5.42e-05,6.82e-05,8.45e-05,0.000103295,0.000148948,,,,,,,,,,1.4,1070.4,-73.0,Conductivity determined from paper's VFT Tg+50 fits,1.4,1070.4,-73.0,,,,,0.57,8894.0,entire range,,,,2.0,10.4,20.8,branched,NMP,90,8,yes,also 2 days no vacuum,https://doi.org/10.1016/j.ssi.2016.02.020,"Pesko DM, Jung Y, Hasan AL, Webb MA, Coates GW, Miller III TF, et al. Effect of monomer structure on ionic conductivity in a systematic set of polyester electrolytes. Solid State Ionics 2016;289:118-124.",C(F)(F)(F)S(=O)(=O)[N-]S(=O)(=O)C(F)(F)F
134,2b,"ester, ether",2b,COC(=O)COCC(=O)OC(COCC=C),COC(=O)COCC(=O)OC(COCC=C),100.0,4.0,TFSI,0.02,0.005,,-13.0,-14.0,,,,0.0,no,,,,,,,3.73e-07,6.57e-07,1.09e-06,1.74e-06,2.65e-06,3.89e-06,5.53e-06,7.66e-06,1.03e-05,1.36e-05,1.77e-05,2.25e-05,2.81e-05,4.22e-05,,,,,,,,,,0.5,1046.4,-63.0,Conductivity determined from paper's VFT Tg+50 fits,0.5,1046.4,-63.0,,,,,0.655,38000.0,entire range,,,,1.5,8.9,13.35,branched,NMP,90,8,yes,also 2 days no vacuum,https://doi.org/10.1016/j.ssi.2016.02.020,"Pesko DM, Jung Y, Hasan AL, Webb MA, Coates GW, Miller III TF, et al. Effect of monomer structure on ionic conductivity in a systematic set of polyester electrolytes. Solid State Ionics 2016;289:118-124.",C(F)(F)(F)S(=O)(=O)[N-]S(=O)(=O)C(F)(F)F
135,2b,"ester, ether",2b,COC(=O)COCC(=O)OC(COCC=C),COC(=O)COCC(=O)OC(COCC=C),100.0,4.0,TFSI,0.04,0.01,,-11.7,-14.0,,,,0.0,no,,,,,,,,,,,,,,,,,,,,,,,,,,,,,,,,,Conductivity determined from paper's VFT Tg+50 fits,,,,,,,,,,,,,,1.5,8.9,13.35,branched,NMP,90,8,yes,also 2 days no vacuum,https://doi.org/10.1016/j.ssi.2016.02.020,"Pesko DM, Jung Y, Hasan AL, Webb MA, Coates GW, Miller III TF, et al. Effect of monomer structure on ionic conductivity in a systematic set of polyester electrolytes. Solid State Ionics 2016;289:118-124.",C(F)(F)(F)S(=O)(=O)[N-]S(=O)(=O)C(F)(F)F
136,2b,"ester, ether",2b,COC(=O)COCC(=O)OC(COCC=C),COC(=O)COCC(=O)OC(COCC=C),100.0,4.0,TFSI,0.08,0.02,,-9.0,-14.0,,,,0.0,no,,,,,,,3.99e-07,8.29e-07,1.6e-06,2.9e-06,4.97e-06,8.11e-06,1.27e-05,1.92e-05,2.81e-05,3.99e-05,5.52e-05,7.47e-05,9.9e-05,0.00016477,,,,,,,,,,7.7,1238.8,-59.0,Conductivity determined from paper's VFT Tg+50 fits,7.7,1238.8,-59.0,,,,,0.83,43000000.0,entire range,,,,1.5,8.9,13.35,branched,NMP,90,8,yes,also 2 days no vacuum,https://doi.org/10.1016/j.ssi.2016.02.020,"Pesko DM, Jung Y, Hasan AL, Webb MA, Coates GW, Miller III TF, et al. Effect of monomer structure on ionic conductivity in a systematic set of polyester electrolytes. Solid State Ionics 2016;289:118-124.",C(F)(F)(F)S(=O)(=O)[N-]S(=O)(=O)C(F)(F)F
137,2b,"ester, ether",2b,COC(=O)COCC(=O)OC(COCC=C),COC(=O)COCC(=O)OC(COCC=C),100.0,4.0,TFSI,0.12,0.03,,-6.0,-14.0,,,,0.0,no,,,,,,,2.96e-07,6.83e-07,1.44e-06,2.84e-06,5.22e-06,9.09e-06,1.51e-05,2.4e-05,3.67e-05,5.44e-05,7.83e-05,0.00010983,0.000150405,0.000265236,,,,,,,,,,24.7,1323.0,-56.0,Conductivity determined from paper's VFT Tg+50 fits,24.7,1323.0,-56.0,,,,,0.94,2000000000.0,entire range,,,,1.5,8.9,13.35,branched,NMP,90,8,yes,also 2 days no vacuum,https://doi.org/10.1016/j.ssi.2016.02.020,"Pesko DM, Jung Y, Hasan AL, Webb MA, Coates GW, Miller III TF, et al. Effect of monomer structure on ionic conductivity in a systematic set of polyester electrolytes. Solid State Ionics 2016;289:118-124.",C(F)(F)(F)S(=O)(=O)[N-]S(=O)(=O)C(F)(F)F
138,2b,"ester, ether",2b,COC(=O)COCC(=O)OC(COCC=C),COC(=O)COCC(=O)OC(COCC=C),100.0,4.0,TFSI,0.16,0.04,,-3.5,-14.0,,,,0.0,no,,,,,,,3.65e-07,8.66e-07,1.87e-06,3.73e-06,6.95e-06,1.22e-05,2.05e-05,3.28e-05,5.05e-05,7.53e-05,0.000108756,0.000152946,0.000209958,0.000371504,,,,,,,,,,31.4,1286.9,-53.5,Conductivity determined from paper's VFT Tg+50 fits,31.4,1286.9,-53.5,,,,,0.957,4800000000.0,entire range,,,,1.5,8.9,13.35,branched,NMP,90,8,yes,also 2 days no vacuum,https://doi.org/10.1016/j.ssi.2016.02.020,"Pesko DM, Jung Y, Hasan AL, Webb MA, Coates GW, Miller III TF, et al. Effect of monomer structure on ionic conductivity in a systematic set of polyester electrolytes. Solid State Ionics 2016;289:118-124.",C(F)(F)(F)S(=O)(=O)[N-]S(=O)(=O)C(F)(F)F
139,2b,"ester, ether",2b,COC(=O)COCC(=O)OC(COCC=C),COC(=O)COCC(=O)OC(COCC=C),100.0,4.0,TFSI,0.2,0.05,,0.0,-14.0,,,,0.0,no,,,,,,,5.14e-07,1.19e-06,2.52e-06,4.9e-06,8.93e-06,1.54e-05,2.51e-05,3.94e-05,5.94e-05,8.66e-05,0.000122714,0.000169317,0.000228217,0.000390148,,,,,,,,,,16.6,1154.6,-50.0,Conductivity determined from paper's VFT Tg+50 fits,16.6,1154.6,-50.0,,,,,0.916,1390000000.0,entire range,,,,1.5,8.9,13.35,branched,NMP,90,8,yes,also 2 days no vacuum,https://doi.org/10.1016/j.ssi.2016.02.020,"Pesko DM, Jung Y, Hasan AL, Webb MA, Coates GW, Miller III TF, et al. Effect of monomer structure on ionic conductivity in a systematic set of polyester electrolytes. Solid State Ionics 2016;289:118-124.",C(F)(F)(F)S(=O)(=O)[N-]S(=O)(=O)C(F)(F)F
140,2b,"ester, ether",2b,COC(=O)COCC(=O)OC(COCC=C),COC(=O)COCC(=O)OC(COCC=C),100.0,4.0,TFSI,0.24,0.06,,2.5,-14.0,,,,0.0,no,,,,,,,,,,,,,,,,,,,,,,,,,,,,,,,,,Conductivity determined from paper's VFT Tg+50 fits,,,,,,,,,,,,,,1.5,8.9,13.35,branched,NMP,90,8,yes,also 2 days no vacuum,https://doi.org/10.1016/j.ssi.2016.02.020,"Pesko DM, Jung Y, Hasan AL, Webb MA, Coates GW, Miller III TF, et al. Effect of monomer structure on ionic conductivity in a systematic set of polyester electrolytes. Solid State Ionics 2016;289:118-124.",C(F)(F)(F)S(=O)(=O)[N-]S(=O)(=O)C(F)(F)F
141,2b,"ester, ether",2b,COC(=O)COCC(=O)OC(COCC=C),COC(=O)COCC(=O)OC(COCC=C),100.0,4.0,TFSI,0.28,0.07,,4.0,-14.0,,,,0.0,no,,,,,,,1.75e-07,4.35e-07,9.71e-07,1.98e-06,3.76e-06,6.69e-06,1.12e-05,1.81e-05,2.78e-05,4.13e-05,5.94e-05,8.31e-05,0.00011329,0.000197501,,,,,,,,,,8.8,1130.6,-46.0,Conductivity determined from paper's VFT Tg+50 fits,8.8,1130.6,-46.0,,,,,0.97,3900000000.0,entire range,,,,1.5,8.9,13.35,branched,NMP,90,8,yes,also 2 days no vacuum,https://doi.org/10.1016/j.ssi.2016.02.020,"Pesko DM, Jung Y, Hasan AL, Webb MA, Coates GW, Miller III TF, et al. Effect of monomer structure on ionic conductivity in a systematic set of polyester electrolytes. Solid State Ionics 2016;289:118-124.",C(F)(F)(F)S(=O)(=O)[N-]S(=O)(=O)C(F)(F)F
142,rigid polymer,carbonate,poly(vinylene carbonate),C1C(OC(=O)O1)C2C(OC(=O)O2),C1C(OC(=O)O1)C2C(OC(=O)O2),100.0,1.0,CF3SO3,1.0,1.0,,,,105,100.0,110.0,,yes,,,,,,,,,,,3.45e-07,6.56e-07,1.22e-06,2.24e-06,4.04e-06,7.49e-06,2.71e-05,5.05e-05,7.27e-05,0.000109222,,,,,,,,,,7300000000000000.0,15706.0,-273.0,VFT fits not great,,,,,,,,1.34,240000000000000.0,entire range,,,,,,,linear,DMF,70,48,high,10^-5 torr,https://doi.org/10.1021/cm980170z,"Wei XY, Shriver DF. Highly conductive polymer electrolytes containing rigid polymers. Chem Mater 1998;10:2307-2308.",C(F)(F)(F)S(=O)(=O)[O-]
143,need arrhenius,carbonate,poly(vinylene carbonate),C1C(OC(=O)O1)C2C(OC(=O)O2),C1C(OC(=O)O1)C2C(OC(=O)O2),100.0,1.0,CF3SO3,0.5,0.5,,,,105,100.0,110.0,,yes,,,,,,,,,,1e-07,2.48e-07,5.94e-07,1.39e-06,3.29e-06,4.78e-06,6.88e-06,9.8e-06,1.38e-05,1.93e-05,3.67e-05,,,,,,,,,,0.05,418.0,5.0,all temps,,,,,,,,1.07,14000000000.0,"could have split, but no physical reason to",,,,,,,linear,DMF,70,48,high,10^-5 torr,https://doi.org/10.1021/cm980170z,"Wei XY, Shriver DF. Highly conductive polymer electrolytes containing rigid polymers. Chem Mater 1998;10:2307-2308.",C(F)(F)(F)S(=O)(=O)[O-]
144,,carbonate,poly(vinylene carbonate),C1C(OC(=O)O1)C2C(OC(=O)O2),C1C(OC(=O)O1)C2C(OC(=O)O2),100.0,1.0,CF3SO3,0.2,0.2,,,,,,,,yes,,,,,,,,,6e-10,1.11e-09,2.01e-09,3.58e-09,6.26e-09,1.08e-08,1.82e-08,3.04e-08,5.01e-08,8.12e-08,1.3e-07,3.2e-07,,,,,,,,,,1700000000.0,12404.0,-273.0,all temps,,,,,,,,1.05,55000000.0,entire range,,,,,,,linear,DMF,70,48,high,10^-5 torr,https://doi.org/10.1021/cm980170z,"Wei XY, Shriver DF. Highly conductive polymer electrolytes containing rigid polymers. Chem Mater 1998;10:2307-2308.",C(F)(F)(F)S(=O)(=O)[O-]
145,,carbonate,poly(vinylene carbonate),C1C(OC(=O)O1)C2C(OC(=O)O2),C1C(OC(=O)O1)C2C(OC(=O)O2),100.0,1.0,CF3SO3,0.1,0.1,,,,,,,,yes,,,,,,,,,,,5.05e-09,9.93e-09,1.92e-08,3.62e-08,6.73e-08,1.23e-07,2.2e-07,3.88e-07,6.74e-07,1.94e-06,,,,,,,,,,100000.0,5085.0,-133.0,all temps,,,,,,,,1.24,100000000000.0,entire range,,,,,,,linear,DMF,70,48,high,10^-5 torr,https://doi.org/10.1021/cm980170z,"Wei XY, Shriver DF. Highly conductive polymer electrolytes containing rigid polymers. Chem Mater 1998;10:2307-2308.",C(F)(F)(F)S(=O)(=O)[O-]
146,"only at RT, crystalline",ester,Polycaprolactone,COC(=O)CCCC,COC(=O)CCCC,100.0,1.0,ClO4,0.022372787,0.022372787,2.0,-63.0,-65.0,54,41.0,63.0,,yes,,,,,,6.2e-09,,,,,,,,,,,,,,,,,,,,,,,,,,,,,,,,,,,,,,,,,,,,linear,THF,25,72,high,,https://doi.org/10.1016/j.jpowsour.2005.05.004,"Fonseca CP, Rosa DS, Gaboardi F, Neves S. Development of a biodegradable polymer electrolyte for rechargeable batteries. J Power Sources 2006;155:381-384",[O-]Cl(=O)(=O)=O
147,,ester,Polycaprolactone,COC(=O)CCCC,COC(=O)CCCC,100.0,1.0,ClO4,0.06997446,0.06997446,6.0,-56.0,-65.0,53,36.0,60.0,,yes,,,,,,6.84e-07,,,,,,,,,,,,,,,,,,,,,,,,,,,,,,,,,,,,,,,,,,,,linear,THF,25,72,high,,https://doi.org/10.1016/j.jpowsour.2005.05.004,"Fonseca CP, Rosa DS, Gaboardi F, Neves S. Development of a biodegradable polymer electrolyte for rechargeable batteries. J Power Sources 2006;155:381-384",[O-]Cl(=O)(=O)=O
148,,ester,Polycaprolactone,COC(=O)CCCC,COC(=O)CCCC,100.0,1.0,ClO4,0.121807394,0.121807394,10.0,-52.0,-65.0,51,27.0,63.0,,yes,,,,,,1.24e-06,,,,,,,,,,,,,,,,,,,,,,,,,,,,,,,,,,,,,,,,,,,,linear,THF,25,72,high,,https://doi.org/10.1016/j.jpowsour.2005.05.004,"Fonseca CP, Rosa DS, Gaboardi F, Neves S. Development of a biodegradable polymer electrolyte for rechargeable batteries. J Power Sources 2006;155:381-384",[O-]Cl(=O)(=O)=O
149,,ester,Polycaprolactone,COC(=O)CCCC,COC(=O)CCCC,100.0,1.0,ClO4,0.149490892,0.149490892,12.0,-47.0,-65.0,48,31.0,59.0,,yes,,,,,,9.62e-07,,,,,,,,,,,,,,,,,,,,,,,,,,,,,,,,,,,,,,,,,,,,linear,THF,25,72,high,,https://doi.org/10.1016/j.jpowsour.2005.05.004,"Fonseca CP, Rosa DS, Gaboardi F, Neves S. Development of a biodegradable polymer electrolyte for rechargeable batteries. J Power Sources 2006;155:381-384",[O-]Cl(=O)(=O)=O
150,crystalline,ester,Poly (ethylene succinate),COC(=O)CCC(=O)OC,COC(=O)CCC(=O)OC,100.0,2.0,SCN,0.08,0.04,,-3.0,-9.0,103,,,,yes,,,,,,,,2.52e-10,7.17e-10,1.86e-09,4.42e-09,9.77e-09,2.03e-08,3.97e-08,7.4e-08,1.32e-07,2.26e-07,3.72e-07,5.95e-07,,,,,,,,,,,16.7,2195.0,-65.0,all temps,3.2,1800.0,-53.0,,,,,1.3,3700000000000.0,entire range,,,,2.59,23.4,60.606,linear,none,120,,dry nitrogen,,https://doi.org/10.1021/ma00155a029,"Watanabe M, Rikukawa M, Sanui K, Ogata N. Effects of polymer structure and incorporated salt species on ionic conductivity of polymer complexes formed by aliphatic polyester and alkali metal thiocyanate. Macromolecules 1986;19:188-192",N#C[S-]
151,,ester,poly(ethylene sebacate),COC(=O)CCCCCCCCC(=O)OC,COC(=O)CCCCCCCCC(=O)OC,100.0,2.0,SCN,0.08,0.04,,-37.0,-42.0,79,,,,yes,,,,,,,1.92e-09,3.97e-09,7.35e-09,1.24e-08,1.96e-08,2.91e-08,4.13e-08,5.62e-08,7.41e-08,,,,,,,,,,,,,,,0.0002,480.0,-25.0,all temps,0.08,1696.0,-87.0,,,,,0.8,65000.0,entire range,,,,2.71,33.0,89.43,linear,none,90,,dry nitrogen,,https://doi.org/10.1021/ma00155a029,"Watanabe M, Rikukawa M, Sanui K, Ogata N. Effects of polymer structure and incorporated salt species on ionic conductivity of polymer complexes formed by aliphatic polyester and alkali metal thiocyanate. Macromolecules 1986;19:188-192",N#C[S-]
152,polymer 40,carbonyl,"poly(1,3- diacetyl-4-imidazolin-2-one)",C1C(N(C(=O)C)C(=O)N1(C(=O)C)),C1C(N(C(=O)C)C(=O)N1(C(=O)C)),100.0,3.0,TFSI,3.0,1.0,,24.0,,,,,0.0,no,1.55e-08,,1.43e-07,,,,3.37e-07,,6.84e-07,,1.26e-06,,2.2e-06,,3.28e-06,,4.12e-06,,,,,,,,,,,,,0.03,967.0,-82.0,all temps,0.0003,204.0,-26.0,,,,,0.58,1360.0,entire range,,,,,47.0,,linear,acetonitrile,90,24,yes,,https://doi.org/10.1007/s00289-006-0567-6,"Mitsuda H, Uno T, Kubo M, Itoh T. Solid polymer electrolytes based on poly(1,3-diacetyl-4-imidazolin-2-one). Polym Bull 2006;57:313-319.",C(F)(F)(F)S(=O)(=O)[N-]S(=O)(=O)C(F)(F)F
153,COULD ADD COPOLYMERS,carbonyl,"poly(1,3- diacetyl-4-imidazolin-2-one)",C1C(N(C(=O)C)C(=O)N1(C(=O)C)),C1C(N(C(=O)C)C(=O)N1(C(=O)C)),100.0,3.0,TFSI,2.0,0.666666667,,35.0,,,,,0.0,no,1.9e-09,,4.33e-08,,,,1.39e-07,,3.92e-07,,9.46e-07,,2.07e-06,,4.21e-06,,8.22e-06,,,,,,,,,,,,,11.0,2085.0,-106.0,all temps,0.0002,147.0,-15.0,,,,,0.86,18000000.0,entire range,,,,,47.0,,linear,acetonitrile,90,24,yes,,https://doi.org/10.1007/s00289-006-0567-6,"Mitsuda H, Uno T, Kubo M, Itoh T. Solid polymer electrolytes based on poly(1,3-diacetyl-4-imidazolin-2-one). Polym Bull 2006;57:313-319.",C(F)(F)(F)S(=O)(=O)[N-]S(=O)(=O)C(F)(F)F
154,,carbonyl,"poly(1,3- diacetyl-4-imidazolin-2-one)",C1C(N(C(=O)C)C(=O)N1(C(=O)C)),C1C(N(C(=O)C)C(=O)N1(C(=O)C)),100.0,3.0,TFSI,1.0,0.333333333,,32.0,,,,,0.0,no,1.32e-08,,5.07e-07,,,,1.79e-06,,5.15e-06,,1.22e-05,,2.57e-05,,5.02e-05,,8.91e-05,,,,,,,,,,,,,5.5,1246.0,-73.0,all temps,0.004,196.0,-18.0,,,,,0.98,680000000.0,entire range,,,,,47.0,,linear,acetonitrile,90,24,yes,,https://doi.org/10.1007/s00289-006-0567-6,"Mitsuda H, Uno T, Kubo M, Itoh T. Solid polymer electrolytes based on poly(1,3-diacetyl-4-imidazolin-2-one). Polym Bull 2006;57:313-319.",C(F)(F)(F)S(=O)(=O)[N-]S(=O)(=O)C(F)(F)F
155,,carbonyl,"poly(1,3- diacetyl-4-imidazolin-2-one)",C1C(N(C(=O)C)C(=O)N1(C(=O)C)),C1C(N(C(=O)C)C(=O)N1(C(=O)C)),100.0,3.0,TFSI,0.333333333,0.111111111,,39.0,,,,,0.0,no,,,7.36e-10,,,,2.51e-09,,7.33e-09,,1.95e-08,,4.53e-08,,9.18e-08,,1.63e-07,,,,,,,,,,,,,0.17,1937.0,-98.0,all temps,0.0001,311.0,-11.0,,,,,0.81,68000.0,entire range,,,,,47.0,,linear,acetonitrile,90,24,yes,,https://doi.org/10.1007/s00289-006-0567-6,"Mitsuda H, Uno T, Kubo M, Itoh T. Solid polymer electrolytes based on poly(1,3-diacetyl-4-imidazolin-2-one). Polym Bull 2006;57:313-319.",C(F)(F)(F)S(=O)(=O)[N-]S(=O)(=O)C(F)(F)F
156,,nitrile,polyacrylonitrile,CC(C#N),CC(C#N),100.0,1.0,CF3SO3,0.03923061,0.03923061,10.0,,,,,,,no,,,,,,1.24e-06,,,,,,,,,,,,,,,,,,,,,,,,,,,,,,,,,,,,,,,,,,,150.0,linear,DMF,80,24,yes,,https://doi.org/10.1016/j.electacta.2004.01.095,"Yoon HK, Chung WS, Jo NJ. Study on ionic transport mechanism and interactions between salt and polymer chain in PAN based solid polymer electrolytes containing LiCF3SO3. Electrochim Acta 2004;50:289-293",C(F)(F)(F)S(=O)(=O)[O-]
157,,nitrile,polyacrylonitrile,CC(C#N),CC(C#N),100.0,1.0,CF3SO3,0.088268872,0.088268872,20.0,,,,,,,no,,,,,,2.12e-06,,,,,,,,,,,,,,,,,,,,,,,,,,,,,,,,,,,,,,,,,,,150.0,linear,DMF,80,24,yes,,https://doi.org/10.1016/j.electacta.2004.01.095,"Yoon HK, Chung WS, Jo NJ. Study on ionic transport mechanism and interactions between salt and polymer chain in PAN based solid polymer electrolytes containing LiCF3SO3. Electrochim Acta 2004;50:289-293",C(F)(F)(F)S(=O)(=O)[O-]
158,,nitrile,polyacrylonitrile,CC(C#N),CC(C#N),100.0,1.0,CF3SO3,0.151318066,0.151318066,30.0,,,,,,,yes,,,,,,3.12e-06,,,,,,,,,,,,,,,,,,,,,,,,,,,,,,,,,,,,,,,,,,,150.0,linear,DMF,80,24,yes,,https://doi.org/10.1016/j.electacta.2004.01.095,"Yoon HK, Chung WS, Jo NJ. Study on ionic transport mechanism and interactions between salt and polymer chain in PAN based solid polymer electrolytes containing LiCF3SO3. Electrochim Acta 2004;50:289-293",C(F)(F)(F)S(=O)(=O)[O-]
159,,nitrile,polyacrylonitrile,CC(C#N),CC(C#N),100.0,1.0,CF3SO3,0.235383658,0.235383658,40.0,,,,,,,yes,,,,,,4.78e-06,,,,,,,,,,,,,,,,,,,,,,,,,,,,,,,,,,,,,,,,,,,150.0,linear,DMF,80,24,yes,,https://doi.org/10.1016/j.electacta.2004.01.095,"Yoon HK, Chung WS, Jo NJ. Study on ionic transport mechanism and interactions between salt and polymer chain in PAN based solid polymer electrolytes containing LiCF3SO3. Electrochim Acta 2004;50:289-293",C(F)(F)(F)S(=O)(=O)[O-]
160,,nitrile,polyacrylonitrile,CC(C#N),CC(C#N),100.0,1.0,CF3SO3,0.353075486,0.353075486,50.0,,,,,,,yes,,,,,,5.32e-06,,,,,,,,,,,,,,,,,,,,,,,,,,,,,,,,,,,,,,,,,,,150.0,linear,DMF,80,24,yes,,https://doi.org/10.1016/j.electacta.2004.01.095,"Yoon HK, Chung WS, Jo NJ. Study on ionic transport mechanism and interactions between salt and polymer chain in PAN based solid polymer electrolytes containing LiCF3SO3. Electrochim Acta 2004;50:289-293",C(F)(F)(F)S(=O)(=O)[O-]
161,,nitrile,polyacrylonitrile,CC(C#N),CC(C#N),100.0,1.0,CF3SO3,0.52961323,0.52961323,60.0,,,,,,,yes,,,,,,3.14e-05,,,,,,,,,,,,,,,,,,,,,,,,,,,,,,,,,,,,,,,,,,,150.0,linear,DMF,80,24,yes,,https://doi.org/10.1016/j.electacta.2004.01.095,"Yoon HK, Chung WS, Jo NJ. Study on ionic transport mechanism and interactions between salt and polymer chain in PAN based solid polymer electrolytes containing LiCF3SO3. Electrochim Acta 2004;50:289-293",C(F)(F)(F)S(=O)(=O)[O-]
162,,nitrile,polyacrylonitrile,CC(C#N),CC(C#N),100.0,1.0,CF3SO3,0.823842802,0.823842802,70.0,,,,,,,yes,,,,,,0.001297179,,,,,,,,,,,,,,,,,,,,,,,,,,,,,,,,,,,,,,,,,,,150.0,linear,DMF,80,24,yes,,https://doi.org/10.1016/j.electacta.2004.01.095,"Yoon HK, Chung WS, Jo NJ. Study on ionic transport mechanism and interactions between salt and polymer chain in PAN based solid polymer electrolytes containing LiCF3SO3. Electrochim Acta 2004;50:289-293",C(F)(F)(F)S(=O)(=O)[O-]
163,,nitrile,polyacrylonitrile,CC(C#N),CC(C#N),100.0,1.0,CF3SO3,,0.083333333,,,,,,,,na,,,,,,,,,,,,,,,,,,,,2.58e-10,9.03e-10,5.25e-09,,,,,,,,5900000000000.0,18106.0,-273.15,95,,,,,,,,1.54,180000000000.0,start 95C,,,,,,,linear,none,25,72,yes,hot press at 150 to incorporate salt,https://doi.org/10.1063/1.371053,"  A. Ferry, L. Edman, M. Forsyth, D.R. MacFarlane, J. Sun,J.  Appl.  Phys.  86  (1999)  2346.",C(F)(F)(F)S(=O)(=O)[O-]
164,similar reference: https://reader.elsevier.com/reader/sd/pii/S0167273898001660?token=BEF34E6E10AAFD3870609919F2FE8C931AA9342CDDD72BC57761588A27ED5BAF7679D94E2A540003D68EA0780D2615AC,nitrile,polyacrylonitrile,CC(C#N),CC(C#N),100.0,1.0,CF3SO3,,0.5,,,,,,,,na,,,,,,,,,,,,,,5.29e-09,1.39e-08,3.31e-08,7.27e-08,1.49e-07,2.86e-07,9.03e-07,2.41e-06,,,,,,,,,13.7,1717.0,-26.5,65,,,,,,,,1.48,74000000000000.0,start 65C,,,,,,,linear,none,25,72,yes,,https://doi.org/10.1063/1.371053,"  A. Ferry, L. Edman, M. Forsyth, D.R. MacFarlane, J. Sun,J.  Appl.  Phys.  86  (1999)  2346.",C(F)(F)(F)S(=O)(=O)[O-]
165,,nitrile,polyacrylonitrile,CC(C#N),CC(C#N),100.0,1.0,CF3SO3,,0.833333333,,,,,,,,na,,,,,,,,3.87e-08,8.77e-08,1.82e-07,3.52e-07,6.39e-07,1.1e-06,1.8e-06,2.84e-06,4.3e-06,6.32e-06,9.03e-06,1.26e-05,2.28e-05,,,,,,,,,,2.4,1303.0,-51.4,35,,,,,,,,0.94,150000000.0,start 35C,,,,,,,linear,none,25,72,yes,,https://doi.org/10.1063/1.371053,"  A. Ferry, L. Edman, M. Forsyth, D.R. MacFarlane, J. Sun,J.  Appl.  Phys.  86  (1999)  2346.",C(F)(F)(F)S(=O)(=O)[O-]
166,also did block copolymers,nitrile,polymethacrylonitrile,CC(C)C#N,CC(C)C#N,100.0,1.0,TFSI,,0.5,,,80.0,,,,,na,,,,,7.89e-08,,1.76e-07,3.67e-07,7.18e-07,1.33e-06,2.36e-06,4.02e-06,6.57e-06,1.04e-05,1.59e-05,2.38e-05,3.46e-05,4.91e-05,6.85e-05,,,,,,,,,,,104.0,1941.0,-82.0,23,,,,,,,,0.94,1000000000.0,,,,,,170.0,,linear,dimethyl ketone,,,yes,"heating, but  no temp or time given",https://doi.org/10.1016/S0013-4686(99)00329-1,"Saunier J, Alloin F, Sanchez JY. Electrochemical and spectroscopic studies of polymethacrylonitrile based electrolytes. Electrochim Acta 2000;45:1255-1263.",C(F)(F)(F)S(=O)(=O)[N-]S(=O)(=O)C(F)(F)F
167,,nitrile,polymethacrylonitrile,CC(C)C#N,CC(C)C#N,100.0,1.0,TFSI,,0.333333333,,,80.0,,,,,na,,,,,,,,6.5e-09,1.37e-08,2.78e-08,5.43e-08,1.02e-07,1.87e-07,3.31e-07,5.7e-07,9.57e-07,1.57e-06,2.51e-06,3.94e-06,9.16e-06,,,,,,,,,,51705.0,4629.0,-137.0,37,,,,,,,,1.1,5300000000.0,,,,,,170.0,,linear,dimethyl ketone,,,yes,"heating, but  no temp or time given",https://doi.org/10.1016/S0013-4686(99)00329-1,"Saunier J, Alloin F, Sanchez JY. Electrochemical and spectroscopic studies of polymethacrylonitrile based electrolytes. Electrochim Acta 2000;45:1255-1263.",C(F)(F)(F)S(=O)(=O)[N-]S(=O)(=O)C(F)(F)F
168,,nitrile,polymethacrylonitrile,CC(C)C#N,CC(C)C#N,100.0,1.0,TFSI,,0.166666667,,,80.0,,,,,na,,,,,1.12e-09,,2.7e-09,6.2e-09,1.35e-08,2.83e-08,5.67e-08,1.09e-07,2.04e-07,3.68e-07,6.45e-07,1.1e-06,1.83e-06,2.97e-06,4.71e-06,1.12e-05,,,,,,,,,,52439.0,4448.0,-130.0,23,,,,,,,,1.18,130000000000.0,,,,,,170.0,,linear,dimethyl ketone,,,yes,"heating, but  no temp or time given",https://doi.org/10.1016/S0013-4686(99)00329-1,"Saunier J, Alloin F, Sanchez JY. Electrochemical and spectroscopic studies of polymethacrylonitrile based electrolytes. Electrochim Acta 2000;45:1255-1263.",C(F)(F)(F)S(=O)(=O)[N-]S(=O)(=O)C(F)(F)F
169,,nitrile,polymethacrylonitrile,CC(C)C#N,CC(C)C#N,100.0,1.0,TFSI,,0.125,,,80.0,,,,,na,,,,,,,,3.12e-08,5.81e-08,1.06e-07,1.89e-07,3.32e-07,5.72e-07,9.69e-07,1.61e-06,2.65e-06,4.28e-06,6.81e-06,1.07e-05,2.54e-05,,,,,,,,,,6800000000.0,10723.0,-254.3,35,,,,,,,,1.02,1600000000.0,,,,,,170.0,,linear,dimethyl ketone,,,yes,"heating, but  no temp or time given",https://doi.org/10.1016/S0013-4686(99)00329-1,"Saunier J, Alloin F, Sanchez JY. Electrochemical and spectroscopic studies of polymethacrylonitrile based electrolytes. Electrochim Acta 2000;45:1255-1263.",C(F)(F)(F)S(=O)(=O)[N-]S(=O)(=O)C(F)(F)F
170,,nitrile,polymethacrylonitrile,CC(C)C#N,CC(C)C#N,100.0,1.0,TFSI,,0.083333333,,,80.0,,,,,na,,,,,,,,,8.77e-09,2.06e-08,4.52e-08,9.35e-08,1.84e-07,3.44e-07,6.18e-07,1.07e-06,1.79e-06,2.89e-06,4.55e-06,1.04e-05,,,,,,,,,,331.0,2574.0,-80.0,41,,,,,,,,1.16,61000000000.0,,,,,,170.0,,linear,dimethyl ketone,,,yes,"heating, but  no temp or time given",https://doi.org/10.1016/S0013-4686(99)00329-1,"Saunier J, Alloin F, Sanchez JY. Electrochemical and spectroscopic studies of polymethacrylonitrile based electrolytes. Electrochim Acta 2000;45:1255-1263.",C(F)(F)(F)S(=O)(=O)[N-]S(=O)(=O)C(F)(F)F
171,,nitrile,polymethacrylonitrile,CC(C)C#N,CC(C)C#N,100.0,1.0,TFSI,,0.0625,,,80.0,,,,,na,,,,,,,,,,3.07e-09,1.29e-08,4.01e-08,1.01e-07,2.16e-07,4.1e-07,7.07e-07,1.13e-06,,,,,,,,,,,,,0.015,480.0,6.6,44,,,,,,,,1.62,1.8e+17,,,,,,170.0,,linear,dimethyl ketone,,,yes,"heating, but  no temp or time given",https://doi.org/10.1016/S0013-4686(99)00329-1,"Saunier J, Alloin F, Sanchez JY. Electrochemical and spectroscopic studies of polymethacrylonitrile based electrolytes. Electrochim Acta 2000;45:1255-1263.",C(F)(F)(F)S(=O)(=O)[N-]S(=O)(=O)C(F)(F)F
172,,nitrile,polymethacrylonitrile,CC(C)C#N,CC(C)C#N,100.0,1.0,TFSI,,0.033333333,,,80.0,,,,,na,,,,,,,,,,,,,,1.9e-09,6.94e-09,2.13e-08,5.69e-08,1.35e-07,,,,,,,,,,,,2.7,1172.0,0.42,67,,,,,,,,2.2,7.3e+23,,,,,,170.0,,linear,dimethyl ketone,,,yes,"heating, but  no temp or time given",https://doi.org/10.1016/S0013-4686(99)00329-1,"Saunier J, Alloin F, Sanchez JY. Electrochemical and spectroscopic studies of polymethacrylonitrile based electrolytes. Electrochim Acta 2000;45:1255-1263.",C(F)(F)(F)S(=O)(=O)[N-]S(=O)(=O)C(F)(F)F
173,,nitrile,poly((N -2-cyanoethyl)ethylenimine,CN(CCC#N)C,CN(CCC#N)C,100.0,1.0,CF3SO3,,0.166666667,,,-36.0,,,,,no,,,,,,,4.25e-08,,,,,,,,,,,,,,,,,,,,,,,,,,,,,,,,,,,,,,,,,,190.0,linear,acetonitrile,,96,yes,no temp given,https://doi.org/10.1016/S0013-4686(03)00185-3,"Erickson M, Frech R, Glatzhofer DT. Solid polymer/salt electrolytes based on linear poly((N-2-cyanoethyl)ethylenimine). Electrochim Acta 2003;48:2059-2063",C(F)(F)(F)S(=O)(=O)[O-]
174,,nitrile,poly((N -2-cyanoethyl)ethylenimine,CN(CCC#N)C,CN(CCC#N)C,100.0,1.0,CF3SO3,,0.1,,,-36.0,,,,,no,,5.81e-08,1.25e-07,,2.57e-07,,5.06e-07,9.61e-07,1.76e-06,3.13e-06,5.39e-06,9.04e-06,1.48e-05,,,,,,,,,,,,,,,,,129000.0,4103.0,-145.0,10,,,,,,,,1.0,68000000000.0,,,,,,,190.0,linear,acetonitrile,,96,yes,no temp given,https://doi.org/10.1016/S0013-4686(03)00185-3,"Erickson M, Frech R, Glatzhofer DT. Solid polymer/salt electrolytes based on linear poly((N-2-cyanoethyl)ethylenimine). Electrochim Acta 2003;48:2059-2063",C(F)(F)(F)S(=O)(=O)[O-]
175,,nitrile,poly((N -2-cyanoethyl)ethylenimine,CN(CCC#N)C,CN(CCC#N)C,100.0,1.0,CF3SO3,,0.05,,,-36.0,,,,,no,,,,,,,4.45e-08,,,,,,,,,,,,,,,,,,,,,,,,,,,,,,,,,,,,,,,,,,190.0,linear,acetonitrile,,96,yes,no temp given,https://doi.org/10.1016/S0013-4686(03)00185-3,"Erickson M, Frech R, Glatzhofer DT. Solid polymer/salt electrolytes based on linear poly((N-2-cyanoethyl)ethylenimine). Electrochim Acta 2003;48:2059-2063",C(F)(F)(F)S(=O)(=O)[O-]
176,,nitrile,poly((N -2-cyanoethyl)ethylenimine,CN(CCC#N)C,CN(CCC#N)C,100.0,1.0,CF3SO3,,0.025,,,-36.0,,,,,no,,,,,,,7.45e-08,,,,,,,,,,,,,,,,,,,,,,,,,,,,,,,,,,,,,,,,,,190.0,linear,acetonitrile,,96,yes,no temp given,https://doi.org/10.1016/S0013-4686(03)00185-3,"Erickson M, Frech R, Glatzhofer DT. Solid polymer/salt electrolytes based on linear poly((N-2-cyanoethyl)ethylenimine). Electrochim Acta 2003;48:2059-2063",C(F)(F)(F)S(=O)(=O)[O-]
177,,nitrile,poly((N -2-cyanoethyl)ethylenimine,CN(CCC#N)C,CN(CCC#N)C,100.0,1.0,CF3SO3,,0.0125,,,-36.0,,,,,no,,,,,,,9.15e-08,,,,,,,,,,,,,,,,,,,,,,,,,,,,,,,,,,,,,,,,,,190.0,linear,acetonitrile,,96,yes,no temp given,https://doi.org/10.1016/S0013-4686(03)00185-3,"Erickson M, Frech R, Glatzhofer DT. Solid polymer/salt electrolytes based on linear poly((N-2-cyanoethyl)ethylenimine). Electrochim Acta 2003;48:2059-2063",C(F)(F)(F)S(=O)(=O)[O-]
178,,"alcohol, acrylate",polyvinyl alcohol,CC(O),CC(OC(=O)C),88.0,1.0,CF3SO3,0.161394395,0.161394395,33.0,45.0,67.0,,,,,no,,,,,,,,,2.59e-10,1.04e-09,3.46e-09,9.84e-09,2.46e-08,5.53e-08,1.14e-07,2.18e-07,3.9e-07,,,,,,,,,,,,,0.73,1179.0,-22.0,40,0.03,704.0,-5.0,,,,,1.74,3.2e+18,,,,,,,,linear,none,25,72,yes,"<0.1 Torr, hot pressed at 110",https://doi.org/10.1016/S0167-2738(98)00373-7,"MacFarlane DR, Zhou F, Forsyth M. Ion conductivity in amorphous polymer/salt mixtures. Solid State Ionics 1998;113:193-197.",C(F)(F)(F)S(=O)(=O)[O-]
179,,"alcohol, acrylate",polyvinyl alcohol,CC(O),CC(OC(=O)C),88.0,1.0,CF3SO3,0.218453019,0.218453019,40.0,40.0,67.0,,,,,no,,,,,,,,,1.44e-09,4.3e-09,1.14e-08,2.76e-08,6.13e-08,1.27e-07,2.47e-07,4.54e-07,7.96e-07,,,,,,,,,,,,,17.0,1780.0,-48.0,40,,,,,,,,1.5,2500000000000000.0,,,,,,,,linear,none,25,72,yes,"<0.1 Torr, hot pressed at 110",https://doi.org/10.1016/S0167-2738(98)00373-7,"MacFarlane DR, Zhou F, Forsyth M. Ion conductivity in amorphous polymer/salt mixtures. Solid State Ionics 1998;113:193-197.",C(F)(F)(F)S(=O)(=O)[O-]
180,,"alcohol, acrylate",polyvinyl alcohol,CC(O),CC(OC(=O)C),88.0,1.0,CF3SO3,0.327679529,0.327679529,50.0,33.0,67.0,,,,,no,,,,,,,3.96e-10,1.1e-09,2.84e-09,6.94e-09,1.6e-08,3.53e-08,7.4e-08,1.49e-07,2.89e-07,5.41e-07,9.79e-07,,,,,,,,,,,,,130251.0,4394.0,-114.0,30,0.018,714.0,-17.0,,,,,1.44,410000000000000.0,,,,,,,,linear,none,25,72,yes,"<0.1 Torr, hot pressed at 110",https://doi.org/10.1016/S0167-2738(98)00373-7,"MacFarlane DR, Zhou F, Forsyth M. Ion conductivity in amorphous polymer/salt mixtures. Solid State Ionics 1998;113:193-197.",C(F)(F)(F)S(=O)(=O)[O-]
181,,"alcohol, acrylate",polyvinyl alcohol,CC(O),CC(OC(=O)C),88.0,1.0,CF3SO3,0.400497202,0.400497202,55.0,30.0,67.0,,,,,no,,,,,,,,,8e-08,1.52e-07,2.65e-07,4.27e-07,6.48e-07,9.35e-07,1.3e-06,1.73e-06,2.25e-06,,,,,,,,,,,,,0.007,514.0,-20.0,40,,,,,,,,0.79,510000.0,,,,,,,,linear,none,25,72,yes,"<0.1 Torr, hot pressed at 110",https://doi.org/10.1016/S0167-2738(98)00373-7,"MacFarlane DR, Zhou F, Forsyth M. Ion conductivity in amorphous polymer/salt mixtures. Solid State Ionics 1998;113:193-197.",C(F)(F)(F)S(=O)(=O)[O-]
182,,"alcohol, acrylate",polyvinyl alcohol,CC(O),CC(OC(=O)C),88.0,1.0,CF3SO3,0.491519293,0.491519293,60.0,27.0,67.0,,,,,no,,,,,,,,,2.55e-07,3.55e-07,4.9e-07,6.68e-07,9.03e-07,1.21e-06,1.61e-06,2.11e-06,2.76e-06,,,,,,,,,,,,,10419.0,6751.0,-273.15,40,0.002,393.0,-23.0,,,,,0.57,347.0,,,,,,,,linear,none,25,72,yes,"<0.1 Torr, hot pressed at 110",https://doi.org/10.1016/S0167-2738(98)00373-7,"MacFarlane DR, Zhou F, Forsyth M. Ion conductivity in amorphous polymer/salt mixtures. Solid State Ionics 1998;113:193-197.",C(F)(F)(F)S(=O)(=O)[O-]
183,,"alcohol, acrylate",polyvinyl alcohol,CC(O),CC(OC(=O)C),88.0,1.0,CF3SO3,0.327679529,0.327679529,50.0,,67.0,,,,,no,,,,,,,1.38e-07,2.64e-07,4.9e-07,8.9e-07,1.58e-06,2.74e-06,4.66e-06,7.78e-06,1.27e-05,2.05e-05,3.24e-05,,,,,,,,,,,,,220000000.0,7721.0,-210.0,30,,,,,,,,1.0,8000000000.0,,,,,,,,linear,DMSO,25,70,yes,"hot pressed with solvent, 10 wt% DMSO remaining",https://doi.org/10.1016/S0167-2738(98)00373-7,"MacFarlane DR, Zhou F, Forsyth M. Ion conductivity in amorphous polymer/salt mixtures. Solid State Ionics 1998;113:193-197.",C(F)(F)(F)S(=O)(=O)[O-]
184,,"alcohol, acrylate",Poly(hydroxyethylmethacrylate),CC(C)(C(=O)OCCO),CC(C)(C(=O)OCCO),100.0,2.0,CF3SO3,0.374,0.187,,40.0,,,,,,no,,,9.01e-09,,1.09e-08,,1.32e-08,1.58e-08,1.88e-08,2.23e-08,2.63e-08,3.08e-08,3.6e-08,4.18e-08,4.83e-08,,,,,,,,,,,,,,,0.03,3537.0,-273.15,20,,,,,,,,0.29,0.0009,,,,,,,,cross-linked,none,25,72,yes,"<0.1 Torr, polymerized with salt",https://doi.org/10.1016/S0167-2738(98)00373-7,"MacFarlane DR, Zhou F, Forsyth M. Ion conductivity in amorphous polymer/salt mixtures. Solid State Ionics 1998;113:193-197.",C(F)(F)(F)S(=O)(=O)[O-]
185,,"alcohol, acrylate",poly(hydroxyethylacrylate),CC(C(=O)OCCO),CC(C(=O)OCCO),100.0,2.0,CF3SO3,0.374,0.187,,30.0,,,,,,no,,,,,,,,,2.78e-07,4.69e-07,7.79e-07,1.27e-06,2.05e-06,3.26e-06,5.12e-06,,,,,,,,,,,,,,,2500000000.0,10602.0,-273.15,40,0.03,528.0,-20.0,,,,,0.9,83000000.0,,,,,,,,cross-linked,none,25,72,yes,"<0.1 Torr, polymerized with salt",https://doi.org/10.1016/S0167-2738(98)00373-7,"MacFarlane DR, Zhou F, Forsyth M. Ion conductivity in amorphous polymer/salt mixtures. Solid State Ionics 1998;113:193-197.",C(F)(F)(F)S(=O)(=O)[O-]
186,,"alcohol, acrylate",polyvinyl alcohol,CC(O),CC(OC(=O)C),98.0,1.0,TFSI,,0.25,,,,,,,,no,,,5.03e-05,,7.8e-05,,0.000113548,0.00015739,0.000209496,0.000269656,0.000337483,0.000412465,0.000494006,0.000581462,0.000674168,0.000771462,0.000872696,0.000977252,0.001084547,0.001305221,0.00153088,,,,,,,,,0.35,374.0,-42.0,20,,,,,,,,0.36,110.0,,,,,,,125000.0,linear,DMSO,,120,yes,"dried in furnace, don't specify temp, 10 wt% DMSO remaining",https://doi.org/10.1016/j.electacta.2017.05.127,"Ek G, Jeschull F, Bowden T, Brandell D. Li-ion batteries using electrolytes based on mixtures of poly(vinyl alcohol) and lithium bis(triflouromethane) sulfonamide salt. Electrochim Acta 2017;246:208-212",C(F)(F)(F)S(=O)(=O)[N-]S(=O)(=O)C(F)(F)F
187,,"alcohol, acrylate",polyvinyl alcohol,CC(O),CC(OC(=O)C),98.0,1.0,CF3SO3,,0.25,,,,,,,,no,,,,,,,3.76e-08,1.24e-07,3.35e-07,7.76e-07,1.59e-06,2.97e-06,5.11e-06,8.25e-06,1.26e-05,1.85e-05,2.6e-05,3.54e-05,4.68e-05,7.63e-05,0.0001151,,,,,,,,,0.37,664.0,-20.0,30,,,,,,,,0.96,970000000.0,,,,,,,125000.0,linear,DMSO,,120,yes,"dried in furnace, don't specify temp, 10 wt% DMSO remaining",https://doi.org/10.1016/j.electacta.2017.05.127,"Ek G, Jeschull F, Bowden T, Brandell D. Li-ion batteries using electrolytes based on mixtures of poly(vinyl alcohol) and lithium bis(triflouromethane) sulfonamide salt. Electrochim Acta 2017;246:208-212",C(F)(F)(F)S(=O)(=O)[O-]
188,,"alcohol, acrylate",polyvinyl alcohol,CC(O),CC(OC(=O)C),98.0,1.0,ClO4,,0.25,,,,,,,,no,,,,,,,2.14e-07,6.31e-07,1.6e-06,3.6e-06,7.32e-06,1.37e-05,2.41e-05,3.98e-05,6.27e-05,9.45e-05,0.000137379,0.000193309,0.000264419,,,,,,,,,,,9.5,926.0,-33.0,30,,,,,,,,1.0,32000000000.0,,,,,,,125000.0,linear,DMSO,,120,yes,"dried in furnace, don't specify temp, 10 wt% DMSO remaining",https://doi.org/10.1016/j.electacta.2017.05.127,"Ek G, Jeschull F, Bowden T, Brandell D. Li-ion batteries using electrolytes based on mixtures of poly(vinyl alcohol) and lithium bis(triflouromethane) sulfonamide salt. Electrochim Acta 2017;246:208-212",[O-]Cl(=O)(=O)=O
189,,"alcohol, acrylate",polyvinyl alcohol,CC(O),CC(OC(=O)C),98.0,1.0,TFSI,,0.25,,58.0,,,,,,no,,,,,1.9e-09,,4.39e-09,9.88e-09,2.17e-08,4.63e-08,9.67e-08,1.97e-07,3.95e-07,7.72e-07,1.48e-06,2.79e-06,5.17e-06,9.39e-06,1.68e-05,5.13e-05,0.000147546,,,,,,,,,640000000000000.0,15300.0,-273.15,27,,,,,,,,1.3,21000000000000.0,,,,,,,125000.0,linear,water,,120,yes,"dried in furnace, don't specify temp, 1 wt% DMSO remaining",https://doi.org/10.1016/j.electacta.2017.05.127,"Ek G, Jeschull F, Bowden T, Brandell D. Li-ion batteries using electrolytes based on mixtures of poly(vinyl alcohol) and lithium bis(triflouromethane) sulfonamide salt. Electrochim Acta 2017;246:208-212",C(F)(F)(F)S(=O)(=O)[N-]S(=O)(=O)C(F)(F)F
190,,"alcohol, acrylate",polyvinyl alcohol,CC(O),CC(OC(=O)C),98.0,1.0,CF3SO3,,0.25,,67.0,,,,,,no,,,,,,,8.08e-10,,2.13e-09,5.06e-09,1.17e-08,2.63e-08,5.77e-08,1.24e-07,2.6e-07,5.34e-07,1.07e-06,2.12e-06,4.1e-06,1.46e-05,4.85e-05,,,,,,,,,4.6e+16,17366.0,-273.15,30,,,,,,,,1.5,1500000000000000.0,,,,,,,125000.0,linear,water,,120,yes,"dried in furnace, don't specify temp, 1 wt% DMSO remaining",https://doi.org/10.1016/j.electacta.2017.05.127,"Ek G, Jeschull F, Bowden T, Brandell D. Li-ion batteries using electrolytes based on mixtures of poly(vinyl alcohol) and lithium bis(triflouromethane) sulfonamide salt. Electrochim Acta 2017;246:208-212",C(F)(F)(F)S(=O)(=O)[O-]
191,,"alcohol, acrylate",polyvinyl alcohol,CC(O),CC(OC(=O)C),98.0,1.0,ClO4,,0.25,,41.0,,,,,,no,,,,,1.29e-10,,3.11e-10,7.28e-10,1.66e-09,3.67e-09,7.95e-09,1.68e-08,3.47e-08,7.01e-08,1.39e-07,2.7e-07,5.14e-07,9.61e-07,1.77e-06,5.69e-06,1.72e-05,,,,,,,,,490000000000000.0,16027.0,-273.15,26,,,,,,,,1.37,16000000000000.0,,,,,,,125000.0,linear,water,,120,yes,"dried in furnace, don't specify temp, 1 wt% DMSO remaining",https://doi.org/10.1016/j.electacta.2017.05.127,"Ek G, Jeschull F, Bowden T, Brandell D. Li-ion batteries using electrolytes based on mixtures of poly(vinyl alcohol) and lithium bis(triflouromethane) sulfonamide salt. Electrochim Acta 2017;246:208-212",[O-]Cl(=O)(=O)=O
192,,"alcohol, acrylate",polyvinyl alcohol,CC(O),CC(OC(=O)C),98.0,1.0,TFSI,,0.25,,59.0,,,,,,no,,,,,,,8.95e-10,2e-09,4.34e-09,9.19e-09,1.9e-08,3.85e-08,7.64e-08,1.48e-07,2.83e-07,5.29e-07,9.71e-07,1.75e-06,3.12e-06,9.39e-06,2.67e-05,,,,,,,,,73000000000000.0,15128.0,-273.15,28,,,,,,,,1.3,2400000000000.0,,,,,,,125000.0,linear,none,200,0.1,none,hot pressed,https://doi.org/10.1016/j.electacta.2017.05.127,"Ek G, Jeschull F, Bowden T, Brandell D. Li-ion batteries using electrolytes based on mixtures of poly(vinyl alcohol) and lithium bis(triflouromethane) sulfonamide salt. Electrochim Acta 2017;246:208-212",C(F)(F)(F)S(=O)(=O)[N-]S(=O)(=O)C(F)(F)F
193,,"alcohol, acrylate",polyvinyl alcohol,CC(O),CC(OC(=O)C),98.0,1.0,CF3SO3,,0.25,,82.0,,,,,,no,,,,,,,,,,,,,,,,,,,,,,,,,,,,,,,,,,,,,,,,,,,,,,,,,125000.0,linear,none,200,0.1,none,hot pressed,https://doi.org/10.1016/j.electacta.2017.05.127,"Ek G, Jeschull F, Bowden T, Brandell D. Li-ion batteries using electrolytes based on mixtures of poly(vinyl alcohol) and lithium bis(triflouromethane) sulfonamide salt. Electrochim Acta 2017;246:208-212",C(F)(F)(F)S(=O)(=O)[O-]
194,,"alcohol, acrylate",polyvinyl alcohol,CC(O),CC(OC(=O)C),98.0,1.0,ClO4,,0.25,,40.0,,,,,,no,,,,,,,,,,,,,,,,,,,,,,,,,,,,,,,,,,,,,,,,,,,,,,,,,125000.0,linear,none,200,0.1,none,hot pressed,https://doi.org/10.1016/j.electacta.2017.05.127,"Ek G, Jeschull F, Bowden T, Brandell D. Li-ion batteries using electrolytes based on mixtures of poly(vinyl alcohol) and lithium bis(triflouromethane) sulfonamide salt. Electrochim Acta 2017;246:208-212",[O-]Cl(=O)(=O)=O
195,,amine,poly(ethylenimine),CNC,CNC,100.0,1.0,CF3SO3,,0.066666667,,-17.32891832,-23.0,55,,,,yes,,,,,,,,,,8.03e-07,1.27e-06,1.94e-06,2.88e-06,4.16e-06,5.87e-06,8.1e-06,1.1e-05,1.46e-05,,,,,,,,,,,,5.0,1690.0,-87.0,45,1.1,1262.0,-67.0,,,,,0.71,140000.0,,,,,,122664.0,,linear,methanol,130,12,yes,"0.01 Torr, DP 2850",https://doi.org/10.1016/0167-2738(93)90284-A,"Tanaka R, Fujita T, Nishibayashi H, Saito S. Ionic conduction in poly(ethylenimine)- and poly(N-methylethylenimine)-lithium salt systems. Solid State Ionics 1993;60:119-123",C(F)(F)(F)S(=O)(=O)[O-]
196,,amine,poly(ethylenimine),CNC,CNC,100.0,1.0,CF3SO3,,0.1,,-10.24650478,-23.0,55,,,,yes,,,,,,,3.87e-08,7.26e-08,1.31e-07,2.28e-07,3.83e-07,6.25e-07,9.91e-07,1.53e-06,2.31e-06,3.42e-06,4.96e-06,7.05e-06,9.85e-06,1.84e-05,,,,,,,,,,193.0,2872.0,-118.0,32,1.1,1308.0,-60.0,,,,,0.85,6000000.0,,,,,,122664.0,,linear,methanol,130,12,yes,"0.01 Torr, DP 2851",https://doi.org/10.1016/0167-2738(93)90284-A,"Tanaka R, Fujita T, Nishibayashi H, Saito S. Ionic conduction in poly(ethylenimine)- and poly(N-methylethylenimine)-lithium salt systems. Solid State Ionics 1993;60:119-123",C(F)(F)(F)S(=O)(=O)[O-]
197,,amine,poly(ethylenimine),CNC,CNC,100.0,1.0,CF3SO3,,0.166666667,,11.8285504,-23.0,,,,,no,,,,,,,,,,,,,,,,,,,,,,,,,,,,,,,,,,,,,,,,,,,,,,,,122664.0,,linear,methanol,130,12,yes,"0.01 Torr, DP 2852",https://doi.org/10.1016/0167-2738(93)90284-A,"Tanaka R, Fujita T, Nishibayashi H, Saito S. Ionic conduction in poly(ethylenimine)- and poly(N-methylethylenimine)-lithium salt systems. Solid State Ionics 1993;60:119-123",C(F)(F)(F)S(=O)(=O)[O-]
198,,amine,poly(ethylenimine),CNC,CNC,100.0,1.0,CF3SO3,,0.25,,25.34952171,-23.0,,,,,no,,,,,,,,,,,,,,,,1.29e-08,2.6e-08,4.97e-08,9.06e-08,2.66e-07,6.83e-07,,,,,,,,,20.0,2257.0,-49.0,75,1.4,1563.0,-25.0,,,,,1.3,31000000000.0,,,,,,122664.0,,linear,methanol,130,12,yes,"0.01 Torr, DP 2853",https://doi.org/10.1016/0167-2738(93)90284-A,"Tanaka R, Fujita T, Nishibayashi H, Saito S. Ionic conduction in poly(ethylenimine)- and poly(N-methylethylenimine)-lithium salt systems. Solid State Ionics 1993;60:119-123",C(F)(F)(F)S(=O)(=O)[O-]
199,,amine,poly(ethylenimine),CNC,CNC,100.0,1.0,ClO4,,0.066666667,,-15.39735099,-23.0,55,,,,yes,,,,,,,,,,6.26e-07,9.96e-07,1.54e-06,2.33e-06,3.43e-06,4.96e-06,7.02e-06,9.77e-06,1.34e-05,1.8e-05,,,,,,,,,,,79.0,2559.0,-117.0,45,1.3,1290.0,-65.0,,,,,0.75,470000.0,,,,,,122664.0,,linear,methanol,130,12,yes,"0.01 Torr, DP 2854",https://doi.org/10.1016/0167-2738(93)90284-A,"Tanaka R, Fujita T, Nishibayashi H, Saito S. Ionic conduction in poly(ethylenimine)- and poly(N-methylethylenimine)-lithium salt systems. Solid State Ionics 1993;60:119-123",[O-]Cl(=O)(=O)=O
200,,amine,poly(ethylenimine),CNC,CNC,100.0,1.0,ClO4,,0.1,,-0.128771155,-23.0,55,,,,yes,,,,,,,,1.83e-08,3.82e-08,7.49e-08,1.39e-07,2.46e-07,4.17e-07,6.81e-07,1.08e-06,1.64e-06,2.45e-06,3.55e-06,5.03e-06,9.52e-06,1.68e-05,,,,,,,,,8.4,1875.0,-75.0,35,0.81,1265.0,-50.0,,,,,0.91,21000000.0,,,,,,122664.0,,linear,methanol,130,12,yes,"0.01 Torr, DP 2855",https://doi.org/10.1016/0167-2738(93)90284-A,"Tanaka R, Fujita T, Nishibayashi H, Saito S. Ionic conduction in poly(ethylenimine)- and poly(N-methylethylenimine)-lithium salt systems. Solid State Ionics 1993;60:119-123",[O-]Cl(=O)(=O)=O
201,,amine,poly(ethylenimine),CNC,CNC,100.0,1.0,ClO4,,0.166666667,,25.34952171,-23.0,,,,,no,,,,,,,,,,,,,,,,,,,,,,,,,,,,,,,,,,,,,,,,,,,,,,,,122664.0,,linear,methanol,130,12,yes,"0.01 Torr, DP 2856",https://doi.org/10.1016/0167-2738(93)90284-A,"Tanaka R, Fujita T, Nishibayashi H, Saito S. Ionic conduction in poly(ethylenimine)- and poly(N-methylethylenimine)-lithium salt systems. Solid State Ionics 1993;60:119-123",[O-]Cl(=O)(=O)=O
202,,amine,poly(ethylenimine),CNC,CNC,100.0,1.0,ClO4,,0.25,,43.74540103,-23.0,,,,,no,,,,,,,,,,,,,,,,,,2.76e-09,5.75e-09,2.2e-08,7.22e-08,3.43e-07,,,,,,,,1426.0,3776.0,-72.0,85,0.53,1480.0,-6.0,,,,,1.45,780000000000.0,,,,,,122664.0,,linear,methanol,130,12,yes,"0.01 Torr, DP 2857",https://doi.org/10.1016/0167-2738(93)90284-A,"Tanaka R, Fujita T, Nishibayashi H, Saito S. Ionic conduction in poly(ethylenimine)- and poly(N-methylethylenimine)-lithium salt systems. Solid State Ionics 1993;60:119-123",[O-]Cl(=O)(=O)=O
203,,amine,poly(N-methylethylenimine),CN(C)C,CN(C)C,100.0,1.0,CF3SO3,,0.0625,,-42.07137601,-88.0,,,,,no,,,,,,,,1.8e-07,2.62e-07,3.74e-07,5.22e-07,7.14e-07,9.62e-07,1.27e-06,1.66e-06,2.14e-06,2.72e-06,3.41e-06,4.23e-06,6.33e-06,,,,,,,,,,0.83,1955.0,-122.0,35,0.15,1375.0,-92.0,,,,,0.54,138.0,,,,,,162707.0,,linear,methanol,130,12,yes,"0.01 Torr, DP 2858",https://doi.org/10.1016/0167-2738(93)90284-A,"Tanaka R, Fujita T, Nishibayashi H, Saito S. Ionic conduction in poly(ethylenimine)- and poly(N-methylethylenimine)-lithium salt systems. Solid State Ionics 1993;60:119-123",C(F)(F)(F)S(=O)(=O)[O-]
204,,amine,poly(N-methylethylenimine),CN(C)C,CN(C)C,100.0,1.0,CF3SO3,,0.1,,-33.79323032,-88.0,,,,,no,,,,,,,,1.43e-07,2.25e-07,3.45e-07,5.14e-07,7.49e-07,1.07e-06,1.49e-06,2.04e-06,2.75e-06,3.65e-06,4.77e-06,6.15e-06,9.87e-06,,,,,,,,,,3.8,2115.0,-114.0,35,0.52,1462.0,-84.0,,,,,0.64,5272.0,,,,,,162707.0,,linear,methanol,130,12,yes,"0.01 Torr, DP 2859",https://doi.org/10.1016/0167-2738(93)90284-A,"Tanaka R, Fujita T, Nishibayashi H, Saito S. Ionic conduction in poly(ethylenimine)- and poly(N-methylethylenimine)-lithium salt systems. Solid State Ionics 1993;60:119-123",C(F)(F)(F)S(=O)(=O)[O-]
205,,amine,poly(N-methylethylenimine),CN(C)C,CN(C)C,100.0,1.0,CF3SO3,,0.169491525,,4.194260486,-88.0,,,,,no,,,,,,,,,,1.73e-08,3.14e-08,5.5e-08,9.33e-08,1.54e-07,2.46e-07,3.84e-07,5.87e-07,8.76e-07,1.28e-06,2.61e-06,4.97e-06,,,,,,,,,132.0,3172.0,-115.0,45,0.35,1289.0,-45.8,,,,,0.89,2800000.0,,,,,,162707.0,,linear,methanol,130,12,yes,"0.01 Torr, DP 2860",https://doi.org/10.1016/0167-2738(93)90284-A,"Tanaka R, Fujita T, Nishibayashi H, Saito S. Ionic conduction in poly(ethylenimine)- and poly(N-methylethylenimine)-lithium salt systems. Solid State Ionics 1993;60:119-123",C(F)(F)(F)S(=O)(=O)[O-]
206,,amine,poly(N-methylethylenimine),CN(C)C,CN(C)C,100.0,1.0,CF3SO3,,0.243902439,,23.78587196,-88.0,,,,,no,,,,,,,,,,,,,,,,,1.82e-08,3.3e-08,5.74e-08,1.55e-07,3.71e-07,,,,,,,,,4.2,2123.0,-50.0,80,0.4,1485.0,-26.0,,,,,1.1,270000000.0,,,,,,162707.0,,linear,methanol,130,12,yes,"0.01 Torr, DP 2861",https://doi.org/10.1016/0167-2738(93)90284-A,"Tanaka R, Fujita T, Nishibayashi H, Saito S. Ionic conduction in poly(ethylenimine)- and poly(N-methylethylenimine)-lithium salt systems. Solid State Ionics 1993;60:119-123",C(F)(F)(F)S(=O)(=O)[O-]
207,,amine,poly(N-methylethylenimine),CN(C)C,CN(C)C,100.0,1.0,ClO4,,0.066666667,,-53.01692421,-88.0,,,,,no,,,,,,,1.99e-08,3.49e-08,5.84e-08,9.39e-08,1.46e-07,2.18e-07,3.18e-07,4.52e-07,6.27e-07,8.51e-07,1.13e-06,1.48e-06,1.91e-06,,,,,,,,,,,0.21,1484.0,-81.5,30,1.0,1972.0,-103.0,,,,,0.69,7705.0,,,,,,162707.0,,linear,methanol,130,12,yes,"0.01 Torr, DP 2862",https://doi.org/10.1016/0167-2738(93)90284-A,"Tanaka R, Fujita T, Nishibayashi H, Saito S. Ionic conduction in poly(ethylenimine)- and poly(N-methylethylenimine)-lithium salt systems. Solid State Ionics 1993;60:119-123",[O-]Cl(=O)(=O)=O
208,,amine,poly(N-methylethylenimine),CN(C)C,CN(C)C,100.0,1.0,ClO4,,0.1,,-20.27225901,-88.0,,,,,no,,,,,,,,,,,,1.33e-08,2.56e-08,4.67e-08,8.13e-08,1.35e-07,2.17e-07,3.37e-07,5.06e-07,1.05e-06,2.01e-06,,,,,,,,,1.0,1673.0,-55.0,55,4.0,2073.0,-70.0,,,,,0.95,6700000.0,,,,,,162707.0,,linear,methanol,130,12,yes,"0.01 Torr, DP 2863",https://doi.org/10.1016/0167-2738(93)90284-A,"Tanaka R, Fujita T, Nishibayashi H, Saito S. Ionic conduction in poly(ethylenimine)- and poly(N-methylethylenimine)-lithium salt systems. Solid State Ionics 1993;60:119-123",[O-]Cl(=O)(=O)=O
209,,amine,poly(N-methylethylenimine),CN(C)C,CN(C)C,100.0,1.0,ClO4,,0.161290323,,24.33774834,-88.0,,,,,no,,,,,,,,,,,,,,7.39e-09,1.5e-08,2.9e-08,5.36e-08,9.53e-08,1.64e-07,4.38e-07,1.05e-06,,,,,,,,,91.0,2789.0,-72.0,65,0.62,1407.0,-26.0,,,,,1.2,5600000000.0,,,,,,162707.0,,linear,methanol,130,12,yes,"0.01 Torr, DP 2864",https://doi.org/10.1016/0167-2738(93)90284-A,"Tanaka R, Fujita T, Nishibayashi H, Saito S. Ionic conduction in poly(ethylenimine)- and poly(N-methylethylenimine)-lithium salt systems. Solid State Ionics 1993;60:119-123",[O-]Cl(=O)(=O)=O
210,,amine,poly(N-methylethylenimine),CN(C)C,CN(C)C,100.0,1.0,ClO4,,0.243902439,,41.8138337,-88.0,,,,,no,,,,,,,,,,,,,,,,,,,6.62e-09,2.44e-08,8.08e-08,,,,,,,,,8600000.0,7390.0,-142.0,88,0.51,1493.0,-8.0,,,,,1.5,3000000000000.0,,,,,,162707.0,,linear,methanol,130,12,yes,"0.01 Torr, DP 2865",https://doi.org/10.1016/0167-2738(93)90284-A,"Tanaka R, Fujita T, Nishibayashi H, Saito S. Ionic conduction in poly(ethylenimine)- and poly(N-methylethylenimine)-lithium salt systems. Solid State Ionics 1993;60:119-123",[O-]Cl(=O)(=O)=O
211,,amine,poly(ethylenimine),CN(C)C,CN(C)C,100.0,1.0,CF3SO3,,0.04,,-36.0,-47.0,,,,,no,,,5.98e-07,,9.31e-07,,1.43e-06,2.15e-06,3.18e-06,4.65e-06,6.7e-06,9.53e-06,1.34e-05,1.86e-05,2.56e-05,3.47e-05,4.68e-05,6.23e-05,8.23e-05,0.000139941,,,,,,,,,,97332.0,5735.0,-230.0,22,3.7,1381.0,-86.0,,,,,0.64,67000.0,,,,,,,50.0,branched,methanol,60,72,yes,BPEI started as water solution,https://doi.org/10.1016/0013-4686(92)80124-5,"Paul JL, Jegat C, Lassegues JC. Branched poly(ethyleneimine)-CF3SO3Li complexes. Electrochim Acta 1992;37:1623-1625.",C(F)(F)(F)S(=O)(=O)[O-]
212,,amine,poly(ethylenimine),CN(C)C,CN(C)C,100.0,1.0,CF3SO3,,0.05,,-31.0,-47.0,,,,,no,,,8.26e-07,,1.49e-06,,2.58e-06,4.29e-06,6.87e-06,1.07e-05,1.61e-05,2.36e-05,3.39e-05,4.75e-05,6.53e-05,8.83e-05,0.000117261,0.000153406,0.000197874,,,,,,,,,,,72.0,1909.0,-104.0,18,10.6,1370.0,-81.0,,,,,0.73,3200000.0,,,,,,,50.0,branched,methanol,60,72,yes,BPEI started as water solution,https://doi.org/10.1016/0013-4686(92)80124-5,"Paul JL, Jegat C, Lassegues JC. Branched poly(ethyleneimine)-CF3SO3Li complexes. Electrochim Acta 1992;37:1623-1625.",C(F)(F)(F)S(=O)(=O)[O-]
213,,amine,poly(ethylenimine),CN(C)C,CN(C)C,100.0,1.0,CF3SO3,,0.055555556,,-30.0,-47.0,,,,,no,7.4e-08,5.18e-07,9.1e-07,,1.54e-06,,2.52e-06,4e-06,6.19e-06,9.33e-06,1.38e-05,1.98e-05,2.81e-05,3.9e-05,5.34e-05,7.19e-05,9.54e-05,0.000124883,0.000161533,0.000261238,,,,,,,,,,288.0,2536.0,-132.0,0,3.3,1205.0,-80.0,,,,,0.71,1400000.0,,,,,,,50.0,branched,methanol,60,72,yes,BPEI started as water solution,https://doi.org/10.1016/0013-4686(92)80124-5,"Paul JL, Jegat C, Lassegues JC. Branched poly(ethyleneimine)-CF3SO3Li complexes. Electrochim Acta 1992;37:1623-1625.",C(F)(F)(F)S(=O)(=O)[O-]
214,,amine,poly(ethylenimine),CN(C)C,CN(C)C,100.0,1.0,CF3SO3,,0.0625,,-27.0,-47.0,,,,,no,,,,,,,,,,,,,,,,,,,,,,,,,,,,,,,,,,,,,,,,,,,,,,,,,50.0,branched,methanol,60,72,yes,BPEI started as water solution,https://doi.org/10.1016/0013-4686(92)80124-5,"Paul JL, Jegat C, Lassegues JC. Branched poly(ethyleneimine)-CF3SO3Li complexes. Electrochim Acta 1992;37:1623-1625.",C(F)(F)(F)S(=O)(=O)[O-]
215,,amine,poly(ethylenimine),CN(C)C,CN(C)C,100.0,1.0,CF3SO3,,0.071428571,,-24.0,-47.0,,,,,no,,5.81e-08,1.2e-07,,2.36e-07,,4.39e-07,7.81e-07,1.34e-06,2.21e-06,3.53e-06,5.47e-06,8.27e-06,1.22e-05,1.76e-05,2.48e-05,3.44e-05,4.68e-05,6.27e-05,0.000107881,,,,,,,,,,112.0,2244.0,-106.0,15,5.7,1398.0,-74.0,,,,,0.81,13000000.0,,,,,,,50.0,branched,methanol,60,72,yes,BPEI started as water solution,https://doi.org/10.1016/0013-4686(92)80124-5,"Paul JL, Jegat C, Lassegues JC. Branched poly(ethyleneimine)-CF3SO3Li complexes. Electrochim Acta 1992;37:1623-1625.",C(F)(F)(F)S(=O)(=O)[O-]
216,,amine,poly(ethylenimine),CN(C)C,CN(C)C,100.0,1.0,CF3SO3,,0.125,,-5.0,-47.0,,,,,no,,,,,,,,,1.03e-07,1.84e-07,3.21e-07,5.53e-07,9.36e-07,1.56e-06,2.56e-06,4.14e-06,6.6e-06,1.04e-05,1.62e-05,3.77e-05,,,,,,,,,,27000000000.0,11664.0,-273.15,40,7.1,1465.0,-55.0,,,,,0.99,900000000.0,,,,,,,50.0,branched,methanol,60,72,yes,BPEI started as water solution,https://doi.org/10.1016/0013-4686(92)80124-5,"Paul JL, Jegat C, Lassegues JC. Branched poly(ethyleneimine)-CF3SO3Li complexes. Electrochim Acta 1992;37:1623-1625.",C(F)(F)(F)S(=O)(=O)[O-]
217,,amine,poly(ethylenimine),CN(C)C,CN(C)C,100.0,1.0,CF3SO3,,0.25,,,-47.0,49,,,,yes,,,,,,,,,,,,,,,,,,,,,,,,,,,,,,,,,,,,,,,,,,,,,,,,,50.0,branched,methanol,60,72,yes,BPEI started as water solution,https://doi.org/10.1016/0013-4686(92)80124-5,"Paul JL, Jegat C, Lassegues JC. Branched poly(ethyleneimine)-CF3SO3Li complexes. Electrochim Acta 1992;37:1623-1625.",C(F)(F)(F)S(=O)(=O)[O-]
218,,amine,poly(ethylenimine),CN(C)C,CN(C)C,100.0,1.0,TFSI,,0.0025,,-61.5,,,,,,no,,,1.04e-06,,1.48e-06,,2.05e-06,2.8e-06,3.76e-06,4.97e-06,6.5e-06,8.38e-06,1.07e-05,1.35e-05,1.68e-05,,,,,,,,,,,,,,4155.136528,9.9,2399.0,-161.0,20,0.55,1363.0,-111.5,,,,,0.48,203.0,,,,,,,10.0,branched,methanol,65,48,yes,"0.1 mbar vacuum, AC impedance used 1V",https://doi.org/10.1016/j.solmat.2010.08.025,"Pehlivan IB, Marsal R, Niklasson GA, Granqvist CG, Georen P. PEI-LiTFSI electrolytes for electrochromic devices: characterization by differential scanning calorimetry and viscosity measurements. Sol Energy Mater Sol Cells 2010;94:2399-2404",C(F)(F)(F)S(=O)(=O)[N-]S(=O)(=O)C(F)(F)F
219,,amine,poly(ethylenimine),CN(C)C,CN(C)C,100.0,1.0,TFSI,,0.005,,-61.0,,,,,,no,,,1.04e-06,,1.48e-06,,2.09e-06,2.9e-06,4e-06,5.45e-06,7.35e-06,9.83e-06,1.3e-05,1.71e-05,2.23e-05,,,,,,,,,,,,,,4155.136528,41422.0,6322.0,-273.15,20,1.4,1484.0,-111.0,,,,,0.53,1411.0,,,,,,,10.0,branched,methanol,65,48,yes,"0.1 mbar vacuum, AC impedance used 1V",https://doi.org/10.1016/j.solmat.2010.08.025,"Pehlivan IB, Marsal R, Niklasson GA, Granqvist CG, Georen P. PEI-LiTFSI electrolytes for electrochromic devices: characterization by differential scanning calorimetry and viscosity measurements. Sol Energy Mater Sol Cells 2010;94:2399-2404",C(F)(F)(F)S(=O)(=O)[N-]S(=O)(=O)C(F)(F)F
220,,amine,poly(ethylenimine),CN(C)C,CN(C)C,100.0,1.0,TFSI,,0.01,,-63.0,,,,,,no,,,2.09e-06,,3.04e-06,,4.37e-06,6.21e-06,8.72e-06,1.21e-05,1.67e-05,2.27e-05,3.06e-05,4.1e-05,5.43e-05,,,,,,,,,,,,,,3898.037808,310000.0,6713.0,-273.15,20,6.5,1621.0,-113.0,,,,,0.56,10724.0,,,,,,,10.0,branched,methanol,65,48,yes,"0.1 mbar vacuum, AC impedance used 1V",https://doi.org/10.1016/j.solmat.2010.08.025,"Pehlivan IB, Marsal R, Niklasson GA, Granqvist CG, Georen P. PEI-LiTFSI electrolytes for electrochromic devices: characterization by differential scanning calorimetry and viscosity measurements. Sol Energy Mater Sol Cells 2010;94:2399-2404",C(F)(F)(F)S(=O)(=O)[N-]S(=O)(=O)C(F)(F)F
221,,amine,poly(ethylenimine),CN(C)C,CN(C)C,100.0,1.0,TFSI,,0.02,,-61.0,,,,,,no,,,2.3e-06,,3.46e-06,,5.12e-06,7.47e-06,1.08e-05,1.54e-05,2.17e-05,3.03e-05,4.19e-05,5.73e-05,7.77e-05,,,,,,,,,,,,,,5296.566778,2100000.0,7237.0,-273.15,20,16.0,1703.0,-111.0,,,,,0.61,71000.0,,,,,,,10.0,branched,methanol,65,48,yes,"0.1 mbar vacuum, AC impedance used 1V",https://doi.org/10.1016/j.solmat.2010.08.025,"Pehlivan IB, Marsal R, Niklasson GA, Granqvist CG, Georen P. PEI-LiTFSI electrolytes for electrochromic devices: characterization by differential scanning calorimetry and viscosity measurements. Sol Energy Mater Sol Cells 2010;94:2399-2404",C(F)(F)(F)S(=O)(=O)[N-]S(=O)(=O)C(F)(F)F
222,,amine,poly(ethylenimine),CN(C)C,CN(C)C,100.0,1.0,TFSI,,0.05,,-52.0,,,,,,no,,,2.26e-06,,3.39e-06,,5.01e-06,7.31e-06,1.05e-05,1.5e-05,2.12e-05,2.95e-05,4.07e-05,5.56e-05,7.53e-05,,,,,,,,,,,,,,13806.48794,1900000.0,7210.0,-273.15,20,7.9,1502.0,-102.0,,,,,0.61,63000.0,,,,,,,10.0,branched,methanol,65,48,yes,"0.1 mbar vacuum, AC impedance used 1V",https://doi.org/10.1016/j.solmat.2010.08.025,"Pehlivan IB, Marsal R, Niklasson GA, Granqvist CG, Georen P. PEI-LiTFSI electrolytes for electrochromic devices: characterization by differential scanning calorimetry and viscosity measurements. Sol Energy Mater Sol Cells 2010;94:2399-2404",C(F)(F)(F)S(=O)(=O)[N-]S(=O)(=O)C(F)(F)F
223,,amine,poly(ethylenimine),CN(C)C,CN(C)C,100.0,1.0,TFSI,,0.1,,-45.0,,,,,,no,,,1.32e-07,,2.39e-07,,4.23e-07,7.34e-07,1.25e-06,2.08e-06,3.41e-06,5.49e-06,8.7e-06,1.36e-05,2.09e-05,,,,,,,,,,,,,,29903.92228,160000000.0,8295.0,-240.0,20,46.0,1949.0,-95.0,,,,,0.88,170000000.0,,,,,,,10.0,branched,methanol,65,48,yes,"0.1 mbar vacuum, AC impedance used 1V",https://doi.org/10.1016/j.solmat.2010.08.025,"Pehlivan IB, Marsal R, Niklasson GA, Granqvist CG, Georen P. PEI-LiTFSI electrolytes for electrochromic devices: characterization by differential scanning calorimetry and viscosity measurements. Sol Energy Mater Sol Cells 2010;94:2399-2404",C(F)(F)(F)S(=O)(=O)[N-]S(=O)(=O)C(F)(F)F
224,high mw,phenyl,"poly(1,4-bis(bromomethyl)-2,3,5,6-teramethylbenzene-co-benzyl bis(hydroxymethyl)phosphine sulfide)",C1(=C(C)C(C)=CC(C)=C1(C))COCP(=S)(CC1=CC=CC=C1)COC,C1(=C(C)C(C)=CC(C)=C1(C))COCP(=S)(CC1=CC=CC=C1)COC,100.0,1.0,TFSI,,0.144927536,10.0,156.0,143.0,,,,,no,,,,,,,8.61e-07,,1.42e-06,,2.04e-06,,3.71e-06,,4.5e-06,,6.86e-06,,,,,,,,,,,,,0.59,2087.0,-167.0,30,,,,,,,,0.38,1.9,,,,,1.52,9.6,14.6,linear,none,25,72,yes,"mechanical stirring, then die press for pellets",https://doi.org/10.1016/j.polymer.2015.08.004,"Babu HV, Srinivas B, Muralidharan K. Design of polymers with an intrinsic disordered framework for Li-ion conducting solid polymer electrolytes. Polymer 2015;75:10-16",C(F)(F)(F)S(=O)(=O)[N-]S(=O)(=O)C(F)(F)F
225,high mw,phenyl,"poly(1,4-bis(bromomethyl)-2,3,5,6-teramethylbenzene-co-benzyl bis(hydroxymethyl)phosphine sulfide)",C1(=C(C)C(C)=CC(C)=C1(C))COCP(=S)(CC1=CC=CC=C1)COC,C1(=C(C)C(C)=CC(C)=C1(C))COCP(=S)(CC1=CC=CC=C1)COC,100.0,1.0,TFSI,,0.322580645,20.0,167.0,143.0,,,,,no,,,,,,,1.04e-06,,1.47e-06,,2.83e-06,,3.5e-06,,5.55e-06,,8.98e-06,,,,,,,,,,,,,102.0,4723.0,-273.15,30,,,,,,,,0.39,3.4,,,,,1.52,9.6,14.6,linear,none,25,72,yes,"mechanical stirring, then die press for pellets",https://doi.org/10.1016/j.polymer.2015.08.004,"Babu HV, Srinivas B, Muralidharan K. Design of polymers with an intrinsic disordered framework for Li-ion conducting solid polymer electrolytes. Polymer 2015;75:10-16",C(F)(F)(F)S(=O)(=O)[N-]S(=O)(=O)C(F)(F)F
226,high mw,phenyl,"poly(1,4-bis(bromomethyl)-2,3,5,6-teramethylbenzene-co-benzyl bis(hydroxymethyl)phosphine sulfide)",C1(=C(C)C(C)=CC(C)=C1(C))COCP(=S)(CC1=CC=CC=C1)COC,C1(=C(C)C(C)=CC(C)=C1(C))COCP(=S)(CC1=CC=CC=C1)COC,100.0,1.0,TFSI,,0.555555556,30.0,171.0,143.0,,,,,no,,,,,,,1.79e-06,,2.17e-06,,6.11e-06,,1.45e-05,,2.85e-05,,5.68e-05,,,,,,,,,,,,,7900000.0,8045.0,-273.15,30,,,,,,,,0.68,260000.0,,,,,1.52,9.6,14.6,linear,none,25,72,yes,"mechanical stirring, then die press for pellets",https://doi.org/10.1016/j.polymer.2015.08.004,"Babu HV, Srinivas B, Muralidharan K. Design of polymers with an intrinsic disordered framework for Li-ion conducting solid polymer electrolytes. Polymer 2015;75:10-16",C(F)(F)(F)S(=O)(=O)[N-]S(=O)(=O)C(F)(F)F
227,high mw,phenyl,"poly(1,4-bis(bromomethyl)-2,3,5,6-teramethylbenzene-co-benzyl bis(hydroxymethyl)phosphine sulfide)",C1(=C(C)C(C)=CC(C)=C1(C))COCP(=S)(CC1=CC=CC=C1)COC,C1(=C(C)C(C)=CC(C)=C1(C))COCP(=S)(CC1=CC=CC=C1)COC,100.0,1.0,TFSI,,0.833333333,40.0,193.0,143.0,,,,,no,,,,,,,0.000887661,,0.00177316,,0.002554733,,0.003343544,,0.003899285,,0.005406151,,,,,,,,,,,,,0.4,132.0,-11.0,30,,,,,,,,0.31,153.0,,,,,1.52,9.6,14.6,linear,none,25,72,yes,"mechanical stirring, then die press for pellets",https://doi.org/10.1016/j.polymer.2015.08.004,"Babu HV, Srinivas B, Muralidharan K. Design of polymers with an intrinsic disordered framework for Li-ion conducting solid polymer electrolytes. Polymer 2015;75:10-16",C(F)(F)(F)S(=O)(=O)[N-]S(=O)(=O)C(F)(F)F
228,low mw,phenyl,"poly(1,4-bis(bromomethyl)-2,3,5,6-teramethylbenzene-co-benzyl bis(hydroxymethyl)phosphine sulfide)",C1(=C(C)C(C)=CC(C)=C1(C))COCP(=S)(CC1=CC=CC=C1)COC,C1(=C(C)C(C)=CC(C)=C1(C))COCP(=S)(CC1=CC=CC=C1)COC,100.0,1.0,TFSI,,0.144927536,10.0,150.0,112.0,,,,,no,,,,,,,2.55e-08,,3.92e-08,,5.79e-08,,9.25e-08,,1.26e-07,,4.76e-07,,,,,,,,,,,,,72.0,5787.0,-273.15,30,,,,,,,,0.48,2.4,,,,,2.03,2.1,4.3,linear,none,25,72,yes,"mechanical stirring, then die press for pellets",https://doi.org/10.1016/j.polymer.2015.08.004,"Babu HV, Srinivas B, Muralidharan K. Design of polymers with an intrinsic disordered framework for Li-ion conducting solid polymer electrolytes. Polymer 2015;75:10-16",C(F)(F)(F)S(=O)(=O)[N-]S(=O)(=O)C(F)(F)F
229,low mw,phenyl,"poly(1,4-bis(bromomethyl)-2,3,5,6-teramethylbenzene-co-benzyl bis(hydroxymethyl)phosphine sulfide)",C1(=C(C)C(C)=CC(C)=C1(C))COCP(=S)(CC1=CC=CC=C1)COC,C1(=C(C)C(C)=CC(C)=C1(C))COCP(=S)(CC1=CC=CC=C1)COC,100.0,1.0,TFSI,,0.322580645,20.0,155.0,112.0,,,,,no,,,,,,,4.08e-07,,6.77e-07,,9.62e-07,,2.76e-06,,5.79e-06,,8.55e-06,,,,,,,,,,,,,80440.0,7072.0,-273.15,30,,,,,,,,0.595,2700.0,,,,,2.03,2.1,4.3,linear,none,25,72,yes,"mechanical stirring, then die press for pellets",https://doi.org/10.1016/j.polymer.2015.08.004,"Babu HV, Srinivas B, Muralidharan K. Design of polymers with an intrinsic disordered framework for Li-ion conducting solid polymer electrolytes. Polymer 2015;75:10-16",C(F)(F)(F)S(=O)(=O)[N-]S(=O)(=O)C(F)(F)F
230,low mw,phenyl,"poly(1,4-bis(bromomethyl)-2,3,5,6-teramethylbenzene-co-benzyl bis(hydroxymethyl)phosphine sulfide)",C1(=C(C)C(C)=CC(C)=C1(C))COCP(=S)(CC1=CC=CC=C1)COC,C1(=C(C)C(C)=CC(C)=C1(C))COCP(=S)(CC1=CC=CC=C1)COC,100.0,1.0,TFSI,,0.555555556,30.0,207.0,112.0,,,,,no,,,,,,,3.1e-06,,5.57e-06,,8.23e-06,,1.08e-05,,4.08e-05,,7.61e-05,,,,,,,,,,,,,330000.0,6895.0,-273.15,30,,,,,,,,0.58,11000.0,,,,,2.03,2.1,4.3,linear,none,25,72,yes,"mechanical stirring, then die press for pellets",https://doi.org/10.1016/j.polymer.2015.08.004,"Babu HV, Srinivas B, Muralidharan K. Design of polymers with an intrinsic disordered framework for Li-ion conducting solid polymer electrolytes. Polymer 2015;75:10-16",C(F)(F)(F)S(=O)(=O)[N-]S(=O)(=O)C(F)(F)F
231,low mw,phenyl,"poly(1,4-bis(bromomethyl)-2,3,5,6-teramethylbenzene-co-benzyl bis(hydroxymethyl)phosphine sulfide)",C1(=C(C)C(C)=CC(C)=C1(C))COCP(=S)(CC1=CC=CC=C1)COC,C1(=C(C)C(C)=CC(C)=C1(C))COCP(=S)(CC1=CC=CC=C1)COC,100.0,1.0,TFSI,,0.833333333,40.0,210.0,112.0,,,,,no,,,,,,,8.55e-06,,1.6e-05,,3.35e-05,,6.26e-05,,9.62e-05,,0.000116896,,,,,,,,,,,,,0.26,625.0,-53.0,30,,,,,,,,0.51,2400.0,,,,,2.03,2.1,4.3,linear,none,25,72,yes,"mechanical stirring, then die press for pellets",https://doi.org/10.1016/j.polymer.2015.08.004,"Babu HV, Srinivas B, Muralidharan K. Design of polymers with an intrinsic disordered framework for Li-ion conducting solid polymer electrolytes. Polymer 2015;75:10-16",C(F)(F)(F)S(=O)(=O)[N-]S(=O)(=O)C(F)(F)F
232,,"phenyl, amide, ester","poly[2,6-dimethoxy-N-(4-vinylphenyl)benzamide]",C(C1=CC=C(NC(=O)CC2=C(OC)C=CC=C2(OC))C=C1)C,C(C1=CC=C(NC(=O)CC2=C(OC)C=CC=C2(OC))C=C1)C,100.0,3.0,TFSI,2.0,0.666666667,,164.0,,,,,,no,1.76e-05,,2.21e-05,,,,,,3.89e-05,,,,5.4e-05,,,,,,,,,,,,,,,,,0.11,1607.0,-273.15,-20,,,,,,,,0.126,0.004,,,,,4.871794872,390.0,1900.0,branched,acetone,80,48,yes,,https://doi.org/10.1016/j.jpowsour.2005.03.124,"Sato A, Okumura T, Nishimura S, Yamamoto H, Ueyama N. Lithium ion conductive polymer electrolyte by side group rotation. J Power Sources 2005;146:423-426",C(F)(F)(F)S(=O)(=O)[N-]S(=O)(=O)C(F)(F)F
233,MTFSI paper,"ether, amide, imidazole",poly(ethylene oxide-co-allyl glycidyl ether amide imidazole,C(COCCCSCCCC(=O)NCCN1C=NC=C1)OC,COC,17.0,1.51,TFSI,0.01411,0.009344371,,-32.0,-33.0,,,,,no,,,,,,,5.28e-07,8.93e-07,1.44e-06,2.25e-06,3.38e-06,4.92e-06,6.99e-06,9.68e-06,1.31e-05,1.74e-05,2.27e-05,2.92e-05,3.69e-05,,,,0.19,80.0,PFG,,,,,2.2,1376.0,-81.0,30,2.3,1393.0,-82.0,,,,,0.67,93000.0,,7e-09,80.0,,,41204.28,,branched,methanol,55,1,high,"first 8h at low vac, then 10^-8 Torr 1h",https://doi.org/10.1021/acs.chemmater.8b02633,"Schauser, N. S.; Sanoja, G. E.; Bartels, J. M.; Jain, S. K.; Hu, J. G.; Han, S.; Walker, L. M.; Helgeson, M. E.; Seshadri, R.; Segalman, R. A. Decoupling Bulk Mechanics and Mono- and Multivalent Ion Transport in Polymers Based on Metal-Ligand Coordination,�Chem. Mater.�2018,�30, 5759-�5769.�",C(F)(F)(F)S(=O)(=O)[N-]S(=O)(=O)C(F)(F)F
234,,"ether, amide, imidazole",poly(ethylene oxide-co-allyl glycidyl ether amide imidazole,C(COCCCSCCCC(=O)NCCN1C=NC=C1)OC,COC,17.0,1.51,TFSI,0.0085,0.005629139,,-33.0,-33.0,,,,,no,,,,,,,4.28e-07,7.86e-07,1.33e-06,2.11e-06,3.15e-06,4.51e-06,6.21e-06,8.28e-06,1.07e-05,1.36e-05,1.68e-05,2.04e-05,2.45e-05,,,,,,,,,,,0.04,557.0,-35.0,30,1.2,1341.0,-83.0,,,,,0.63,17000.0,,,,,,41204.28,,branched,methanol,55,1,high,"first 8h at low vac, then 10^-8 Torr 1h",https://doi.org/10.1021/acs.chemmater.8b02633,"Schauser, N. S.; Sanoja, G. E.; Bartels, J. M.; Jain, S. K.; Hu, J. G.; Han, S.; Walker, L. M.; Helgeson, M. E.; Seshadri, R.; Segalman, R. A. Decoupling Bulk Mechanics and Mono- and Multivalent Ion Transport in Polymers Based on Metal-Ligand Coordination,�Chem. Mater.�2018,�30, 5759-�5769.�",C(F)(F)(F)S(=O)(=O)[N-]S(=O)(=O)C(F)(F)F
235,Backbone paper,"ether, amide, imidazole",poly(allyl glycidyl ether amide imidazole),C(COCCCSCCCC(=O)NCCN1C=NC=C1)OC,C(COCCCSCCCC(=O)NCCN1C=NC=C1)OC,100.0,4.0,TFSI,0.03,0.0075,,-11.0,-15.0,,,,,no,,,,,,,3.55e-08,7.5e-08,1.47e-07,2.72e-07,4.74e-07,7.89e-07,1.26e-06,1.93e-06,2.87e-06,4.15e-06,5.83e-06,8.02e-06,1.08e-05,,,,,,,,,,,1.55,1360.0,-62.0,30,1.3,1327.0,-61.0,,,,,1.0,3700000000.0,,,,,1.17,25610.25,29963.9925,branched,methanol,60,5,high,"overnight low vac, then 10^-8 Torr",https://doi.org/10.1021/jacs.0c00587,"Schauser, N. S.; Grzetic, D. J.; Tabassum, T.; Kliegle, G. A.; Le, M. L.; Susca, E. M.; Antoine, S.; Keller, T. J.; Delaney, K. T.; Han, S.; Seshadri, R.; Fredrickson, G. H.; Segalman, R. A., The Role of Backbone Polarity on Aggregation and Conduction of Ions in Polymer Electrolytes.�J. Am. Chem. Soc.�2020,�142, 7055-7065.",C(F)(F)(F)S(=O)(=O)[N-]S(=O)(=O)C(F)(F)F
236,,"ether, amide, imidazole",poly(allyl glycidyl ether amide imidazole),C(COCCCSCCCC(=O)NCCN1C=NC=C1)OC,C(COCCCSCCCC(=O)NCCN1C=NC=C1)OC,100.0,4.0,TFSI,0.08,0.02,,-4.0,-15.0,,,,,no,,,,,,,1.49e-08,3.59e-08,7.9e-08,1.6e-07,3.04e-07,5.44e-07,9.26e-07,1.51e-06,2.35e-06,3.55e-06,5.2e-06,7.41e-06,1.03e-05,,,,,,,,,,,2.4,1369.0,-55.0,30,2.1,1335.0,-54.0,,,,,1.1,16000000000.0,,,,,1.17,25610.25,29963.9925,branched,methanol,60,5,high,"overnight low vac, then 10^-8 Torr",https://doi.org/10.1021/jacs.0c00587,"Schauser, N. S.; Grzetic, D. J.; Tabassum, T.; Kliegle, G. A.; Le, M. L.; Susca, E. M.; Antoine, S.; Keller, T. J.; Delaney, K. T.; Han, S.; Seshadri, R.; Fredrickson, G. H.; Segalman, R. A., The Role of Backbone Polarity on Aggregation and Conduction of Ions in Polymer Electrolytes.�J. Am. Chem. Soc.�2020,�142, 7055-7065.",C(F)(F)(F)S(=O)(=O)[N-]S(=O)(=O)C(F)(F)F
237,,"ether, amide, imidazole",poly(allyl glycidyl ether amide imidazole),C(COCCCSCCCC(=O)NCCN1C=NC=C1)OC,C(COCCCSCCCC(=O)NCCN1C=NC=C1)OC,100.0,4.0,TFSI,0.12,0.03,,-1.0,-15.0,,,,,no,,,,,,,9.56e-09,2.48e-08,5.81e-08,1.24e-07,2.47e-07,4.6e-07,8.1e-07,1.36e-06,2.18e-06,3.38e-06,5.05e-06,7.33e-06,1.04e-05,,,,,,,,,,,3.2,1379.0,-52.0,30,2.8,1347.0,-51.0,,,,,1.1,37000000000.0,,,,,1.17,25610.25,29963.9925,branched,methanol,60,5,high,"overnight low vac, then 10^-8 Torr",https://doi.org/10.1021/jacs.0c00587,"Schauser, N. S.; Grzetic, D. J.; Tabassum, T.; Kliegle, G. A.; Le, M. L.; Susca, E. M.; Antoine, S.; Keller, T. J.; Delaney, K. T.; Han, S.; Seshadri, R.; Fredrickson, G. H.; Segalman, R. A., The Role of Backbone Polarity on Aggregation and Conduction of Ions in Polymer Electrolytes.�J. Am. Chem. Soc.�2020,�142, 7055-7065.",C(F)(F)(F)S(=O)(=O)[N-]S(=O)(=O)C(F)(F)F
238,PBD,"amide, imidazole",poly(butadiene amide imidazole),CC(CCSCCCC(=O)NCCN1C=NC=C1),CC(CCSCCCC(=O)NCCN1C=NC=C1),100.0,2.0,TFSI,0.03,0.015,,11.0,9.0,,,,,no,,,,,,,1.16e-10,4.29e-10,1.34e-09,3.68e-09,9.01e-09,2.01e-08,4.12e-08,7.9e-08,1.43e-07,2.45e-07,4.01e-07,6.31e-07,9.6e-07,,,,,,,,,,,0.79,1390.0,-40.0,30,0.67,1356.0,-39.0,,,,,1.2,44000000000.0,,,,,1.04,56286.0,58537.44,branched,methanol,60,5,high,"overnight low vac, then 10^-8 Torr",https://doi.org/10.1021/jacs.0c00587,"Schauser, N. S.; Grzetic, D. J.; Tabassum, T.; Kliegle, G. A.; Le, M. L.; Susca, E. M.; Antoine, S.; Keller, T. J.; Delaney, K. T.; Han, S.; Seshadri, R.; Fredrickson, G. H.; Segalman, R. A., The Role of Backbone Polarity on Aggregation and Conduction of Ions in Polymer Electrolytes.�J. Am. Chem. Soc.�2020,�142, 7055-7065.",C(F)(F)(F)S(=O)(=O)[N-]S(=O)(=O)C(F)(F)F
239,,"amide, imidazole",poly(butadiene amide imidazole),CC(CCSCCCC(=O)NCCN1C=NC=C1),CC(CCSCCCC(=O)NCCN1C=NC=C1),100.0,2.0,TFSI,0.08,0.04,,24.0,9.0,,,,,no,,,,,,,6.35e-12,4.04e-11,1.95e-10,7.56e-10,2.46e-09,6.91e-09,1.73e-08,3.9e-08,8.09e-08,1.56e-07,2.84e-07,4.89e-07,8.03e-07,,,,,,,,,,,1.2,1323.0,-27.0,30,1.1,1292.0,-26.0,,,,,1.2,80000000000.0,,,,,1.04,56286.0,58537.44,branched,methanol,60,5,high,"overnight low vac, then 10^-8 Torr",https://doi.org/10.1021/jacs.0c00587,"Schauser, N. S.; Grzetic, D. J.; Tabassum, T.; Kliegle, G. A.; Le, M. L.; Susca, E. M.; Antoine, S.; Keller, T. J.; Delaney, K. T.; Han, S.; Seshadri, R.; Fredrickson, G. H.; Segalman, R. A., The Role of Backbone Polarity on Aggregation and Conduction of Ions in Polymer Electrolytes.�J. Am. Chem. Soc.�2020,�142, 7055-7065.",C(F)(F)(F)S(=O)(=O)[N-]S(=O)(=O)C(F)(F)F
240,,"amide, imidazole",poly(butadiene amide imidazole),CC(CCSCCCC(=O)NCCN1C=NC=C1),CC(CCSCCCC(=O)NCCN1C=NC=C1),100.0,2.0,TFSI,0.12,0.06,,39.0,9.0,,,,,no,,,,,,,2.01e-15,5.72e-14,8.56e-13,7.97e-12,5.17e-11,2.54e-10,9.97e-10,3.28e-09,9.32e-09,2.35e-08,5.34e-08,1.12e-07,2.17e-07,,,,,,,,,,,1.9,1331.0,-12.0,30,1.7,1303.0,-11.0,,,,,1.35,890000000000.0,,,,,1.04,56286.0,58537.44,branched,methanol,60,5,high,"overnight low vac, then 10^-8 Torr",https://doi.org/10.1021/jacs.0c00587,"Schauser, N. S.; Grzetic, D. J.; Tabassum, T.; Kliegle, G. A.; Le, M. L.; Susca, E. M.; Antoine, S.; Keller, T. J.; Delaney, K. T.; Han, S.; Seshadri, R.; Fredrickson, G. H.; Segalman, R. A., The Role of Backbone Polarity on Aggregation and Conduction of Ions in Polymer Electrolytes.�J. Am. Chem. Soc.�2020,�142, 7055-7065.",C(F)(F)(F)S(=O)(=O)[N-]S(=O)(=O)C(F)(F)F
241,PVMS,"amide, imidazole",poly(vinyl methyl siloxane amide imidazole),[Si](C)(CCSCCCC(=O)NCCN1C=NC=C1)O,[Si](C)(CCSCCCC(=O)NCCN1C=NC=C1)O,100.0,2.0,TFSI,0.03,0.015,,-6.0,-8.0,,,,,no,,,,,,,7.05e-09,1.62e-08,3.42e-08,6.72e-08,1.24e-07,2.15e-07,3.58e-07,5.7e-07,8.75e-07,1.3e-06,1.88e-06,2.64e-06,3.62e-06,,,,,,,,,,,0.71,1362.0,-57.0,30,0.59,1323.0,-56.0,,,,,1.1,2800000000.0,,,,,1.23,110943.6,136460.628,branched,methanol,60,5,high,"overnight low vac, then 10^-8 Torr",https://doi.org/10.1021/jacs.0c00587,"Schauser, N. S.; Grzetic, D. J.; Tabassum, T.; Kliegle, G. A.; Le, M. L.; Susca, E. M.; Antoine, S.; Keller, T. J.; Delaney, K. T.; Han, S.; Seshadri, R.; Fredrickson, G. H.; Segalman, R. A., The Role of Backbone Polarity on Aggregation and Conduction of Ions in Polymer Electrolytes.�J. Am. Chem. Soc.�2020,�142, 7055-7065.",C(F)(F)(F)S(=O)(=O)[N-]S(=O)(=O)C(F)(F)F
242,,"amide, imidazole",poly(vinyl methyl siloxane amide imidazole),[Si](C)(CCSCCCC(=O)NCCN1C=NC=C1)O,[Si](C)(CCSCCCC(=O)NCCN1C=NC=C1)O,100.0,2.0,TFSI,0.08,0.04,,-3.0,-8.0,,,,,no,,,,,,,6.22e-09,1.54e-08,3.48e-08,7.22e-08,1.4e-07,2.54e-07,4.38e-07,7.21e-07,1.14e-06,1.74e-06,2.57e-06,3.69e-06,5.17e-06,,,,,,,,,,,1.4,1379.0,-54.0,30,1.2,1347.0,-53.0,,,,,1.1,13000000000.0,,,,,1.23,110943.6,136460.628,branched,methanol,60,5,high,"overnight low vac, then 10^-8 Torr",https://doi.org/10.1021/jacs.0c00587,"Schauser, N. S.; Grzetic, D. J.; Tabassum, T.; Kliegle, G. A.; Le, M. L.; Susca, E. M.; Antoine, S.; Keller, T. J.; Delaney, K. T.; Han, S.; Seshadri, R.; Fredrickson, G. H.; Segalman, R. A., The Role of Backbone Polarity on Aggregation and Conduction of Ions in Polymer Electrolytes.�J. Am. Chem. Soc.�2020,�142, 7055-7065.",C(F)(F)(F)S(=O)(=O)[N-]S(=O)(=O)C(F)(F)F
243,,"amide, imidazole",poly(vinyl methyl siloxane amide imidazole),[Si](C)(CCSCCCC(=O)NCCN1C=NC=C1)O,[Si](C)(CCSCCCC(=O)NCCN1C=NC=C1)O,100.0,2.0,TFSI,0.12,0.06,,0.0,-8.0,,,,,no,,,,,,,4.33e-09,1.18e-08,2.89e-08,6.45e-08,1.33e-07,2.56e-07,4.65e-07,8.03e-07,1.32e-06,2.1e-06,3.21e-06,4.76e-06,6.86e-06,,,,,,,,,,,3.7,1458.0,-52.0,30,2.7,1392.0,-50.0,,,,,1.2,100000000000.0,,,,,1.23,110943.6,136460.628,branched,methanol,60,5,high,"overnight low vac, then 10^-8 Torr",https://doi.org/10.1021/jacs.0c00587,"Schauser, N. S.; Grzetic, D. J.; Tabassum, T.; Kliegle, G. A.; Le, M. L.; Susca, E. M.; Antoine, S.; Keller, T. J.; Delaney, K. T.; Han, S.; Seshadri, R.; Fredrickson, G. H.; Segalman, R. A., The Role of Backbone Polarity on Aggregation and Conduction of Ions in Polymer Electrolytes.�J. Am. Chem. Soc.�2020,�142, 7055-7065.",C(F)(F)(F)S(=O)(=O)[N-]S(=O)(=O)C(F)(F)F
244,,"amide, imidazole",poly(vinyl methyl siloxane amide imidazole -co- vinyl methyl siloxane ethane),[Si](C)(CCSCCCC(=O)NCCN1C=NC=C1)O,[Si](C)(CCSCCCC(=O)NCCN1C=NC=C1)O,100.0,2.0,TFSI,0.1,0.05,8.39,-7.0,-8.0,,,,,no,,,,,,,9.44e-09,2.31e-08,5.17e-08,1.07e-07,2.07e-07,3.79e-07,6.57e-07,1.09e-06,1.74e-06,2.69e-06,4.01e-06,5.83e-06,8.25e-06,,,,0.239,72.7,PFG NMR,,,,,4.6,1541.0,60.0,30,3.1,1458.0,-57.0,,,,,1.17,320000000000.0,,1.03e-09,72.7,,1.6,105215.04,168344.064,branched,methanol,60,24,high,"24h low vac, then 10^-8 Torr",https://doi.org/unpublished 1,"Schauser, N. S.; Richardson, P. M.; Nikolaev, A.; Cooke, P.; Kliegle, G. A.; Susca, E. M.; Johnson, K.; Wang, H.; Read de Alaniz, J.; Clement, R. J.; Segalman, R. A. Optimum in Ligand Density for Conductivity in Polymer Electrolytes. Submitted",C(F)(F)(F)S(=O)(=O)[N-]S(=O)(=O)C(F)(F)F
245,,"amide, imidazole",poly(vinyl methyl siloxane amide imidazole -co- vinyl methyl siloxane ethane),[Si](C)(CCSCCCC(=O)NCCN1C=NC=C1)O,O[Si](C)(CCSCC),71.0,,TFSI,0.1,0.0705,9.76,-4.0,-16.0,,,,,no,,,,,,,1.17e-08,2.93e-08,6.64e-08,1.38e-07,2.67e-07,4.86e-07,8.38e-07,1.38e-06,2.17e-06,3.3e-06,4.86e-06,6.96e-06,9.7e-06,,,,0.216,72.7,PFG NMR,,,,,2.0,1318.0,-52.0,30,2.5,1369.0,-54.0,,,,,0.97,370000000.0,,5.26e-10,72.7,,1.6,89174.4,142679.04,branched,methanol,60,24,high,"24h low vac, then 10^-8 Torr",https://doi.org/unpublished 1,"Schauser, N. S.; Richardson, P. M.; Nikolaev, A.; Cooke, P.; Kliegle, G. A.; Susca, E. M.; Johnson, K.; Wang, H.; Read de Alaniz, J.; Clement, R. J.; Segalman, R. A. Optimum in Ligand Density for Conductivity in Polymer Electrolytes. Submitted",C(F)(F)(F)S(=O)(=O)[N-]S(=O)(=O)C(F)(F)F
246,,"amide, imidazole",poly(vinyl methyl siloxane amide imidazole -co- vinyl methyl siloxane ethane),[Si](C)(CCSCCCC(=O)NCCN1C=NC=C1)O,O[Si](C)(CCSCC),71.0,,TFSI,0.071,0.05,7.13,-11.0,-16.0,,,,,no,,,,,,,1.85e-08,4.17e-08,8.76e-08,1.72e-07,3.2e-07,5.66e-07,9.58e-07,1.56e-06,2.45e-06,3.72e-06,5.51e-06,7.95e-06,1.12e-05,,,,,,,,,,,11.0,1744.0,-70.0,30,4.0,1489.0,-61.0,,,,,1.0,1300000000.0,,,,,1.6,89174.4,142679.04,branched,methanol,60,24,high,"24h low vac, then 10^-8 Torr",https://doi.org/unpublished 1,"Schauser, N. S.; Richardson, P. M.; Nikolaev, A.; Cooke, P.; Kliegle, G. A.; Susca, E. M.; Johnson, K.; Wang, H.; Read de Alaniz, J.; Clement, R. J.; Segalman, R. A. Optimum in Ligand Density for Conductivity in Polymer Electrolytes. Submitted",C(F)(F)(F)S(=O)(=O)[N-]S(=O)(=O)C(F)(F)F
247,,"amide, imidazole",poly(vinyl methyl siloxane amide imidazole -co- vinyl methyl siloxane ethane),[Si](C)(CCSCCCC(=O)NCCN1C=NC=C1)O,O[Si](C)(CCSCC),49.0,,TFSI,0.1,0.102,11.14,-11.0,-24.0,,,,,no,,,,,,,4.47e-08,9.44e-08,1.86e-07,3.46e-07,6.1e-07,1.03e-06,1.66e-06,2.59e-06,3.9e-06,5.72e-06,8.17e-06,1.14e-05,1.56e-05,,,,,,,,,,,5.6,1571.0,-69.0,30,2.4,1362.0,-61.0,,,,,0.92,110000000.0,,,,,1.6,76944.0,123110.4,branched,methanol,60,24,high,"24h low vac, then 10^-8 Torr",https://doi.org/unpublished 1,"Schauser, N. S.; Richardson, P. M.; Nikolaev, A.; Cooke, P.; Kliegle, G. A.; Susca, E. M.; Johnson, K.; Wang, H.; Read de Alaniz, J.; Clement, R. J.; Segalman, R. A. Optimum in Ligand Density for Conductivity in Polymer Electrolytes. Submitted",C(F)(F)(F)S(=O)(=O)[N-]S(=O)(=O)C(F)(F)F
248,,"amide, imidazole",poly(vinyl methyl siloxane amide imidazole -co- vinyl methyl siloxane ethane),[Si](C)(CCSCCCC(=O)NCCN1C=NC=C1)O,O[Si](C)(CCSCC),49.0,,TFSI,0.049,0.05,5.79,-19.0,-24.0,,,,,no,,,,,,,8.35e-08,1.55e-07,2.73e-07,4.61e-07,7.48e-07,1.17e-06,1.78e-06,2.64e-06,3.8e-06,5.36e-06,7.4e-06,1e-05,1.33e-05,,,,,,,,,,,5.9,1778.0,-87.0,30,1.2,1355.0,-69.0,,,,,0.8,1900000.0,,,,,1.6,76944.0,123110.4,branched,methanol,60,24,high,"24h low vac, then 10^-8 Torr",https://doi.org/unpublished 1,"Schauser, N. S.; Richardson, P. M.; Nikolaev, A.; Cooke, P.; Kliegle, G. A.; Susca, E. M.; Johnson, K.; Wang, H.; Read de Alaniz, J.; Clement, R. J.; Segalman, R. A. Optimum in Ligand Density for Conductivity in Polymer Electrolytes. Submitted",C(F)(F)(F)S(=O)(=O)[N-]S(=O)(=O)C(F)(F)F
249,,"amide, imidazole",poly(vinyl methyl siloxane amide imidazole -co- vinyl methyl siloxane ethane),[Si](C)(CCSCCCC(=O)NCCN1C=NC=C1)O,O[Si](C)(CCSCC),33.0,,TFSI,0.1,0.1515,12.41,-19.0,-34.0,,,,,no,,,,,,,6.28e-08,1.22e-07,2.22e-07,3.86e-07,6.41e-07,1.02e-06,1.57e-06,2.35e-06,3.41e-06,4.83e-06,6.68e-06,9.05e-06,1.2e-05,,,,,,,,,,,2.5,1531.0,-74.0,30,1.5,1403.0,-69.0,,,,,0.83,4300000.0,,,,,1.6,67872.0,108595.2,branched,methanol,60,24,high,"24h low vac, then 10^-8 Torr",https://doi.org/unpublished 1,"Schauser, N. S.; Richardson, P. M.; Nikolaev, A.; Cooke, P.; Kliegle, G. A.; Susca, E. M.; Johnson, K.; Wang, H.; Read de Alaniz, J.; Clement, R. J.; Segalman, R. A. Optimum in Ligand Density for Conductivity in Polymer Electrolytes. Submitted",C(F)(F)(F)S(=O)(=O)[N-]S(=O)(=O)C(F)(F)F
250,,"amide, imidazole",poly(vinyl methyl siloxane amide imidazole -co- vinyl methyl siloxane ethane),[Si](C)(CCSCCCC(=O)NCCN1C=NC=C1)O,O[Si](C)(CCSCC),33.0,,TFSI,0.033,0.05,4.47,-28.0,-34.0,,,,,no,,,,,,,1.22e-07,2.18e-07,3.71e-07,6.03e-07,9.41e-07,1.42e-06,2.07e-06,2.95e-06,4.09e-06,5.54e-06,7.36e-06,9.59e-06,1.23e-05,,,,,,,,,,,0.78,1326.0,-73.0,30,1.1,1423.0,-78.0,,,,,0.73,170000.0,,,,,1.6,67872.0,108595.2,branched,methanol,60,24,high,"24h low vac, then 10^-8 Torr",https://doi.org/unpublished 1,"Schauser, N. S.; Richardson, P. M.; Nikolaev, A.; Cooke, P.; Kliegle, G. A.; Susca, E. M.; Johnson, K.; Wang, H.; Read de Alaniz, J.; Clement, R. J.; Segalman, R. A. Optimum in Ligand Density for Conductivity in Polymer Electrolytes. Submitted",C(F)(F)(F)S(=O)(=O)[N-]S(=O)(=O)C(F)(F)F
251,,"amide, imidazole",poly(vinyl methyl siloxane amide imidazole -co- vinyl methyl siloxane ethane),[Si](C)(CCSCCCC(=O)NCCN1C=NC=C1)O,O[Si](C)(CCSCC),29.0,,TFSI,0.1,0.1725,12.78,-20.0,-39.0,,,,,no,,,,,,,5.73e-08,1.08e-07,1.95e-07,3.36e-07,5.56e-07,8.9e-07,1.38e-06,2.08e-06,3.06e-06,4.38e-06,6.16e-06,8.48e-06,1.15e-05,,,,0.177,72.7,PFG NMR,,,,,11.9,1978.0,-91.0,30,1.7,1438.0,-70.0,,,,,0.83,5200000.0,,6.17e-10,72.7,,1.6,65856.0,105369.6,branched,methanol,60,24,high,"24h low vac, then 10^-8 Torr",https://doi.org/unpublished 1,"Schauser, N. S.; Richardson, P. M.; Nikolaev, A.; Cooke, P.; Kliegle, G. A.; Susca, E. M.; Johnson, K.; Wang, H.; Read de Alaniz, J.; Clement, R. J.; Segalman, R. A. Optimum in Ligand Density for Conductivity in Polymer Electrolytes. Submitted",C(F)(F)(F)S(=O)(=O)[N-]S(=O)(=O)C(F)(F)F
252,,"amide, imidazole",poly(vinyl methyl siloxane amide imidazole -co- vinyl methyl siloxane ethane),[Si](C)(CCSCCCC(=O)NCCN1C=NC=C1)O,O[Si](C)(CCSCC),20.0,,TFSI,0.1,0.25,13.68,-31.0,-52.0,,,,,no,,,,,,,9.81e-08,1.69e-07,2.79e-07,4.46e-07,6.91e-07,1.04e-06,1.53e-06,2.19e-06,3.07e-06,4.23e-06,5.71e-06,7.6e-06,9.95e-06,,,,,,,,,,,5.7,1975.0,-101.0,30,1.1,1491.0,-81.0,,,,,0.73,140000.0,,,,,1.6,60816.0,97305.6,branched,methanol,60,24,high,"24h low vac, then 10^-8 Torr",https://doi.org/unpublished 1,"Schauser, N. S.; Richardson, P. M.; Nikolaev, A.; Cooke, P.; Kliegle, G. A.; Susca, E. M.; Johnson, K.; Wang, H.; Read de Alaniz, J.; Clement, R. J.; Segalman, R. A. Optimum in Ligand Density for Conductivity in Polymer Electrolytes. Submitted",C(F)(F)(F)S(=O)(=O)[N-]S(=O)(=O)C(F)(F)F
253,,"amide, imidazole",poly(vinyl methyl siloxane amide imidazole -co- vinyl methyl siloxane ethane),[Si](C)(CCSCCCC(=O)NCCN1C=NC=C1)O,O[Si](C)(CCSCC),7.0,,TFSI,0.007,0.05,1.24,-80.0,-80.0,,,,,no,,,,,,,1.27e-07,1.77e-07,2.41e-07,3.22e-07,4.24e-07,5.49e-07,7.03e-07,8.87e-07,1.11e-06,1.37e-06,1.67e-06,2.02e-06,2.42e-06,,,,,,,,,,,0.16,1810.0,-131.0,30,0.15,1782.0,-130.0,,,,,0.46,7.0,,,,,1.6,53625.6,85800.96,branched,methanol,60,24,high,"24h low vac, then 10^-8 Torr",https://doi.org/unpublished 1,"Schauser, N. S.; Richardson, P. M.; Nikolaev, A.; Cooke, P.; Kliegle, G. A.; Susca, E. M.; Johnson, K.; Wang, H.; Read de Alaniz, J.; Clement, R. J.; Segalman, R. A. Optimum in Ligand Density for Conductivity in Polymer Electrolytes. Submitted",C(F)(F)(F)S(=O)(=O)[N-]S(=O)(=O)C(F)(F)F
254,,"amide, imidazole",poly(vinyl methyl siloxane amide imidazole -co- vinyl methyl siloxane ethane),[Si](C)(CCSCCCC(=O)NCCN1C=NC=C1)O,O[Si](C)(CCSCC),7.0,,TFSI,0.05,0.357,8.25,-81.0,-80.0,,,,,no,,,,,,,5.86e-08,8.46e-08,1.2e-07,1.69e-07,2.33e-07,3.17e-07,4.27e-07,5.69e-07,7.49e-07,9.76e-07,1.26e-06,1.61e-06,2.04e-06,,,,,,,,,,,34.0,3904.0,-195.0,30,0.67,2165.0,-131.0,,,,,0.56,125.0,,,,,1.6,53625.6,85800.96,branched,methanol,60,24,high,"24h low vac, then 10^-8 Torr",https://doi.org/unpublished 1,"Schauser, N. S.; Richardson, P. M.; Nikolaev, A.; Cooke, P.; Kliegle, G. A.; Susca, E. M.; Johnson, K.; Wang, H.; Read de Alaniz, J.; Clement, R. J.; Segalman, R. A. Optimum in Ligand Density for Conductivity in Polymer Electrolytes. Submitted",C(F)(F)(F)S(=O)(=O)[N-]S(=O)(=O)C(F)(F)F
255,,"amide, imidazole",poly(vinyl methyl siloxane amide imidazole -co- vinyl methyl siloxane ethane),[Si](C)(CCSCCCC(=O)NCCN1C=NC=C1)O,O[Si](C)(CCSCC),7.0,,TFSI,0.1,0.7145,15.25,-65.0,-80.0,,,,,yes,,,,,,,4.11e-08,6.82e-08,1.09e-07,1.69e-07,2.55e-07,3.73e-07,5.34e-07,7.47e-07,1.02e-06,1.38e-06,1.83e-06,2.38e-06,3.06e-06,,,,,,,,,,,0.86,1830.0,-100.0,30,2.5,2179.0,-115.0,,,,,0.68,8993.0,,,,,1.6,53625.6,85800.96,branched,methanol,60,24,high,"24h low vac, then 10^-8 Torr",https://doi.org/unpublished 1,"Schauser, N. S.; Richardson, P. M.; Nikolaev, A.; Cooke, P.; Kliegle, G. A.; Susca, E. M.; Johnson, K.; Wang, H.; Read de Alaniz, J.; Clement, R. J.; Segalman, R. A. Optimum in Ligand Density for Conductivity in Polymer Electrolytes. Submitted",C(F)(F)(F)S(=O)(=O)[N-]S(=O)(=O)C(F)(F)F
256,,"amide, imidazole",poly(vinyl methyl siloxane amide imidazole -co- vinyl methyl siloxane phenyl),[Si](C)(CCSCCCC(=O)NCCN1C=NC=C1)O,[Si](C)(CCSCCCCCCCC1=CC=CC=C1)O,72.0,,TFSI,0.1,0.0695,8.53,-13.0,-19.0,,,,,no,,,,,,,2.89e-08,6.36e-08,1.28e-07,2.37e-07,4.13e-07,6.8e-07,1.07e-06,1.61e-06,2.34e-06,3.3e-06,4.53e-06,6.06e-06,7.93e-06,,,,,,,,,,,0.22,991.0,-46.0,30,1.1,1349.0,-63.0,,,,,0.87,13000000.0,,,,,1.3,67760.0,88088.0,branched,methanol,60,24,high,"24h low vac, then 10^-8 Torr",https://doi.org/unpublished 1,"Schauser, N. S.; Richardson, P. M.; Nikolaev, A.; Cooke, P.; Kliegle, G. A.; Susca, E. M.; Johnson, K.; Wang, H.; Read de Alaniz, J.; Clement, R. J.; Segalman, R. A. Optimum in Ligand Density for Conductivity in Polymer Electrolytes. Submitted",C(F)(F)(F)S(=O)(=O)[N-]S(=O)(=O)C(F)(F)F
257,,"amide, imidazole",poly(vinyl methyl siloxane amide imidazole -co- vinyl methyl siloxane phenyl),[Si](C)(CCSCCCC(=O)NCCN1C=NC=C1)O,[Si](C)(CCSCCCCCCCC1=CC=CC=C1)O,40.0,,TFSI,0.1,0.125,8.69,,-36.0,,,,,no,,,,,,,2.53e-08,5.05e-08,9.58e-08,1.73e-07,3e-07,5e-07,8.05e-07,1.26e-06,1.91e-06,2.82e-06,4.08e-06,5.77e-06,8e-06,,,,,,,,,,,19.0,2112.0,-90.0,30,,,,,,,,0.9,32000000.0,,,,,1.3,66440.0,86372.0,branched,methanol,60,24,high,"24h low vac, then 10^-8 Torr",https://doi.org/unpublished 1,"Schauser, N. S.; Richardson, P. M.; Nikolaev, A.; Cooke, P.; Kliegle, G. A.; Susca, E. M.; Johnson, K.; Wang, H.; Read de Alaniz, J.; Clement, R. J.; Segalman, R. A. Optimum in Ligand Density for Conductivity in Polymer Electrolytes. Submitted",C(F)(F)(F)S(=O)(=O)[N-]S(=O)(=O)C(F)(F)F
258,,"amide, imidazole",poly(vinyl methyl siloxane amide imidazole -co- vinyl methyl siloxane phenyl),[Si](C)(CCSCCCC(=O)NCCN1C=NC=C1)O,[Si](C)(CCSCCCCCCCC1=CC=CC=C1)O,14.0,,TFSI,0.1,0.357,8.82,-62.0,-61.0,,,,,no,,,,,,,1.03e-08,1.86e-08,3.2e-08,5.32e-08,8.52e-08,1.33e-07,2e-07,2.96e-07,4.26e-07,6.01e-07,8.31e-07,1.13e-06,1.51e-06,,,,,,,,,,,1.8,2101.0,-100.0,30,4.8,2424.0,-112.0,,,,,0.78,120000.0,,,,,1.3,65340.0,84942.0,branched,methanol,60,24,high,"24h low vac, then 10^-8 Torr",https://doi.org/unpublished 1,"Schauser, N. S.; Richardson, P. M.; Nikolaev, A.; Cooke, P.; Kliegle, G. A.; Susca, E. M.; Johnson, K.; Wang, H.; Read de Alaniz, J.; Clement, R. J.; Segalman, R. A. Optimum in Ligand Density for Conductivity in Polymer Electrolytes. Submitted",C(F)(F)(F)S(=O)(=O)[N-]S(=O)(=O)C(F)(F)F
259,amide-free paper,imidazole,poly(vinyl methyl siloxane imidazole),[Si](C)(CCSCCCCCCCN1C=NC=C1)O,[Si](C)(CCSCCCCCCCN1C=NC=C1)O,100.0,1.0,TFSI,0.03,0.03,,-22.0,-44.0,,,,,no,,,,,,,6.81e-07,1.08e-06,1.64e-06,2.41e-06,3.44e-06,4.79e-06,6.52e-06,8.69e-06,1.14e-05,1.46e-05,1.85e-05,2.31e-05,2.84e-05,,,,,,,,,,,0.82,1282.0,-85.0,30,0.37,1058.0,-72.0,,,,,0.57,2848.0,,,,,1.3,65340.0,84942.0,branched,methanol,60,24,high,"24h low vac, then 10^-8 Torr",https://doi.org/unpublished 2,"Schauser, N. S.; Nikolaev, A.; Richardson, P. M.; Xie, S.; Johnson, K.; Susca, E. M.; Wang, H.; Seshadri, R.; Clement, R. J.; Read de Alaniz, J.; Segalman, R. A. The Glass Transition Temperature and Ion Binding Determine Conductivity and Lithium-Ion Transport in Polymer Electrolytes. ACS Macro Lett. 2020, 10, 104�109.",C(F)(F)(F)S(=O)(=O)[N-]S(=O)(=O)C(F)(F)F
260,,imidazole,poly(vinyl methyl siloxane imidazole),[Si](C)(CCSCCCCCCCN1C=NC=C1)O,[Si](C)(CCSCCCCCCCN1C=NC=C1)O,100.0,1.0,TFSI,0.3,0.3,,7.0,-44.0,,,,,no,,,,,,,1.93e-08,5.02e-08,1.17e-07,2.51e-07,4.96e-07,9.22e-07,1.62e-06,2.7e-06,4.32e-06,6.66e-06,9.93e-06,1.44e-05,2.02e-05,,,,0.46,72.7,PFG NMR,,,,,5.2,1340.0,-51.0,30,2.1,1147.0,-43.0,,,,,1.05,9300000000.0,,1.68e-10,72.7,,1.3,65340.0,84942.0,branched,methanol,60,24,high,"24h low vac, then 10^-8 Torr",https://doi.org/unpublished 2,"Schauser, N. S.; Nikolaev, A.; Richardson, P. M.; Xie, S.; Johnson, K.; Susca, E. M.; Wang, H.; Seshadri, R.; Clement, R. J.; Read de Alaniz, J.; Segalman, R. A. The Glass Transition Temperature and Ion Binding Determine Conductivity and Lithium-Ion Transport in Polymer Electrolytes. ACS Macro Lett. 2020, 10, 104�109.",C(F)(F)(F)S(=O)(=O)[N-]S(=O)(=O)C(F)(F)F
261,does interesting molar conductivity comparison,ether,PEO,COC,COC,100.0,1.0,CF3SO3,,0.25,,,,,,,,yes,,,,,,,3.8e-09,1.05e-08,2.8e-08,7.25e-08,1.83e-07,2.8e-07,4.23e-07,6.32e-07,9.32e-07,1.36e-06,1.96e-06,2.8e-06,3.97e-06,7.72e-06,1.45e-05,,,,,,,,,0.13,857.0,-29.0,all temps,,,,,0.7618,1.63,5.5e+18,0.778,250000.0,split 3.0936,,,,,,900.0,linear,acetonitrile,100,48,yes,,https://doi.org/10.1149/1.2108569,"C. D. Robitaille and D. Fauteux, J. Electrochem. Soc., 1986, 133, 315-325.",C(F)(F)(F)S(=O)(=O)[O-]
262,,ether,PEO,COC,COC,100.0,1.0,CF3SO3,,0.2,,,,,,,,yes,,,,,,,,,8.86e-09,2.39e-08,6.26e-08,3.59e-07,5.42e-07,8.09e-07,1.19e-06,1.74e-06,2.5e-06,3.57e-06,5.05e-06,9.81e-06,1.84e-05,4.46e-05,,,,,,,,9100000.0,9180.0,-273.15,56,,,,,0.74032,1.71,2.4e+19,0.775,290000.0,split 3.03855,,,,,,900.0,linear,acetonitrile,100,48,yes,,https://doi.org/10.1149/1.2108569,"C. D. Robitaille and D. Fauteux, J. Electrochem. Soc., 1986, 133, 315-325.",C(F)(F)(F)S(=O)(=O)[O-]
263,,ether,PEO,COC,COC,100.0,1.0,CF3SO3,,0.166666667,,,,,,,,yes,,,,,,,3.53e-09,1.01e-08,2.77e-08,7.4e-08,1.91e-07,1.01e-06,1.44e-06,2.03e-06,2.83e-06,3.9e-06,5.34e-06,7.24e-06,9.73e-06,1.72e-05,2.94e-05,6.27e-05,,,,,,,,490000.0,7882.0,-273.15,57,,,,,0.63735,1.69,3.7e+19,0.6636,16000.0,split 3.028,,,,,,900.0,linear,acetonitrile,100,48,yes,,https://doi.org/10.1149/1.2108569,"C. D. Robitaille and D. Fauteux, J. Electrochem. Soc., 1986, 133, 315-325.",C(F)(F)(F)S(=O)(=O)[O-]
264,,ether,PEO,COC,COC,100.0,1.0,CF3SO3,,0.142857143,,,,,,,,yes,,,8.72e-09,,1.71e-08,,3.28e-08,6.17e-08,1.14e-07,2.05e-07,3.64e-07,6.35e-07,3.84e-06,5.23e-06,7.08e-06,9.49e-06,1.26e-05,1.66e-05,2.18e-05,3.65e-05,5.96e-05,0.00011858,,,,,,,,160000.0,7184.0,-273.15,58,,,,,0.57744,1.02,2500000000.0,0.6003,5100.0,split 3.016,,,,,,900.0,linear,acetonitrile,100,48,yes,,https://doi.org/10.1149/1.2108569,"C. D. Robitaille and D. Fauteux, J. Electrochem. Soc., 1986, 133, 315-325.",C(F)(F)(F)S(=O)(=O)[O-]
265,,ether,PEO,COC,COC,100.0,1.0,CF3SO3,,0.125,,,,,,,,yes,,,,,1.16e-08,,2.87e-08,6.9e-08,1.61e-07,3.67e-07,8.14e-07,6e-06,8.55e-06,1.21e-05,1.68e-05,2.33e-05,3.19e-05,4.33e-05,5.83e-05,0.000103191,0.000177337,0.000379656,,,,,,,,1600000.0,7417.0,-261.0,56,,,,,0.66296,1.41,8500000000000000.0,0.667,110000.0,split 3.04,,,,,,900.0,linear,acetonitrile,100,48,yes,,https://doi.org/10.1149/1.2108569,"C. D. Robitaille and D. Fauteux, J. Electrochem. Soc., 1986, 133, 315-325.",C(F)(F)(F)S(=O)(=O)[O-]
266,,ether,PEO,COC,COC,100.0,1.0,CF3SO3,,0.083333333,,,,,,,,yes,,,1.4e-08,,3.4e-08,,8.02e-08,1.84e-07,4.11e-07,8.95e-07,1.9e-06,1.21e-05,1.81e-05,2.68e-05,3.91e-05,5.65e-05,8.08e-05,0.000114396,0.000160394,0.000306859,0.000567523,0.001347097,,,,,,,,170000000.0,8974.0,-273.15,56,,,,,0.72295,1.337,1300000000000000.0,0.758,5200000.0,split 3.035,,,,,,900.0,linear,acetonitrile,100,48,yes,,https://doi.org/10.1149/1.2108569,"C. D. Robitaille and D. Fauteux, J. Electrochem. Soc., 1986, 133, 315-325.",C(F)(F)(F)S(=O)(=O)[O-]
267,,ether,PEO,COC,COC,100.0,1.0,CF3SO3,,0.05,,,,,,,,yes,,,2.34e-08,,5.22e-08,,1.13e-07,2.4e-07,4.98e-07,1.01e-06,1.99e-06,3.86e-06,3.06e-05,4.59e-05,6.82e-05,0.000100065,0.000145268,0.000208707,0.000296873,0.000583896,0.001108576,0.00273015,,,,,,,,860000000.0,9350.0,-273.15,58,,,,,0.68461,1.21,15000000000000.0,0.79,27000000.0,split 3.0197,,,,,,900.0,linear,acetonitrile,100,48,yes,,https://doi.org/10.1149/1.2108569,"C. D. Robitaille and D. Fauteux, J. Electrochem. Soc., 1986, 133, 315-325.",C(F)(F)(F)S(=O)(=O)[O-]
268,,ether,PEO,COC,COC,100.0,1.0,CF3SO3,,0.027777778,,,,,,,,yes,,,,,,,,,,,1.15e-08,2.78e-08,2.68e-06,4.04e-06,6.03e-06,8.88e-06,1.29e-05,1.87e-05,2.67e-05,5.28e-05,0.000100913,0.000250873,,,,,,,,6100000.0,7500.0,-233.5,59,,,,,0.73099,1.61,1.6e+17,0.798,3200000.0,split 3.012,,,,,,900.0,linear,acetonitrile,100,48,yes,,https://doi.org/10.1149/1.2108569,"C. D. Robitaille and D. Fauteux, J. Electrochem. Soc., 1986, 133, 315-325.",C(F)(F)(F)S(=O)(=O)[O-]
269,,ether,PEO,COC,COC,100.0,1.0,CF3SO3,,0.01,,,,,,,,yes,,,2.78e-08,,5.81e-08,,1.19e-07,2.37e-07,4.62e-07,8.82e-07,1.65e-06,3.04e-06,5.48e-06,0.000127869,0.000164906,0.000211123,0.000268408,0.000338957,0.000425308,0.0006575,0.000993603,0.001775413,,,,,,,,160000.0,6090.0,-273.15,66,,,,,0.51974,1.11,360000000000.0,0.509,4900.0,split 2.945,,,,,,900.0,linear,acetonitrile,100,48,yes,,https://doi.org/10.1149/1.2108569,"C. D. Robitaille and D. Fauteux, J. Electrochem. Soc., 1986, 133, 315-325.",C(F)(F)(F)S(=O)(=O)[O-]
270,,ether,PEO,COC,COC,100.0,1.0,ClO4,,0.333333333,,,,,,,,yes,,,,,,,,,,,,,,,,,8.46e-09,1.46e-08,2.49e-08,6.89e-08,1.81e-07,7.04e-07,,,,,,,,27000000000.0,14000.0,-273.15,"all temps, arrhenius",,,,,1.1995,,,1.19,830000000.0,entire range,,,,,,900.0,linear,acetonitrile,100,48,yes,,https://doi.org/10.1149/1.2108569,"C. D. Robitaille and D. Fauteux, J. Electrochem. Soc., 1986, 133, 315-325.",[O-]Cl(=O)(=O)=O
271,,ether,PEO,COC,COC,100.0,1.0,ClO4,,0.25,,,,,,,,yes,,,,,,,,,1.09e-08,3.37e-08,1.01e-07,2.93e-07,8.22e-07,2.24e-06,8.15e-06,1.11e-05,1.5e-05,2.01e-05,2.67e-05,4.61e-05,7.73e-05,0.000159999,,,,,,,,170000.0,6685.0,-251.0,72,,,,,0.62907,1.94,2.1e+23,0.637,19000.0,split 2.8934,,,,,,900.0,linear,acetonitrile,100,48,yes,,https://doi.org/10.1149/1.2108569,"C. D. Robitaille and D. Fauteux, J. Electrochem. Soc., 1986, 133, 315-325.",[O-]Cl(=O)(=O)=O
272,,ether,PEO,COC,COC,100.0,1.0,ClO4,,0.2,,,,,,,,yes,,,,,,,,,,,7.42e-09,3.11e-08,1.25e-07,4.83e-07,1.79e-06,6.4e-06,1.69e-05,2.51e-05,3.69e-05,7.72e-05,0.000155223,0.000414556,,,,,,,,10000000.0,7013.0,-210.0,78,,,,,0.79909,2.62,5.7000000000000005e+32,0.86,33000000.0,split 2.845,,,,,,900.0,linear,acetonitrile,100,48,yes,,https://doi.org/10.1149/1.2108569,"C. D. Robitaille and D. Fauteux, J. Electrochem. Soc., 1986, 133, 315-325.",[O-]Cl(=O)(=O)=O
273,,ether,PEO,COC,COC,100.0,1.0,ClO4,,0.166666667,,,,,,,,yes,,,,,,,6.62e-09,2.4e-08,8.33e-08,2.78e-07,8.95e-07,2.78e-06,8.34e-06,2.42e-05,8.95e-05,0.000121669,0.000164006,0.000219239,0.000290739,0.00049983,0.000835235,,,,,,,,,130000.0,5030.0,-207.0,72,,,,,0.66188,2.07,1.8e+26,0.63,180000.0,split 2.8979,,,,,,900.0,linear,acetonitrile,100,48,yes,,https://doi.org/10.1149/1.2108569,"C. D. Robitaille and D. Fauteux, J. Electrochem. Soc., 1986, 133, 315-325.",[O-]Cl(=O)(=O)=O
274,,ether,PEO,COC,COC,100.0,1.0,ClO4,,0.142857143,,,,,,,,yes,,,,,,,1.74e-08,4.47e-08,1.12e-07,2.71e-07,6.39e-07,1.47e-06,3.29e-06,7.2e-06,1.54e-05,0.000109263,0.00015431,0.00021584,0.000299127,0.000559642,0.001013287,,,,,,,,,840000.0,5372.0,-196.0,75,,,,,0.6019,1.52,3.4e+17,0.73,4200000.0,split 2.875,,,,,,900.0,linear,acetonitrile,100,48,yes,,https://doi.org/10.1149/1.2108569,"C. D. Robitaille and D. Fauteux, J. Electrochem. Soc., 1986, 133, 315-325.",[O-]Cl(=O)(=O)=O
275,,ether,PEO,COC,COC,100.0,1.0,ClO4,,0.125,,,,,,,,yes,,,,,,,1.19e-08,4.57e-08,1.68e-07,5.95e-07,2.02e-06,6.63e-06,2.1e-05,7.7e-05,0.000115142,0.000170231,0.000248906,0.000360101,0.000515701,0.001027553,0.001975067,0.004949036,,,,,,,,8.1,601.0,-2.0,65,,,,,0.96155,2.17,1.3e+28,0.95,10000000000.0,"split 2.9592, high T end 2.6845",,,,,,900.0,linear,acetonitrile,100,48,yes,,https://doi.org/10.1149/1.2108569,"C. D. Robitaille and D. Fauteux, J. Electrochem. Soc., 1986, 133, 315-325.",[O-]Cl(=O)(=O)=O
276,,ether,PEO,COC,COC,100.0,1.0,ClO4,,0.083333333,,,,,,,,yes,,,8.81e-09,,3.43e-08,,1.28e-07,4.55e-07,1.56e-06,5.14e-06,1.63e-05,0.000192034,0.000256491,0.000339663,0.00044614,0.000581422,0.000752065,0.000965825,0.001231828,0.001964983,0.003059013,0.005699156,,,,,,,,0.285,130.0,31.0,52,,,,,0.51912,2.05,1.4000000000000002e+27,0.55,46000.0,"split 3.0257, 3.0709",,,,,,900.0,linear,acetonitrile,100,48,yes,,https://doi.org/10.1149/1.2108569,"C. D. Robitaille and D. Fauteux, J. Electrochem. Soc., 1986, 133, 315-325.",[O-]Cl(=O)(=O)=O
277,,ether,PEO,COC,COC,100.0,1.0,ClO4,,0.05,,,,,,,,yes,,,,,1.48e-08,,5.95e-08,2.29e-07,8.43e-07,2.98e-06,1.01e-05,0.000110964,0.000218396,0.00035391,0.000507737,0.000671508,0.000838878,0.001005361,0.001167942,0.001474474,0.001751051,,,,,,,,,0.13,104.0,30.0,57,,,,,0.26686,2.17,6.6e+28,0.45,1700.0,"split 3.0302, 3.0558",,,,,,900.0,linear,acetonitrile,100,48,yes,,https://doi.org/10.1149/1.2108569,"C. D. Robitaille and D. Fauteux, J. Electrochem. Soc., 1986, 133, 315-325.",[O-]Cl(=O)(=O)=O
278,,ether,PEO,COC,COC,100.0,1.0,ClO4,,0.025,,,,,,,,yes,,,1.58e-08,,4.65e-08,,1.32e-07,3.62e-07,9.62e-07,2.48e-06,6.2e-06,1.51e-05,0.000139334,0.000262946,0.000404127,0.00055067,0.000695021,0.000832976,0.000962454,0.001193454,0.001388415,,,,,,,,,0.075,72.0,39.0,59,,,,,0.27349,1.62,1.4e+20,0.5,7300.0,"split 3.0136, 3.0408",,,,,,900.0,linear,acetonitrile,100,48,yes,,https://doi.org/10.1149/1.2108569,"C. D. Robitaille and D. Fauteux, J. Electrochem. Soc., 1986, 133, 315-325.",[O-]Cl(=O)(=O)=O
279,,ether,PEO,COC,COC,100.0,1.0,ClO4,,0.01,,,,,,,,yes,,,8.3e-08,,2.19e-07,,5.6e-07,1.39e-06,3.34e-06,7.82e-06,1.78e-05,3.97e-05,6.25e-05,7.57e-05,8.92e-05,0.000102789,0.000116369,0.000129798,0.000142986,0.000168388,0.000192234,,,,,,,,,0.017,169.0,-3.0,56,,,,,0.23332,1.46,1.1e+18,0.25,0.36,split 3.0332,,,,,,900.0,linear,acetonitrile,100,48,yes,,https://doi.org/10.1149/1.2108569,"C. D. Robitaille and D. Fauteux, J. Electrochem. Soc., 1986, 133, 315-325.",[O-]Cl(=O)(=O)=O
280,,ether,PEO,COC,COC,100.0,1.0,AsF6,,0.25,,,,,,,,yes,,,,,,,,,,,,,,,,,1.58e-08,3.61e-08,8.04e-08,3.7e-07,1.56e-06,1.15e-05,,,,,,,,2.4e+16,16000.0,-232.0,all temps,,,,,,,,1.78,3.6e+17,entire range,,,,,,900.0,linear,acetonitrile,100,48,yes,,https://doi.org/10.1149/1.2108569,"C. D. Robitaille and D. Fauteux, J. Electrochem. Soc., 1986, 133, 315-325.",F[As-](F)(F)(F)(F)F
281,,ether,PEO,COC,COC,100.0,1.0,AsF6,,0.125,,,,,,,,yes,,,,,1.66e-08,,4.17e-08,1.02e-07,2.41e-07,5.55e-07,1.25e-06,6.01e-06,8.79e-06,1.27e-05,1.82e-05,2.58e-05,3.61e-05,5.02e-05,6.91e-05,0.000127506,0.000227827,,,,,,,,,19000000.0,8500.0,-273.15,54,,,,,0.72334,1.43,3e+16,0.716,600000.0,split 3.06,,,,,,900.0,linear,acetonitrile,100,48,yes,,https://doi.org/10.1149/1.2108569,"C. D. Robitaille and D. Fauteux, J. Electrochem. Soc., 1986, 133, 315-325.",F[As-](F)(F)(F)(F)F
282,,ether,PEO,COC,COC,100.0,1.0,AsF6,,0.083333333,,,,,,,,yes,,,,,1.08e-08,,3.69e-08,1.21e-07,3.83e-07,1.17e-06,3.43e-06,3.4e-05,4.98e-05,7.22e-05,0.000103451,0.0001468,0.000206258,0.000287059,0.000395895,0.000733792,0.001316972,0.002996807,,,,,,,,120000000.0,8540.0,-273.15,57,,,,,0.70503,1.9,2.3e+24,0.72,4000000.0,split 3.027,,,,,,900.0,linear,acetonitrile,100,48,yes,,https://doi.org/10.1149/1.2108569,"C. D. Robitaille and D. Fauteux, J. Electrochem. Soc., 1986, 133, 315-325.",F[As-](F)(F)(F)(F)F
283,,ether,PEO,COC,COC,100.0,1.0,AsF6,,0.05,,,,,,,,yes,,,,,,,5.95e-09,3.03e-08,1.46e-07,6.73e-07,2.95e-06,1.24e-05,0.00024778,0.000350041,0.000489552,0.000678102,0.000930646,0.001266003,0.001707674,0.003033165,0.005228341,,,,,,,,,110000000.0,7960.0,-273.15,58,,,,,0.62888,2.62,2.2e+35,0.67,3500000.0,split 3.02,,,,,,900.0,linear,acetonitrile,100,48,yes,,https://doi.org/10.1149/1.2108569,"C. D. Robitaille and D. Fauteux, J. Electrochem. Soc., 1986, 133, 315-325.",F[As-](F)(F)(F)(F)F
284,,ether,PEO,COC,COC,100.0,1.0,AsF6,,0.027777778,,,,,,,,yes,,,,,,,2.55e-09,1.35e-08,6.81e-08,3.26e-07,1.48e-06,6.46e-06,0.0002407,0.000312807,0.000403424,0.000516502,0.000656667,0.000829289,0.001040581,0.001608759,0.002431224,,,,,,,,,370000.0,6082.0,-273.15,58,,,,,0.47598,2.688,1.2e+36,0.509,12000.0,split 3.02,,,,,,900.0,linear,acetonitrile,100,48,yes,,https://doi.org/10.1149/1.2108569,"C. D. Robitaille and D. Fauteux, J. Electrochem. Soc., 1986, 133, 315-325.",F[As-](F)(F)(F)(F)F
285,,ether,PEO,COC,COC,100.0,1.0,AsF6,,0.01,,,,,,,,yes,,,1.61e-08,,4.47e-08,,1.2e-07,3.11e-07,7.85e-07,1.92e-06,4.58e-06,1.06e-05,0.000444073,0.000524547,0.000616604,0.000721458,0.000840397,0.000974783,0.001126049,0.001485315,,,,,,,,,,124.0,2546.0,-204.0,60,,,,,0.62336,1.537,4.4e+18,0.32,34.6,split 3.002,,,,,,900.0,linear,acetonitrile,100,48,yes,,https://doi.org/10.1149/1.2108569,"C. D. Robitaille and D. Fauteux, J. Electrochem. Soc., 1986, 133, 315-325.",F[As-](F)(F)(F)(F)F
286,high purity versus commercial peo,ether,PEO,COC,COC,100.0,1.0,CF3SO3,,0.125,,,,,,,,yes,,,,,,,,,,,,,,,,,,2.44e-05,,,,0.0002162,,,,,,,,,,,,,,,,0.63322,,,,,"only two temperatures, so can't fit easily",,,,,,1000.0,linear,acetonitrile,,,none,,https://doi.org/10.1016/0167-2738(88)90305-0,"D. Fauteux, J. Prud'Homme and P. E. Harvey, Solid State Ionics, 1988, 28-30(2), 923-928.",C(F)(F)(F)S(=O)(=O)[O-]
287,narrower PDI with no low MW tail,ether,PEO,COC,COC,100.0,1.0,CF3SO3,,0.083333333,,,,,,,,yes,,,,,,,,,,,,,,,,,,3.82e-05,,,,0.00034712,,,,,,,,,,,,,,,,0.66075,,,,,,,,,,,1000.0,linear,acetonitrile,,,none,,https://doi.org/10.1016/0167-2738(88)90305-0,"D. Fauteux, J. Prud'Homme and P. E. Harvey, Solid State Ionics, 1988, 28-30(2), 923-928.",C(F)(F)(F)S(=O)(=O)[O-]
288,"conductivity depends on purity, but activation energy doesn't",ether,PEO,COC,COC,100.0,1.0,CF3SO3,,0.05,,,,,,,,yes,,,,,,,,,,,,,,,,,,6.52e-05,,,,0.00048149,,,,,,,,,,,,,,,,0.58911,,,,,,,,,,,1000.0,linear,acetonitrile,,,none,,https://doi.org/10.1016/0167-2738(88)90305-0,"D. Fauteux, J. Prud'Homme and P. E. Harvey, Solid State Ionics, 1988, 28-30(2), 923-928.",C(F)(F)(F)S(=O)(=O)[O-]
289,,ether,PEO,COC,COC,100.0,1.0,CF3SO3,,0.01,,,,,,,,yes,,,,,,,,,,,,,,,,,,2.93e-05,,,,8.14e-05,,,,,,,,,,,,,,,,0.32136,,,,,,,,,,,1000.0,linear,acetonitrile,,,none,,https://doi.org/10.1016/0167-2738(88)90305-0,"D. Fauteux, J. Prud'Homme and P. E. Harvey, Solid State Ionics, 1988, 28-30(2), 923-928.",C(F)(F)(F)S(=O)(=O)[O-]
290,,ether,PEO,COC,COC,100.0,1.0,CF3SO3,,0.25,,,,,,,,yes,,,,,,,,,,,,,,,,,,2.45e-06,,,,3.92e-05,,,,,,,,,,,,,,,,0.75984,,,,,,,,,,,900.0,linear,acetonitrile,,,none,,https://doi.org/10.1016/0167-2738(88)90305-0,"D. Fauteux, J. Prud'Homme and P. E. Harvey, Solid State Ionics, 1988, 28-30(2), 923-928.",C(F)(F)(F)S(=O)(=O)[O-]
291,,ether,PEO,COC,COC,100.0,1.0,CF3SO3,,0.2,,,,,,,,yes,,,,,,,,,,,,,,,,,,3.66e-06,,,,5.03e-05,,,,,,,,,,,,,,,,0.74043,,,,,,,,,,,900.0,linear,acetonitrile,,,none,,https://doi.org/10.1016/0167-2738(88)90305-0,"D. Fauteux, J. Prud'Homme and P. E. Harvey, Solid State Ionics, 1988, 28-30(2), 923-928.",C(F)(F)(F)S(=O)(=O)[O-]
292,,ether,PEO,COC,COC,100.0,1.0,CF3SO3,,0.166666667,,,,,,,,yes,,,,,,,,,,,,,,,,,,7.1e-06,,,,7.24e-05,,,,,,,,,,,,,,,,0.63689,,,,,,,,,,,900.0,linear,acetonitrile,,,none,,https://doi.org/10.1016/0167-2738(88)90305-0,"D. Fauteux, J. Prud'Homme and P. E. Harvey, Solid State Ionics, 1988, 28-30(2), 923-928.",C(F)(F)(F)S(=O)(=O)[O-]
293,,ether,PEO,COC,COC,100.0,1.0,CF3SO3,,0.142857143,,,,,,,,yes,,,,,,,,,,,,,,,,,,1.64e-05,,,,0.00011678,,,,,,,,,,,,,,,,0.57558,,,,,,,,,,,900.0,linear,acetonitrile,,,none,,https://doi.org/10.1016/0167-2738(88)90305-0,"D. Fauteux, J. Prud'Homme and P. E. Harvey, Solid State Ionics, 1988, 28-30(2), 923-928.",C(F)(F)(F)S(=O)(=O)[O-]
294,,ether,PEO,COC,COC,100.0,1.0,CF3SO3,,0.125,,,,,,,,yes,,,,,,,,,,,,,,,,,,3.19e-05,,,,0.00023727,,,,,,,,,,,,,,,,0.62911,,,,,,,,,,,900.0,linear,acetonitrile,,,none,,https://doi.org/10.1016/0167-2738(88)90305-0,"D. Fauteux, J. Prud'Homme and P. E. Harvey, Solid State Ionics, 1988, 28-30(2), 923-928.",C(F)(F)(F)S(=O)(=O)[O-]
295,,ether,PEO,COC,COC,100.0,1.0,CF3SO3,,0.083333333,,,,,,,,yes,,,,,,,,,,,,,,,,,,0.00020589,,,,0.0018847,,,,,,,,,,,,,,,,0.72291,,,,,,,,,,,900.0,linear,acetonitrile,,,none,,https://doi.org/10.1016/0167-2738(88)90305-0,"D. Fauteux, J. Prud'Homme and P. E. Harvey, Solid State Ionics, 1988, 28-30(2), 923-928.",C(F)(F)(F)S(=O)(=O)[O-]
296,,ether,PEO,COC,COC,100.0,1.0,CF3SO3,,0.05,,,,,,,,yes,,,,,,,,,,,,,,,,,,0.00019895,,,,0.0027583,,,,,,,,,,,,,,,,0.68732,,,,,,,,,,,900.0,linear,acetonitrile,,,none,,https://doi.org/10.1016/0167-2738(88)90305-0,"D. Fauteux, J. Prud'Homme and P. E. Harvey, Solid State Ionics, 1988, 28-30(2), 923-928.",C(F)(F)(F)S(=O)(=O)[O-]
297,,ether,PEO,COC,COC,100.0,1.0,CF3SO3,,0.027777778,,,,,,,,yes,,,,,,,,,,,,,,,,,,1.73e-05,,,,0.00026323,,,,,,,,,,,,,,,,0.73042,,,,,,,,,,,900.0,linear,acetonitrile,,,none,,https://doi.org/10.1016/0167-2738(88)90305-0,"D. Fauteux, J. Prud'Homme and P. E. Harvey, Solid State Ionics, 1988, 28-30(2), 923-928.",C(F)(F)(F)S(=O)(=O)[O-]
298,,ether,PEO,COC,COC,100.0,1.0,CF3SO3,,0.01,,,,,,,,yes,,,,,,,,,,,,,,,,,,0.00030558,,,,0.0018187,,,,,,,,,,,,,,,,0.52206,,,,,,,,,,,900.0,linear,acetonitrile,,,none,,https://doi.org/10.1016/0167-2738(88)90305-0,"D. Fauteux, J. Prud'Homme and P. E. Harvey, Solid State Ionics, 1988, 28-30(2), 923-928.",C(F)(F)(F)S(=O)(=O)[O-]
299,,ether,PEO,COC,COC,100.0,1.0,ClO4,,0.125,,,,,,,,yes,,,,,,,,,,,,,,,,,,,,,,0.00084778,,,,,,,,,,,,,,,,1.0417,,,,,,,,,,,1000.0,linear,acetonitrile,,,none,,https://doi.org/10.1016/0167-2738(88)90305-0,"D. Fauteux, J. Prud'Homme and P. E. Harvey, Solid State Ionics, 1988, 28-30(2), 923-928.",[O-]Cl(=O)(=O)=O
300,,ether,PEO,COC,COC,100.0,1.0,ClO4,,0.083333333,,,,,,,,yes,,,,,,,,,,,,,,,,,,0.00017194,,,,0.0025364,,,,,,,,,,,,,,,,0.69779,,,,,,,,,,,1000.0,linear,acetonitrile,,,none,,https://doi.org/10.1016/0167-2738(88)90305-0,"D. Fauteux, J. Prud'Homme and P. E. Harvey, Solid State Ionics, 1988, 28-30(2), 923-928.",[O-]Cl(=O)(=O)=O
301,,ether,PEO,COC,COC,100.0,1.0,ClO4,,0.05,,,,,,,,yes,,,,,,,,,,,,,,,,,,0.00099343,,,,0.0041732,,,,,,,,,,,,,,,,0.49231,,,,,,,,,,,1000.0,linear,acetonitrile,,,none,,https://doi.org/10.1016/0167-2738(88)90305-0,"D. Fauteux, J. Prud'Homme and P. E. Harvey, Solid State Ionics, 1988, 28-30(2), 923-928.",[O-]Cl(=O)(=O)=O
302,,ether,PEO,COC,COC,100.0,1.0,ClO4,,0.01,,,,,,,,yes,,,,,,,,,,,,,,,,,,0.00015649,,,,0.00090666,,,,,,,,,,,,,,,,0.32775,,,,,,,,,,,1000.0,linear,acetonitrile,,,none,,https://doi.org/10.1016/0167-2738(88)90305-0,"D. Fauteux, J. Prud'Homme and P. E. Harvey, Solid State Ionics, 1988, 28-30(2), 923-928.",[O-]Cl(=O)(=O)=O
303,,ether,PEO,COC,COC,100.0,1.0,ClO4,,0.333333333,,,,,,,,yes,,,,,,,,,,,,,,,,,,,,,,3.26e-06,,,,,,,,,,,,,,,,1.2068,,,,,,,,,,,900.0,linear,acetonitrile,,,none,,https://doi.org/10.1016/0167-2738(88)90305-0,"D. Fauteux, J. Prud'Homme and P. E. Harvey, Solid State Ionics, 1988, 28-30(2), 923-928.",[O-]Cl(=O)(=O)=O
304,,ether,PEO,COC,COC,100.0,1.0,ClO4,,0.25,,,,,,,,yes,,,,,,,,,,,,,,,,,,1.8e-05,,,,0.00014935,,,,,,,,,,,,,,,,0.64127,,,,,,,,,,,900.0,linear,acetonitrile,,,none,,https://doi.org/10.1016/0167-2738(88)90305-0,"D. Fauteux, J. Prud'Homme and P. E. Harvey, Solid State Ionics, 1988, 28-30(2), 923-928.",[O-]Cl(=O)(=O)=O
305,,ether,PEO,COC,COC,100.0,1.0,ClO4,,0.2,,,,,,,,yes,,,,,,,,,,,,,,,,,,3.01e-05,,,,0.00040048,,,,,,,,,,,,,,,,0.80792,,,,,,,,,,,900.0,linear,acetonitrile,,,none,,https://doi.org/10.1016/0167-2738(88)90305-0,"D. Fauteux, J. Prud'Homme and P. E. Harvey, Solid State Ionics, 1988, 28-30(2), 923-928.",[O-]Cl(=O)(=O)=O
306,,ether,PEO,COC,COC,100.0,1.0,ClO4,,0.166666667,,,,,,,,yes,,,,,,,,,,,,,,,,,,0.00020739,,,,0.0015234,,,,,,,,,,,,,,,,0.66869,,,,,,,,,,,900.0,linear,acetonitrile,,,none,,https://doi.org/10.1016/0167-2738(88)90305-0,"D. Fauteux, J. Prud'Homme and P. E. Harvey, Solid State Ionics, 1988, 28-30(2), 923-928.",[O-]Cl(=O)(=O)=O
307,,ether,PEO,COC,COC,100.0,1.0,ClO4,,0.142857143,,,,,,,,yes,,,,,,,,,,,,,,,,,,0.00022505,,,,0.0024082,,,,,,,,,,,,,,,,0.60655,,,,,,,,,,,900.0,linear,acetonitrile,,,none,,https://doi.org/10.1016/0167-2738(88)90305-0,"D. Fauteux, J. Prud'Homme and P. E. Harvey, Solid State Ionics, 1988, 28-30(2), 923-928.",[O-]Cl(=O)(=O)=O
308,,ether,PEO,COC,COC,100.0,1.0,ClO4,,0.125,,,,,,,,yes,,,,,,,,,,,,,,,,,,0.00041689,,,,0.0031798,,,,,,,,,,,,,,,,0.96223,,,,,,,,,,,900.0,linear,acetonitrile,,,none,,https://doi.org/10.1016/0167-2738(88)90305-0,"D. Fauteux, J. Prud'Homme and P. E. Harvey, Solid State Ionics, 1988, 28-30(2), 923-928.",[O-]Cl(=O)(=O)=O
309,,ether,PEO,COC,COC,100.0,1.0,ClO4,,0.083333333,,,,,,,,yes,,,,,,,,,,,,,,,,,,0.0011061,,,,0.0043502,,,,,,,,,,,,,,,,0.5228,,,,,,,,,,,900.0,linear,acetonitrile,,,none,,https://doi.org/10.1016/0167-2738(88)90305-0,"D. Fauteux, J. Prud'Homme and P. E. Harvey, Solid State Ionics, 1988, 28-30(2), 923-928.",[O-]Cl(=O)(=O)=O
310,,ether,PEO,COC,COC,100.0,1.0,ClO4,,0.05,,,,,,,,yes,,,,,,,,,,,,,,,,,,0.00096338,,,,0.0022546,,,,,,,,,,,,,,,,0.26982,,,,,,,,,,,900.0,linear,acetonitrile,,,none,,https://doi.org/10.1016/0167-2738(88)90305-0,"D. Fauteux, J. Prud'Homme and P. E. Harvey, Solid State Ionics, 1988, 28-30(2), 923-928.",[O-]Cl(=O)(=O)=O
311,,ether,PEO,COC,COC,100.0,1.0,ClO4,,0.025,,,,,,,,yes,,,,,,,,,,,,,,,,,,0.00074661,,,,0.0013428,,,,,,,,,,,,,,,,0.27746,,,,,,,,,,,900.0,linear,acetonitrile,,,none,,https://doi.org/10.1016/0167-2738(88)90305-0,"D. Fauteux, J. Prud'Homme and P. E. Harvey, Solid State Ionics, 1988, 28-30(2), 923-928.",[O-]Cl(=O)(=O)=O
312,,ether,PEO,COC,COC,100.0,1.0,ClO4,,0.01,,,,,,,,yes,,,,,,,,,,,,,,,,,,0.0001301,,,,0.0002219,,,,,,,,,,,,,,,,0.23965,,,,,,,,,,,900.0,linear,acetonitrile,,,none,,https://doi.org/10.1016/0167-2738(88)90305-0,"D. Fauteux, J. Prud'Homme and P. E. Harvey, Solid State Ionics, 1988, 28-30(2), 923-928.",[O-]Cl(=O)(=O)=O
313,,ether,PEO,COC,COC,100.0,1.0,I,,0.055555556,,-36.52,,82.1,,,38.4,yes,,,,,,1.49e-06,,,,,,,,,,,,,,,,,,,,,,,,,,,,,,,1.64,,,,,,,,,,,,400.0,linear,acetonitrile,60,36,yes,0.01 mbar,https://doi.org/10.1063/1.3428389,"Karmakar, Ghosh, J Appl Phys 2010, 107, 104113",[I-]
314,,ether,PEO,COC,COC,100.0,1.0,I,,0.066666667,,-35.69,,70.8,,,33.1,yes,,,,,,1.66e-06,,,,,,,,,,,,,,,,,,,,,,,,,,,,,,,1.69,,,,,,,,,,,,400.0,linear,acetonitrile,60,36,yes,0.01 mbar,https://doi.org/10.1063/1.3428389,"Karmakar, Ghosh, J Appl Phys 2010, 107, 104113",[I-]
315,,ether,PEO,COC,COC,100.0,1.0,I,,0.083333333,,-36.35,,51.9,,,24.3,yes,,9.47e-09,3.7e-08,,1.38e-07,2.34e-07,4.96e-07,1.7e-06,5.62e-06,1.79e-05,,,,,,,,,,,,,,,,,,,,2.7e+26,20883.0,-258.0,all temps,5200000.0,3127.0,-86.0,1.98,,,,1.98,5.2e+26,entire range,,,,,,400.0,linear,acetonitrile,60,36,yes,0.01 mbar,https://doi.org/10.1063/1.3428389,"Karmakar, Ghosh, J Appl Phys 2010, 107, 104113",[I-]
316,,ether,PEO,COC,COC,100.0,1.0,I,,0.111111111,,-35.54,,24.7,,,11.5,yes,,,,,,7.13e-05,,,,,,,,,,,,,,,,,,,,,,,,,,,,,,,1.31,,,,,,,,,,,,400.0,linear,acetonitrile,60,36,yes,0.01 mbar,https://doi.org/10.1063/1.3428389,"Karmakar, Ghosh, J Appl Phys 2010, 107, 104113",[I-]
317,,ether,PEO,COC,COC,100.0,1.0,ClO4,,0.055555556,,-31.25,,60.3,,,38.3,yes,4.93e-09,1.61e-07,4.75e-07,,1.35e-06,1.8e-06,3.72e-06,9.9e-06,,,,,,,,,,,,,,,,,,,,,,1.3e+21,17013.0,-262.0,all temps,976.0,1863.0,-81.0,1.57,,,,1.58,5.9e+20,entire range,,,,,,400.0,linear,acetonitrile,60,36,yes,0.01 mbar,https://doi.org/10.1063/1.3428389,"Karmakar, Ghosh, J Appl Phys 2010, 107, 104113",[O-]Cl(=O)(=O)=O
318,,ether,PEO,COC,COC,100.0,1.0,ClO4,,0.066666667,,-31.22,,59,,,30.1,yes,3.64e-07,4.81e-06,1.07e-05,,2.33e-05,3.14e-05,4.93e-05,0.000101753,0.000205304,,,,,,,,,,,,,,,,,,,,,42000000000000.0,10206.0,-235.0,all temps,31.5,1204.0,-81.0,1.2,,,,1.12,1300000000000000.0,entire range,,,,,,400.0,linear,acetonitrile,60,36,yes,0.01 mbar,https://doi.org/10.1063/1.3428389,"Karmakar, Ghosh, J Appl Phys 2010, 107, 104113",[O-]Cl(=O)(=O)=O
319,,ether,PEO,COC,COC,100.0,1.0,ClO4,,0.083333333,,-31.56,,52.6,,,22.6,yes,1.55e-09,1.05e-07,3.88e-07,,1.38e-06,2.05e-06,4.67e-06,1.53e-05,4.8e-05,,,,,,,,,,,,,,,,,,,,,1.8999999999999998e+25,19021.0,-251.0,all temps,360000.0,2489.0,-82.0,1.88,,,,1.9,2.2e+26,entire range,,,,,,400.0,linear,acetonitrile,60,36,yes,0.01 mbar,https://doi.org/10.1063/1.3428389,"Karmakar, Ghosh, J Appl Phys 2010, 107, 104113",[O-]Cl(=O)(=O)=O
320,,ether,PEO,COC,COC,100.0,1.0,ClO4,,0.111111111,,-31.28,,39.6,,,0.93,yes,1.57e-06,2.13e-05,4.77e-05,,0.000104262,0.000137341,,,,,,,,,,,,,,,,,,,,,,,,210000000000000.0,10307.0,-237.0,all temps,13.7,1032.0,-81.0,1.18,,,,1.18,8200000000000000.0,entire range,,,,,,400.0,linear,acetonitrile,60,36,yes,0.01 mbar,https://doi.org/10.1063/1.3428389,"Karmakar, Ghosh, J Appl Phys 2010, 107, 104113",[O-]Cl(=O)(=O)=O
321,,ether,PEO,COC,COC,100.0,1.0,CF3SO3,,0.055555556,,-41.88,,95.5,,,44.7,yes,,,,,,5.95e-07,,,,,,,,,,,,,,,,,,,,,,,,,,,,,,,1.18,,,,,,,,,,,,400.0,linear,acetonitrile,60,36,yes,0.01 mbar,https://doi.org/10.1063/1.3428389,"Karmakar, Ghosh, J Appl Phys 2010, 107, 104113",C(F)(F)(F)S(=O)(=O)[O-]
322,,ether,PEO,COC,COC,100.0,1.0,CF3SO3,,0.066666667,,-42.57,,89,,,41.6,yes,,,,,,3.22e-07,,,,,,,,,,,,,,,,,,,,,,,,,,,,,,,1.06,,,,,,,,,,,,400.0,linear,acetonitrile,60,36,yes,0.01 mbar,https://doi.org/10.1063/1.3428389,"Karmakar, Ghosh, J Appl Phys 2010, 107, 104113",C(F)(F)(F)S(=O)(=O)[O-]
323,,ether,PEO,COC,COC,100.0,1.0,CF3SO3,,0.083333333,,-43.78,,78.2,,,36.6,yes,4.2e-10,7.01e-09,1.68e-08,,3.91e-08,5.06e-08,8.84e-08,1.95e-07,4.19e-07,8.79e-07,1.8e-06,,,,,,,,,,,,,,,,,,,3600000000000000.0,15000.0,-273.15,all temps,100.4,2211.0,-94.0,1.27,,,,1.3,130000000000000.0,entire range,,,,,,400.0,linear,acetonitrile,60,36,yes,0.01 mbar,https://doi.org/10.1063/1.3428389,"Karmakar, Ghosh, J Appl Phys 2010, 107, 104113",C(F)(F)(F)S(=O)(=O)[O-]
324,,ether,PEO,COC,COC,100.0,1.0,CF3SO3,,0.111111111,,-42.63,,59,,,27.6,yes,,,,,,6.63e-06,,,,,,,,,,,,,,,,,,,,,,,,,,,,,,,1.16,,,,,,,,,,,,400.0,linear,acetonitrile,60,36,yes,0.01 mbar,https://doi.org/10.1063/1.3428389,"Karmakar, Ghosh, J Appl Phys 2010, 107, 104113",C(F)(F)(F)S(=O)(=O)[O-]
325,does ionic radius - conductivity correlation,ether,PEO,COC,COC,100.0,1.0,AlCl4,,0.5,,,,,,,,yes,,,,,,,,,,,,,,,6.87e-10,1.05e-09,1.58e-09,2.36e-09,3.48e-09,7.32e-09,,,,,,,,,,0.19,2915.0,-106.0,all temps,,,,,0.90066,,,0.87,4211.0,entire range,,,,,,500.0,linear,acetonitrile,25,48,none,,https://doi.org/10.1295/polymj.20.577,"M. Z. A. Munshi and B. B. Owens, Polym. J., 1988, 20, 577-586",[Al-](Cl)(Cl)(Cl)Cl
326,,ether,PEO,COC,COC,100.0,1.0,AlCl4,,0.33,,,,,,,,yes,,,,,,,,,,,,,,,4.83e-09,6.99e-09,1e-08,1.42e-08,1.99e-08,3.82e-08,,,,,,,,,,22420.0,9007.0,-273.15,all temps,,,,,0.76844,,,0.76,719.0,entire range,,,,,,500.0,linear,acetonitrile,25,48,none,,https://doi.org/10.1295/polymj.20.577,"M. Z. A. Munshi and B. B. Owens, Polym. J., 1988, 20, 577-586",[Al-](Cl)(Cl)(Cl)Cl
327,,ether,PEO,COC,COC,100.0,1.0,AlCl4,,0.2,,,,,,,,yes,,,,,,,,,,,,,,,3.14e-07,4.28e-07,5.79e-07,7.76e-07,1.03e-06,1.79e-06,,,,,,,,,,24621.0,7607.0,-273.15,all temps,,,,,0.64405,,,0.64,789.0,entire range,,,,,,500.0,linear,acetonitrile,25,48,none,,https://doi.org/10.1295/polymj.20.577,"M. Z. A. Munshi and B. B. Owens, Polym. J., 1988, 20, 577-586",[Al-](Cl)(Cl)(Cl)Cl
328,,ether,PEO,COC,COC,100.0,1.0,AlCl4,,0.11,,,,,,,,yes,,,,,,,,,,,,,,,2.8e-05,3.77e-05,5.03e-05,6.65e-05,8.73e-05,0.000147203,,,,,,,,,,800000.0,7259.0,-273.15,all temps,,,,,0.56407,,,0.61,25620.0,entire range,,,,,,500.0,linear,acetonitrile,25,48,none,,https://doi.org/10.1295/polymj.20.577,"M. Z. A. Munshi and B. B. Owens, Polym. J., 1988, 20, 577-586",[Al-](Cl)(Cl)(Cl)Cl
329,,ether,PEO,COC,COC,100.0,1.0,AlCl4,,0.04,,,,,,,,yes,,,,,,,,,,,,,,,0.000231965,0.000298884,0.000382355,0.000485784,0.000613136,0.000958638,,,,,,,,,,330000.0,6235.0,-273.15,all temps,,,,,0.52282,,,0.52,10723.0,entire range,,,,,,500.0,linear,acetonitrile,25,48,none,,https://doi.org/10.1295/polymj.20.577,"M. Z. A. Munshi and B. B. Owens, Polym. J., 1988, 20, 577-586",[Al-](Cl)(Cl)(Cl)Cl
330,,ether,PEO,COC,COC,100.0,1.0,AlCl4,,0.02,,,,,,,,yes,,,,,,,,,,,,,,,9.14e-05,0.000120524,0.000157665,0.000204712,0.000263892,0.000429663,,,,,,,,,,150000.0,5751.0,-245.0,all temps,,,,,0.53388,,,0.57,20944.0,entire range,,,,,,500.0,linear,acetonitrile,25,48,none,,https://doi.org/10.1295/polymj.20.577,"M. Z. A. Munshi and B. B. Owens, Polym. J., 1988, 20, 577-586",[Al-](Cl)(Cl)(Cl)Cl
331,,ether,PEO,COC,COC,100.0,1.0,AsF6,,0.5,,,,,,,,yes,,,,,,,,,,,,,,,2.32e-09,3.56e-09,5.39e-09,8.09e-09,1.2e-08,2.55e-08,,,,,,,,,,10.4,4004.0,-137.0,all temps,,,,,0.89802,,,0.88,21550.0,entire range,,,,,,500.0,linear,acetonitrile,25,48,none,,https://doi.org/10.1295/polymj.20.577,"M. Z. A. Munshi and B. B. Owens, Polym. J., 1988, 20, 577-586",F[As-](F)(F)(F)(F)F
332,,ether,PEO,COC,COC,100.0,1.0,AsF6,,0.33,,,,,,,,yes,,,,,,,,,,,,,,,8.72e-09,1.23e-08,1.72e-08,2.38e-08,3.27e-08,6e-08,,,,,,,,,,7201.0,8414.0,-273.15,all temps,,,,,0.76403,,,0.71,231.0,entire range,,,,,,500.0,linear,acetonitrile,25,48,none,,https://doi.org/10.1295/polymj.20.577,"M. Z. A. Munshi and B. B. Owens, Polym. J., 1988, 20, 577-586",F[As-](F)(F)(F)(F)F
333,,ether,PEO,COC,COC,100.0,1.0,AsF6,,0.2,,,,,,,,yes,,,,,,,,,,,,,,,4.66e-07,6.32e-07,8.49e-07,1.13e-06,1.5e-06,2.56e-06,,,,,,,,,,23600.0,7457.0,-273.15,all temps,,,,,0.62775,,,0.63,758.0,entire range,,,,,,500.0,linear,acetonitrile,25,48,none,,https://doi.org/10.1295/polymj.20.577,"M. Z. A. Munshi and B. B. Owens, Polym. J., 1988, 20, 577-586",F[As-](F)(F)(F)(F)F
334,,ether,PEO,COC,COC,100.0,1.0,AsF6,,0.11,,,,,,,,yes,,,,,,,,,,,,,,,7.3e-05,9.21e-05,0.000115624,0.000144163,0.000178659,0.000269695,,,,,,,,,,26000.0,5759.0,-273.15,all temps,,,,,0.50724,,,0.48,843.0,entire range,,,,,,500.0,linear,acetonitrile,25,48,none,,https://doi.org/10.1295/polymj.20.577,"M. Z. A. Munshi and B. B. Owens, Polym. J., 1988, 20, 577-586",F[As-](F)(F)(F)(F)F
335,,ether,PEO,COC,COC,100.0,1.0,AsF6,,0.04,,,,,,,,yes,,,,,,,,,,,,,,,0.000467162,0.000575319,0.00070435,0.000857461,0.001038217,0.001498845,,,,,,,,,,29000.0,5155.0,-273.15,all temps,,,,,0.44573,,,0.43,927.0,entire range,,,,,,500.0,linear,acetonitrile,25,48,none,,https://doi.org/10.1295/polymj.20.577,"M. Z. A. Munshi and B. B. Owens, Polym. J., 1988, 20, 577-586",F[As-](F)(F)(F)(F)F
336,,ether,PEO,COC,COC,100.0,1.0,AsF6,,0.02,,,,,,,,yes,,,,,,,,,,,,,,,0.000144027,0.000182612,0.000229982,0.000287781,0.00035789,0.00054389,,,,,,,,,,68000.0,5850.0,-273.15,all temps,,,,,0.4559,,,0.49,2169.0,entire range,,,,,,500.0,linear,acetonitrile,25,48,none,,https://doi.org/10.1295/polymj.20.577,"M. Z. A. Munshi and B. B. Owens, Polym. J., 1988, 20, 577-586",F[As-](F)(F)(F)(F)F
337,,ether,PEO,COC,COC,100.0,1.0,BF4,,0.5,,,,,,,,yes,,,,,,,,,,,,,,,2.18e-10,3.46e-10,5.4e-10,8.34e-10,1.27e-09,2.87e-09,,,,,,,,,,1404.0,7300.0,-205.0,all temps,,,,,0.95,,,0.95,17900.0,entire range,,,,,,500.0,linear,acetonitrile,25,48,none,,https://doi.org/10.1295/polymj.20.577,"M. Z. A. Munshi and B. B. Owens, Polym. J., 1988, 20, 577-586",[B-](F)(F)(F)F
338,,ether,PEO,COC,COC,100.0,1.0,BF4,,0.33,,,,,,,,yes,,,,,,,,,,,,,,,3.49e-10,5.37e-10,8.15e-10,1.22e-09,1.81e-09,3.87e-09,,,,,,,,,,0.0089,2036.0,-73.7,all temps,,,,,0.86932,,,0.88,3410.0,entire range,,,,,,500.0,linear,acetonitrile,25,48,none,,https://doi.org/10.1295/polymj.20.577,"M. Z. A. Munshi and B. B. Owens, Polym. J., 1988, 20, 577-586",[B-](F)(F)(F)F
339,,ether,PEO,COC,COC,100.0,1.0,BF4,,0.2,,,,,,,,yes,,,,,,,,,,,,,,,1.07e-08,1.6e-08,2.36e-08,3.44e-08,4.97e-08,1.01e-07,,,,,,,,,,0.74,2563.0,-99.0,all temps,,,,,0.81101,,,0.82,14000.0,entire range,,,,,,500.0,linear,acetonitrile,25,48,none,,https://doi.org/10.1295/polymj.20.577,"M. Z. A. Munshi and B. B. Owens, Polym. J., 1988, 20, 577-586",[B-](F)(F)(F)F
340,,ether,PEO,COC,COC,100.0,1.0,BF4,,0.11,,,,,,,,yes,,,,,,,,,,,,,,,4.5e-07,6.48e-07,9.23e-07,1.3e-06,1.82e-06,3.46e-06,,,,,,,,,,1500000.0,8887.0,-273.15,all temps,,,,,0.76319,,,0.75,47000.0,entire range,,,,,,500.0,linear,acetonitrile,25,48,none,,https://doi.org/10.1295/polymj.20.577,"M. Z. A. Munshi and B. B. Owens, Polym. J., 1988, 20, 577-586",[B-](F)(F)(F)F
341,,ether,PEO,COC,COC,100.0,1.0,BF4,,0.04,,,,,,,,yes,,,,,,,,,,,,,,,5.23e-06,7.67e-06,1.11e-05,1.6e-05,2.28e-05,4.48e-05,,,,,,,,,,65000000.0,9346.0,-273.15,all temps,,,,,0.77524,,,0.79,2100000.0,entire range,,,,,,500.0,linear,acetonitrile,25,48,none,,https://doi.org/10.1295/polymj.20.577,"M. Z. A. Munshi and B. B. Owens, Polym. J., 1988, 20, 577-586",[B-](F)(F)(F)F
342,,ether,PEO,COC,COC,100.0,1.0,BF4,,0.02,,,,,,,,yes,,,,,,,,,,,,,,,2.99e-06,4.48e-06,6.64e-06,9.74e-06,1.41e-05,2.89e-05,,,,,,,,,,6.2,1413.0,-51.0,all temps,,,,,0.82903,,,0.84,5500000.0,entire range,,,,,,500.0,linear,acetonitrile,25,48,none,,https://doi.org/10.1295/polymj.20.577,"M. Z. A. Munshi and B. B. Owens, Polym. J., 1988, 20, 577-586",[B-](F)(F)(F)F
343,,ether,PEO,COC,COC,100.0,1.0,CF3SO3,,0.5,,,,,,,,yes,,,,,,,,,,,,,,,2.81e-10,4.47e-10,7.02e-10,1.09e-09,1.67e-09,3.77e-09,,,,,,,,,,930000.0,11260.0,-273.15,all temps,,,,,0.94692,,,0.95,30000.0,entire range,,,,,,500.0,linear,acetonitrile,25,48,none,,https://doi.org/10.1295/polymj.20.577,"M. Z. A. Munshi and B. B. Owens, Polym. J., 1988, 20, 577-586",C(F)(F)(F)S(=O)(=O)[O-]
344,,ether,PEO,COC,COC,100.0,1.0,CF3SO3,,0.33,,,,,,,,yes,,,,,,,,,,,,,,,6.4e-10,,1.39e-09,,3.17e-09,1.01e-08,,,,,,,,,,9000000.0,12000.0,-273.15,all temps,,,,,0.83143,,,1.0,290000.0,entire range,,,,,,500.0,linear,acetonitrile,25,48,none,,https://doi.org/10.1295/polymj.20.577,"M. Z. A. Munshi and B. B. Owens, Polym. J., 1988, 20, 577-586",C(F)(F)(F)S(=O)(=O)[O-]
345,,ether,PEO,COC,COC,100.0,1.0,CF3SO3,,0.2,,,,,,,,yes,,,,,,,,,,,,,,,4.86e-08,7.13e-08,1.02e-07,1.41e-07,1.9e-07,3.26e-07,,,,,,,,,,0.01,1103.0,-46.0,all temps,,,,,0.73259,,,0.7,971.0,entire range,,,,,,500.0,linear,acetonitrile,25,48,none,,https://doi.org/10.1295/polymj.20.577,"M. Z. A. Munshi and B. B. Owens, Polym. J., 1988, 20, 577-586",C(F)(F)(F)S(=O)(=O)[O-]
346,,ether,PEO,COC,COC,100.0,1.0,CF3SO3,,0.11,,,,,,,,yes,,,,,,,,,,,,,,,4.12e-06,5.7e-06,7.81e-06,1.06e-05,1.43e-05,2.54e-05,,,,,,,,,,850000.0,7937.0,-273.15,all temps,,,,,0.65746,,,0.67,27000.0,entire range,,,,,,500.0,linear,acetonitrile,25,48,none,,https://doi.org/10.1295/polymj.20.577,"M. Z. A. Munshi and B. B. Owens, Polym. J., 1988, 20, 577-586",C(F)(F)(F)S(=O)(=O)[O-]
347,,ether,PEO,COC,COC,100.0,1.0,CF3SO3,,0.04,,,,,,,,yes,,,,,,,,,,,,,,,2.66e-05,3.62e-05,4.88e-05,6.54e-05,8.68e-05,0.000149502,,,,,,,,,,6296.0,4054.0,-178.0,all temps,,,,,0.63692,,,0.64,57000.0,entire range,,,,,,500.0,linear,acetonitrile,25,48,none,,https://doi.org/10.1295/polymj.20.577,"M. Z. A. Munshi and B. B. Owens, Polym. J., 1988, 20, 577-586",C(F)(F)(F)S(=O)(=O)[O-]
348,,ether,PEO,COC,COC,100.0,1.0,CF3SO3,,0.02,,,,,,,,yes,,,,,,,,,,,,,,,1.56e-05,2.27e-05,3.21e-05,4.41e-05,5.91e-05,0.000100324,,,,,,,,,,3.5,1116.0,-49.0,all temps,,,,,0.67,,,0.68,180000.0,entire range,,,,,,500.0,linear,acetonitrile,25,48,none,,https://doi.org/10.1295/polymj.20.577,"M. Z. A. Munshi and B. B. Owens, Polym. J., 1988, 20, 577-586",C(F)(F)(F)S(=O)(=O)[O-]
349,,ether,PEO,COC,COC,100.0,1.0,PF6,,0.5,,,,,,,,yes,,,,,,,,,,,,,,,1.7e-10,2.68e-10,4.18e-10,6.43e-10,9.77e-10,2.18e-09,,,,,,,,,,1613.0,7605.0,-212.0,all temps,,,,,0.9337,,,0.94,10000.0,entire range,,,,,,500.0,linear,acetonitrile,25,48,none,,https://doi.org/10.1295/polymj.20.577,"M. Z. A. Munshi and B. B. Owens, Polym. J., 1988, 20, 577-586",F[P-](F)(F)(F)(F)F
350,,ether,PEO,COC,COC,100.0,1.0,PF6,,0.33,,,,,,,,yes,,,,,,,,,,,,,,,1.4e-09,2.12e-09,3.13e-09,4.55e-09,6.48e-09,1.26e-08,,,,,,,,,,0.43,3212.0,-123.0,all temps,,,,,0.79707,,,0.81,1016.0,entire range,,,,,,500.0,linear,acetonitrile,25,48,none,,https://doi.org/10.1295/polymj.20.577,"M. Z. A. Munshi and B. B. Owens, Polym. J., 1988, 20, 577-586",F[P-](F)(F)(F)(F)F
351,,ether,PEO,COC,COC,100.0,1.0,PF6,,0.2,,,,,,,,yes,,,,,,,,,,,,,,,1.99e-07,2.89e-07,4.08e-07,5.59e-07,7.48e-07,1.26e-06,,,,,,,,,,0.03,999.0,-42.0,all temps,,,,,0.67753,,,0.68,1921.0,entire range,,,,,,500.0,linear,acetonitrile,25,48,none,,https://doi.org/10.1295/polymj.20.577,"M. Z. A. Munshi and B. B. Owens, Polym. J., 1988, 20, 577-586",F[P-](F)(F)(F)(F)F
352,,ether,PEO,COC,COC,100.0,1.0,PF6,,0.11,,,,,,,,yes,,,,,,,,,,,,,,,1.07e-05,1.44e-05,1.92e-05,2.55e-05,3.35e-05,5.67e-05,,,,,,,,,,130000.0,6610.0,-256.0,all temps,,,,,0.59358,,,0.61,11000.0,entire range,,,,,,500.0,linear,acetonitrile,25,48,none,,https://doi.org/10.1295/polymj.20.577,"M. Z. A. Munshi and B. B. Owens, Polym. J., 1988, 20, 577-586",F[P-](F)(F)(F)(F)F
353,,ether,PEO,COC,COC,100.0,1.0,PF6,,0.04,,,,,,,,yes,,,,,,,,,,,,,,,5.47e-05,7.08e-05,9.1e-05,0.000116236,0.000147414,0.000232616,,,,,,,,,,110000.0,6360.0,-273.15,all temps,,,,,0.56247,,,0.53,3636.0,entire range,,,,,,500.0,linear,acetonitrile,25,48,none,,https://doi.org/10.1295/polymj.20.577,"M. Z. A. Munshi and B. B. Owens, Polym. J., 1988, 20, 577-586",F[P-](F)(F)(F)(F)F
354,,ether,PEO,COC,COC,100.0,1.0,PF6,,0.02,,,,,,,,yes,,,,,,,,,,,,,,,3.41e-05,,6.19e-05,,9.89e-05,0.000206253,,,,,,,,,,3200000.0,7677.0,-273.15,all temps,,,,,0.57484,,,0.65,100000.0,entire range,,,,,,500.0,linear,acetonitrile,25,48,none,,https://doi.org/10.1295/polymj.20.577,"M. Z. A. Munshi and B. B. Owens, Polym. J., 1988, 20, 577-586",F[P-](F)(F)(F)(F)F
355,"PEO varying MW, Balsara Timachova",ether,PEO,COC,COC,100.0,1.0,TFSI,,0.02,,,,,,,,yes,,,,,,,,,,,,,,,,,,,0.0051693,,,,0.38478,90.0,PFG NMR,,,,,,,,,,,,,,,,,,,1.4e-06,90.0,,1.03,0.6,0.618,linear,THF,90,24,yes,,https://doi.org/10.1021/acs.macromol.5b01724,"Timachova, Watanabe, Balsara, Macromolecules, 2015, 48, 7882-7888",C(F)(F)(F)S(=O)(=O)[N-]S(=O)(=O)C(F)(F)F
356,,ether,PEO,COC,COC,100.0,1.0,TFSI,,0.02,,,,,,,,yes,,,,,,,,,,,,,,,,,,,0.0030169,,,,0.33624,90.0,PFG NMR,,,,,,,,,,,,,,,,,,,7.12e-07,90.0,,1.1,1.0,1.1,linear,THF,90,24,yes,,https://doi.org/10.1021/acs.macromol.5b01724,"Timachova, Watanabe, Balsara, Macromolecules, 2015, 48, 7882-7888",C(F)(F)(F)S(=O)(=O)[N-]S(=O)(=O)C(F)(F)F
357,,ether,PEO,COC,COC,100.0,1.0,TFSI,,0.02,,,,,,,,yes,,,,,,,,,,,,,,,,,,,0.0014159,,,,0.2986,90.0,PFG NMR,,,,,,,,,,,,,,,,,,,2.97e-07,90.0,,1.1,2.0,2.2,linear,THF,90,24,yes,,https://doi.org/10.1021/acs.macromol.5b01724,"Timachova, Watanabe, Balsara, Macromolecules, 2015, 48, 7882-7888",C(F)(F)(F)S(=O)(=O)[N-]S(=O)(=O)C(F)(F)F
358,,ether,PEO,COC,COC,100.0,1.0,TFSI,,0.02,,,,,,,,yes,,,,,,,,,,,,,,,,,,,0.0012957,,,,0.28802,90.0,PFG NMR,,,,,,,,,,,,,,,,,,,2.61e-07,90.0,,1.03,4.0,4.12,linear,THF,90,24,yes,,https://doi.org/10.1021/acs.macromol.5b01724,"Timachova, Watanabe, Balsara, Macromolecules, 2015, 48, 7882-7888",C(F)(F)(F)S(=O)(=O)[N-]S(=O)(=O)C(F)(F)F
359,,ether,PEO,COC,COC,100.0,1.0,TFSI,,0.02,,,,,,,,yes,,,,,,,,,,,,,,,,,,,0.0010953,,,,0.20947,90.0,PFG NMR,,,,,,,,,,,,,,,,,,,1.61e-07,90.0,,1.05,10.0,10.5,linear,THF,90,24,yes,,https://doi.org/10.1021/acs.macromol.5b01724,"Timachova, Watanabe, Balsara, Macromolecules, 2015, 48, 7882-7888",C(F)(F)(F)S(=O)(=O)[N-]S(=O)(=O)C(F)(F)F
360,,ether,PEO,COC,COC,100.0,1.0,TFSI,,0.02,,,,,,,,yes,,,,,,,,,,,,,,,,,,,0.0010557,,,,0.22187,90.0,PFG NMR,,,,,,,,,,,,,,,,,,,1.63e-07,90.0,,1.1,20.0,22.0,linear,THF,90,24,yes,,https://doi.org/10.1021/acs.macromol.5b01724,"Timachova, Watanabe, Balsara, Macromolecules, 2015, 48, 7882-7888",C(F)(F)(F)S(=O)(=O)[N-]S(=O)(=O)C(F)(F)F
361,,ether,PEO,COC,COC,100.0,1.0,TFSI,,0.02,,,,,,,,yes,,,,,,,,,,,,,,,,,,,0.0010405,,,,0.19082,90.0,PFG NMR,,,,,,,,,,,,,,,,,,,1.38e-07,90.0,,1.28,55.0,70.4,linear,THF,90,24,yes,,https://doi.org/10.1021/acs.macromol.5b01724,"Timachova, Watanabe, Balsara, Macromolecules, 2015, 48, 7882-7888",C(F)(F)(F)S(=O)(=O)[N-]S(=O)(=O)C(F)(F)F
362,,ether,PEO,COC,COC,100.0,1.0,TFSI,,0.02,,,,,,,,yes,,,,,,,,,,,,,,,,,,,0.001041,,,,0.22836,90.0,PFG NMR,,,,,,,,,,,,,,,,,,,1.66e-07,90.0,,,100.0,,linear,THF,90,24,yes,,https://doi.org/10.1021/acs.macromol.5b01724,"Timachova, Watanabe, Balsara, Macromolecules, 2015, 48, 7882-7888",C(F)(F)(F)S(=O)(=O)[N-]S(=O)(=O)C(F)(F)F
363,,ether,PEO,COC,COC,100.0,1.0,TFSI,,0.08,,,,,,,,yes,,,,,,,,,,,,,,,,,,,0.0033724,,,,0.35829,90.0,PFG NMR,,,,,,,,,,,,,,,,,,,2.61e-07,90.0,,1.03,0.6,0.618,linear,THF,90,24,yes,,https://doi.org/10.1021/acs.macromol.5b01724,"Timachova, Watanabe, Balsara, Macromolecules, 2015, 48, 7882-7888",C(F)(F)(F)S(=O)(=O)[N-]S(=O)(=O)C(F)(F)F
364,,ether,PEO,COC,COC,100.0,1.0,TFSI,,0.08,,,,,,,,yes,,,,,,,,,,,,,,,,,,,0.0031475,,,,0.33371,90.0,PFG NMR,,,,,,,,,,,,,,,,,,,2.25e-07,90.0,,1.1,1.0,1.1,linear,THF,90,24,yes,,https://doi.org/10.1021/acs.macromol.5b01724,"Timachova, Watanabe, Balsara, Macromolecules, 2015, 48, 7882-7888",C(F)(F)(F)S(=O)(=O)[N-]S(=O)(=O)C(F)(F)F
365,,ether,PEO,COC,COC,100.0,1.0,TFSI,,0.08,,,,,,,,yes,,,,,,,,,,,,,,,,,,,0.0020728,,,,0.26218,90.0,PFG NMR,,,,,,,,,,,,,,,,,,,1.17e-07,90.0,,1.1,2.0,2.2,linear,THF,90,24,yes,,https://doi.org/10.1021/acs.macromol.5b01724,"Timachova, Watanabe, Balsara, Macromolecules, 2015, 48, 7882-7888",C(F)(F)(F)S(=O)(=O)[N-]S(=O)(=O)C(F)(F)F
366,,ether,PEO,COC,COC,100.0,1.0,TFSI,,0.08,,,,,,,,yes,,,,,,,,,,,,,,,,,,,0.0025691,,,,0.26095,90.0,PFG NMR,,,,,,,,,,,,,,,,,,,1.44e-07,90.0,,1.03,4.0,4.12,linear,THF,90,24,yes,,https://doi.org/10.1021/acs.macromol.5b01724,"Timachova, Watanabe, Balsara, Macromolecules, 2015, 48, 7882-7888",C(F)(F)(F)S(=O)(=O)[N-]S(=O)(=O)C(F)(F)F
367,,ether,PEO,COC,COC,100.0,1.0,TFSI,,0.08,,,,,,,,yes,,,,,,,,,,,,,,,,,,,0.0019992,,,,0.23576,90.0,PFG NMR,,,,,,,,,,,,,,,,,,,1.02e-07,90.0,,1.05,10.0,10.5,linear,THF,90,24,yes,,https://doi.org/10.1021/acs.macromol.5b01724,"Timachova, Watanabe, Balsara, Macromolecules, 2015, 48, 7882-7888",C(F)(F)(F)S(=O)(=O)[N-]S(=O)(=O)C(F)(F)F
368,,ether,PEO,COC,COC,100.0,1.0,TFSI,,0.08,,,,,,,,yes,,,,,,,,,,,,,,,,,,,0.0022952,,,,0.20921,90.0,PFG NMR,,,,,,,,,,,,,,,,,,,1.03e-07,90.0,,1.1,20.0,22.0,linear,THF,90,24,yes,,https://doi.org/10.1021/acs.macromol.5b01724,"Timachova, Watanabe, Balsara, Macromolecules, 2015, 48, 7882-7888",C(F)(F)(F)S(=O)(=O)[N-]S(=O)(=O)C(F)(F)F
369,,ether,PEO,COC,COC,100.0,1.0,TFSI,,0.08,,,,,,,,yes,,,,,,,,,,,,,,,,,,,0.0014967,,,,0.20621,90.0,PFG NMR,,,,,,,,,,,,,,,,,,,6.65e-08,90.0,,1.28,55.0,70.4,linear,THF,90,24,yes,,https://doi.org/10.1021/acs.macromol.5b01724,"Timachova, Watanabe, Balsara, Macromolecules, 2015, 48, 7882-7888",C(F)(F)(F)S(=O)(=O)[N-]S(=O)(=O)C(F)(F)F
370,,ether,PEO,COC,COC,100.0,1.0,TFSI,,0.08,,,,,,,,yes,,,,,,,,,,,,,,,,,,,0.0015283,,,,0.19311,90.0,PFG NMR,,,,,,,,,,,,,,,,,,,6.39e-08,90.0,,,100.0,,linear,THF,90,24,yes,,https://doi.org/10.1021/acs.macromol.5b01724,"Timachova, Watanabe, Balsara, Macromolecules, 2015, 48, 7882-7888",C(F)(F)(F)S(=O)(=O)[N-]S(=O)(=O)C(F)(F)F
371,,ether,PEO,COC,COC,100.0,1.0,PF6,,0.01,,-54.0,-60.0,65,,81.0,18.2,yes,,,,3.37e-12,,,,,,,,,3.38e-07,,5.94e-05,,0.000162293,,,,,,,,,,,,,1.6e+36,30756.0,-266.0,all temps,100000000000000.0,7006.0,-104.0,,,,,2.8,4.9999999999999995e+35,entire range,,,,,,4000.0,linear,acetonitrile,25,1460,none,,https://doi.org/10.1016/S0167-2738(00)00594-4,"A. Magistris, P. Mustarelli, E. Quartarone and C. Tomasi, Solid State Ionics, 2000, 136-137, 1241-1247.",F[P-](F)(F)(F)(F)F
372,,ether,PEO,COC,COC,100.0,1.0,PF6,,0.02,,-50.0,-60.0,62,,77.0,20.8,yes,,,,7.35e-13,,,,,,,,,3.18e-07,,6.9e-05,,0.000188408,,,,,,,,,,,,,1.8e+40,33932.0,-267.0,all temps,1400000000000000.0,7286.0,-100.0,,,,,3.0,5.3e+39,entire range,,,,,,4000.0,linear,acetonitrile,25,1460,none,,https://doi.org/10.1016/S0167-2738(00)00594-4,"A. Magistris, P. Mustarelli, E. Quartarone and C. Tomasi, Solid State Ionics, 2000, 136-137, 1241-1247.",F[P-](F)(F)(F)(F)F
373,,ether,PEO,COC,COC,100.0,1.0,PF6,,0.025,,-51.0,-60.0,,,,21.0,yes,,,,1.77e-12,,,,,,,,,2.75e-07,,1.5e-05,,3.69e-05,,,,,,,,,,,,,1.6e+19,11853.0,-152.0,all temps,3000000000000.0,6466.0,-101.0,,,,,2.6,3.8999999999999996e+33,entire range,,,,,,4000.0,linear,acetonitrile,25,1460,none,,https://doi.org/10.1016/S0167-2738(00)00594-4,"A. Magistris, P. Mustarelli, E. Quartarone and C. Tomasi, Solid State Ionics, 2000, 136-137, 1241-1247.",F[P-](F)(F)(F)(F)F
374,,ether,PEO,COC,COC,100.0,1.0,PF6,,0.033,,-49.0,-60.0,59,,69.0,22.6,yes,,,,1.3e-10,,,,,,,,,5.06e-05,,0.000427661,,0.000597861,,,,,,,,,,,,,160.0,874.0,-14.0,all temps,6300000000000.0,5900.0,-99.0,,,,,2.5,3.7e+32,entire range,,,,,,4000.0,linear,acetonitrile,25,1460,none,,https://doi.org/10.1016/S0167-2738(00)00594-4,"A. Magistris, P. Mustarelli, E. Quartarone and C. Tomasi, Solid State Ionics, 2000, 136-137, 1241-1247.",F[P-](F)(F)(F)(F)F
375,,ether,PEO,COC,COC,100.0,1.0,PF6,,0.05,,-45.0,-60.0,55,,62.0,24.5,yes,,,,2.39e-12,,,,,,,,,7.72e-07,,0.00010349,,0.000249287,,,,,,,,,,,,,3.5e+33,25580.0,-232.0,all temps,73000000000000.0,6495.0,-95.0,,,,,2.9,1e+38,entire range,,,,,,4000.0,linear,acetonitrile,25,1460,none,,https://doi.org/10.1016/S0167-2738(00)00594-4,"A. Magistris, P. Mustarelli, E. Quartarone and C. Tomasi, Solid State Ionics, 2000, 136-137, 1241-1247.",F[P-](F)(F)(F)(F)F
376,,ether,PEO,COC,COC,100.0,1.0,PF6,,0.0625,,-44.0,-60.0,,,,25.1,yes,,,,1.95e-12,,,,,,,,,2.21e-07,,9.96e-05,,0.0005425,,,,,,,,,,,,,1.4999999999999999e+40,34044.0,-270.0,all temps,130000000000000.0,6558.0,-94.0,,,,,3.0,1.7e+39,entire range,,,,,,4000.0,linear,acetonitrile,25,1460,none,,https://doi.org/10.1016/S0167-2738(00)00594-4,"A. Magistris, P. Mustarelli, E. Quartarone and C. Tomasi, Solid State Ionics, 2000, 136-137, 1241-1247.",F[P-](F)(F)(F)(F)F
377,,ether,PEO,COC,COC,100.0,1.0,PF6,,0.083,,-43.0,-60.0,48,,56.0,27.9,yes,,,,7.78e-12,,,,,,,,,4.15e-07,,1.09e-05,,3.23e-05,,,,,,,,,,,,,2e+16,10147.0,-147.0,all temps,7200000000.0,5187.0,-93.0,,,,,2.4,4.6e+29,entire range,,,,,,4000.0,linear,acetonitrile,25,1460,none,,https://doi.org/10.1016/S0167-2738(00)00594-4,"A. Magistris, P. Mustarelli, E. Quartarone and C. Tomasi, Solid State Ionics, 2000, 136-137, 1241-1247.",F[P-](F)(F)(F)(F)F
378,PEO LiPF6 (paper looked at filler MgAl2O4) 5 wt% ,ether,PEO,COC,COC,100.0,1.0,PF6,,0.015,,-73.0,,58,,65.0,,yes,1.44e-07,2.31e-07,,,,,2.53e-07,,,1.23e-06,,,4.52e-06,,2.19e-05,,,,,,,,0.49,50.0,symmetric cell Bruce and vincent,,,0.58,,42000000000.0,11189.0,-273.15,30,3616.0,3163.0,-123.0,,,,,0.95,1400000000.0,above 30,,,,,,,linear,none,50,24,yes,,https://doi.org/10.1016/j.electacta.2012.12.003,"N. Angulakshmi, K. S. Nahm, J. R. Nair, C. Gerbaldi, R. Bongiovanni, N. Penazzi and A. M. Stephan, Electrochim. Acta, 2013, 90, 179-185",F[P-](F)(F)(F)(F)F
379,,ether,PEO,COC,COC,100.0,1.0,PF6,0.015952368,0.015952368,5.0,,,72,,,,yes,,,,,,,2.91e-13,,8.85e-12,,1.21e-09,,5.03e-09,,1.34e-08,,6.68e-08,,5.72e-07,2.71e-06,,,,,,,,,,37.0,1940.0,-37.0,all temps,,,,,,,,2.1,1.9e+23,entire range,,,,,,6000.0,linear,acetonitrile,25,,none,,https://doi.org/10.1007/s11581-011-0524-8,"S. Ibrahim, M. Yassin, R. Ahmad and M. Johan, Ionics, 2011, 17, 399-405.",F[P-](F)(F)(F)(F)F
380,,ether,PEO,COC,COC,100.0,1.0,PF6,0.033677221,0.033677221,10.0,,,66,,,,yes,,,,,,,1.37e-11,,8.37e-10,,2.68e-08,,6.46e-08,,9.86e-08,,6.11e-06,,7.74e-06,8e-06,,,,,,,,,,15.0,1381.0,-27.0,all temps,,,,,,,,1.9,3.7e+21,entire range,,,,,,6000.0,linear,acetonitrile,25,,none,,https://doi.org/10.1007/s11581-011-0524-8,"S. Ibrahim, M. Yassin, R. Ahmad and M. Johan, Ionics, 2011, 17, 399-405.",F[P-](F)(F)(F)(F)F
381,,ether,PEO,COC,COC,100.0,1.0,PF6,0.05348735,0.05348735,15.0,,,66,,,,yes,,,,,,,1.18e-10,,2.12e-08,,1.16e-05,,1.5e-05,,1.42e-05,,1.33e-05,,1.5e-05,1.47e-05,,,,,,,,,,0.037,334.0,8.0,all temps,,,,,,,,,,fits so poor that won't include,,,,,,6000.0,linear,acetonitrile,25,,none,,https://doi.org/10.1007/s11581-011-0524-8,"S. Ibrahim, M. Yassin, R. Ahmad and M. Johan, Ionics, 2011, 17, 399-405.",F[P-](F)(F)(F)(F)F
382,,ether,PEO,COC,COC,100.0,1.0,PF6,0.075773746,0.075773746,20.0,,,59,,,,yes,,,,,,,5.13e-10,,1.45e-07,,9.01e-06,,9.01e-06,,9.48e-06,,9.64e-06,,1.18e-05,1.1e-05,,,,,,,,,,0.005,197.0,13.0,all temps,,,,,,,,,,fits so poor that won't include,,,,,,6000.0,linear,acetonitrile,25,,none,,https://doi.org/10.1007/s11581-011-0524-8,"S. Ibrahim, M. Yassin, R. Ahmad and M. Johan, Ionics, 2011, 17, 399-405.",F[P-](F)(F)(F)(F)F
383,new conductivity and transference number,ether,PEO,COC,COC,100.0,1.0,TFSI,,0.02,,,,,,,,yes,,,,,,,,,,,,,,,,,,,,0.000664967,,,0.17,70.0,Bruce-vincent (slightly strange),,,,,,,,,,,,,,,,,,,,,,,,5000.0,linear,acetonitrile,25,168,high,,https://doi.org/10.1016/j.electacta.2016.12.172,"Pozyczka, K., Marzantowicz, M., Dygas, J. R., Krok, F., Electrochim Acta, 2017, 227, 127-135",C(F)(F)(F)S(=O)(=O)[N-]S(=O)(=O)C(F)(F)F
384,have transference at other temps as well…,ether,PEO,COC,COC,100.0,1.0,TFSI,,0.0625,,,,,,,,yes,,,,,,,,,,,,,,,,,,,,0.001688107,,,0.22,70.0,,,,,,,,,,,,,,,,,,,,,,,,,5000.0,linear,acetonitrile,25,168,high,,https://doi.org/10.1016/j.electacta.2016.12.172,"Pozyczka, K., Marzantowicz, M., Dygas, J. R., Krok, F., Electrochim Acta, 2017, 227, 127-135",C(F)(F)(F)S(=O)(=O)[N-]S(=O)(=O)C(F)(F)F
385,,ether,PEO,COC,COC,100.0,1.0,TFSI,,0.1,,,,,,,,yes,,,,,,,,,,,,,,,,,,,,0.001185223,,,0.13,70.0,,,,,,,,,,,,,,,,,,,,,,,,,5000.0,linear,acetonitrile,25,168,high,,https://doi.org/10.1016/j.electacta.2016.12.172,"Pozyczka, K., Marzantowicz, M., Dygas, J. R., Krok, F., Electrochim Acta, 2017, 227, 127-135",C(F)(F)(F)S(=O)(=O)[N-]S(=O)(=O)C(F)(F)F
386,HAS OTHER REFERENCES FOR TRANSFERENCE!!,ether,PEO,COC,COC,100.0,1.0,TFSI,,0.166666667,,,,,,,,yes,,,,,,,,,,,,,,,,,,,,0.000373164,,,0.063,70.0,,,,,,,,,,,,,,,,,,,,,,,,,5000.0,linear,acetonitrile,25,168,high,,https://doi.org/10.1016/j.electacta.2016.12.172,"Pozyczka, K., Marzantowicz, M., Dygas, J. R., Krok, F., Electrochim Acta, 2017, 227, 127-135",C(F)(F)(F)S(=O)(=O)[N-]S(=O)(=O)C(F)(F)F
387,,ether,PEO,COC,COC,100.0,1.0,TFSI,,0.2,,,,,,,,yes,,,,,,,,,,,,,,,,,,,,0.000600482,,,0.102,70.0,,,,,,,,,,,,,,,,,,,,,,,,,5000.0,linear,acetonitrile,25,168,high,,https://doi.org/10.1016/j.electacta.2016.12.172,"Pozyczka, K., Marzantowicz, M., Dygas, J. R., Krok, F., Electrochim Acta, 2017, 227, 127-135",C(F)(F)(F)S(=O)(=O)[N-]S(=O)(=O)C(F)(F)F
388,,ether,PEO,COC,COC,100.0,1.0,TFSI,,0.333333333,,,,,,,,yes,,,,,,,,,,,,,,,,,,,,0.000111995,,,0.251,70.0,,,,,,,,,,,,,,,,,,,,,,,,,5000.0,linear,acetonitrile,25,168,high,,https://doi.org/10.1016/j.electacta.2016.12.172,"Pozyczka, K., Marzantowicz, M., Dygas, J. R., Krok, F., Electrochim Acta, 2017, 227, 127-135",C(F)(F)(F)S(=O)(=O)[N-]S(=O)(=O)C(F)(F)F
389,,ether,PEO,COC,COC,100.0,1.0,TFSI,,0.5,,,,,,,,yes,,,,,,,,,,,,,,,,,,,,1.42e-06,,,0.706,70.0,,,,,,,,,,,,,,,,,,,,,,,,,5000.0,linear,acetonitrile,25,168,high,,https://doi.org/10.1016/j.electacta.2016.12.172,"Pozyczka, K., Marzantowicz, M., Dygas, J. R., Krok, F., Electrochim Acta, 2017, 227, 127-135",C(F)(F)(F)S(=O)(=O)[N-]S(=O)(=O)C(F)(F)F
390,,ether,PEO,COC,COC,100.0,1.0,TFSI,,0.666666667,,,,,,,,yes,,,,,,,,,,,,,,,,,,,,1.91e-06,,,0.72,70.0,,,,,,,,,,,,,,,,,,,,,,,,,5000.0,linear,acetonitrile,25,168,high,,https://doi.org/10.1016/j.electacta.2016.12.172,"Pozyczka, K., Marzantowicz, M., Dygas, J. R., Krok, F., Electrochim Acta, 2017, 227, 127-135",C(F)(F)(F)S(=O)(=O)[N-]S(=O)(=O)C(F)(F)F
391,,ether,PEO,COC,COC,100.0,1.0,FSI,,0.05,,-45.0,,65,,,44.0,yes,,,,,,,4.18e-07,1.14e-06,2.99e-06,7.62e-06,1.89e-05,4.56e-05,0.000107084,0.000411945,0.000556673,0.000745771,0.000990864,0.001306103,0.001708587,0.002861393,,,0.14,80.0,,,,,,1953.0,1488.0,-47.0,all temps,1300000.0,3196.0,-95.0,,,1.6,2.3e+20,0.6,390000.0,split 2.97,,,,,,500.0,linear,acetonitrile,25,48,high,,https://doi.org/10.1016/j.electacta.2014.04.099,"Zhang, Liu, Armand, Nie, Zhou Electrochimica Acta, 133, (2014) p. 529-538",FS(=O)(=O)[N-]S(=O)(=O)F
392,,ether,PEO,COC,COC,100.0,1.0,TFSI,,0.05,,-36.0,,"40, 63",,,48.0,yes,,,,,,,8.66e-06,1.62e-05,2.96e-05,5.3e-05,9.35e-05,0.000162034,0.000276157,0.000486912,0.000600128,0.00073524,0.000895607,0.001084959,0.001307421,0.001870283,,,0.18,80.0,,,,,,6.7,687.0,-34.0,all temps,477.0,1714.0,-86.0,,,1.0,430000000000.0,0.42,829.0,split 2.97,,,,,,500.0,linear,acetonitrile,25,48,high,,https://doi.org/10.1016/j.electacta.2014.04.099,"Zhang, Liu, Armand, Nie, Zhou Electrochimica Acta, 133, (2014) p. 529-538",C(F)(F)(F)S(=O)(=O)[N-]S(=O)(=O)C(F)(F)F
393,PEO LiBF4 and LiCF3SO3,ether,PEO,COC,COC,100.0,1.0,BF4,,0.5,,,,,,,,yes,,,,,,,,,,,,,,,,,,,,,,,,,,,,,,,,,,,,,1.36,0.48,,,,,,,,,,,5000.0,linear,acetonitrile,25,48,none,,https://doi.org/10.1021/ma00181a020,"S. M. Zahurak, M. L. Kaplan, E. A. Rietman, D. W. Murphy and R. J. Cava, Macromolecules, 1988, 21, 654-660",[B-](F)(F)(F)F
394,,ether,PEO,COC,COC,100.0,1.0,BF4,,0.285714286,,,,,,,,yes,,,,,,,,,3.57e-07,4.9e-07,6.65e-07,,9.17e-07,,1.16e-06,,1.44e-06,1.56e-06,2.06e-06,3.54e-06,5.91e-06,1.23e-05,,,,,,,,38000.0,7515.0,-273.15,84,,,,,,0.23,0.0026,0.63,1191.0,"split 2.8, low stop 3.1",,,,,,5000.0,linear,acetonitrile,25,48,none,,https://doi.org/10.1021/ma00181a020,"S. M. Zahurak, M. L. Kaplan, E. A. Rietman, D. W. Murphy and R. J. Cava, Macromolecules, 1988, 21, 654-660",[B-](F)(F)(F)F
395,shows pesudo phase diagram which will be useful to reference in paper,ether,PEO,COC,COC,100.0,1.0,BF4,,0.25,,,,,,,,yes,,,,,,,,,,,,,,,,,,,,,,,,,,,,,,,,,,,,,0.98,0.34,,,,,,,,,,,5000.0,linear,acetonitrile,25,48,none,,https://doi.org/10.1021/ma00181a020,"S. M. Zahurak, M. L. Kaplan, E. A. Rietman, D. W. Murphy and R. J. Cava, Macromolecules, 1988, 21, 654-660",[B-](F)(F)(F)F
396,,ether,PEO,COC,COC,100.0,1.0,BF4,,0.222222222,,,,,,,,yes,,,,,,,,,,,,,,,,,,,,,,,,,,,,,,,,,,,,,1.64,0.33,,,,,,,,,,,5000.0,linear,acetonitrile,25,48,none,,https://doi.org/10.1021/ma00181a020,"S. M. Zahurak, M. L. Kaplan, E. A. Rietman, D. W. Murphy and R. J. Cava, Macromolecules, 1988, 21, 654-660",[B-](F)(F)(F)F
397,,ether,PEO,COC,COC,100.0,1.0,BF4,,0.166666667,,,,,,,,yes,,,,,,,,,,,,,,,,,,,,,,,,,,,,,,,,,,,,,1.09,0.29,,,,,,,,,,,5000.0,linear,acetonitrile,25,48,none,,https://doi.org/10.1021/ma00181a020,"S. M. Zahurak, M. L. Kaplan, E. A. Rietman, D. W. Murphy and R. J. Cava, Macromolecules, 1988, 21, 654-660",[B-](F)(F)(F)F
398,,ether,PEO,COC,COC,100.0,1.0,BF4,,0.125,,,,,,,,yes,,,,,,,,,1.98e-07,6.56e-07,2.09e-06,6.44e-06,4.32e-05,5.39e-05,6.68e-05,8.22e-05,0.000100613,0.000122466,0.000148262,0.000213982,0.000302977,0.000494005,,,,,,,,317.0,3438.0,-206.0,60,,,,1.42,0.27,2.05,2.3e+25,0.43,131.0,split 2.97,,,,,,5000.0,linear,acetonitrile,25,48,none,,https://doi.org/10.1021/ma00181a020,"S. M. Zahurak, M. L. Kaplan, E. A. Rietman, D. W. Murphy and R. J. Cava, Macromolecules, 1988, 21, 654-660",[B-](F)(F)(F)F
399,,ether,PEO,COC,COC,100.0,1.0,BF4,,0.1,,,,,,,,yes,,,,,,,,,2.52e-07,7.33e-07,2.06e-06,,2.63e-05,3.25e-05,3.99e-05,4.87e-05,5.91e-05,7.14e-05,8.57e-05,0.000121855,0.00017003,0.000271593,,,,,,,,53.0,2857.0,-186.0,60,,,,1.47,0.29,1.87,2.8e+23,0.41,43.0,split 2.97,,,,,,5000.0,linear,acetonitrile,25,48,none,,https://doi.org/10.1021/ma00181a020,"S. M. Zahurak, M. L. Kaplan, E. A. Rietman, D. W. Murphy and R. J. Cava, Macromolecules, 1988, 21, 654-660",[B-](F)(F)(F)F
400,,ether,PEO,COC,COC,100.0,1.0,BF4,,0.066666667,,,,,,,,yes,,,,,,,,,1.31e-07,4.24e-07,1.32e-06,,1.16e-05,3.42e-05,4.29e-05,5.23e-05,6.25e-05,7.32e-05,8.45e-05,0.000108326,0.000133149,0.00017118,,,,,,,,0.03,315.0,-15.0,61,,,,1.57,0.29,2.02,3.7e+25,0.31,1.4,split 2.97,,,,,,5000.0,linear,acetonitrile,25,48,none,,https://doi.org/10.1021/ma00181a020,"S. M. Zahurak, M. L. Kaplan, E. A. Rietman, D. W. Murphy and R. J. Cava, Macromolecules, 1988, 21, 654-660",[B-](F)(F)(F)F
401,,ether,PEO,COC,COC,100.0,1.0,CF3SO3,,0.285714286,,,,,,,,yes,,,,,,,,,4.89e-08,7.7e-08,1.19e-07,,1.45e-07,,1.45e-07,,1.41e-07,1.91e-07,2.57e-07,4.53e-07,7.76e-07,1.65e-06,,,,,,,,60741.0,8471.0,-273.15,84,,,,,,,,0.71,1896.0,split 2.8,,,,,,5000.0,linear,acetonitrile,25,48,none,,https://doi.org/10.1021/ma00181a020,"S. M. Zahurak, M. L. Kaplan, E. A. Rietman, D. W. Murphy and R. J. Cava, Macromolecules, 1988, 21, 654-660",C(F)(F)(F)S(=O)(=O)[O-]
402,,ether,PEO,COC,COC,100.0,1.0,CF3SO3,,0.25,,,,,,,,yes,,,,,,,,,,,,,,,,,,,,,,,,,,,,,,,,,,,,,1.07,0.39,,,,,,,,,,,5000.0,linear,acetonitrile,25,48,none,,https://doi.org/10.1021/ma00181a020,"S. M. Zahurak, M. L. Kaplan, E. A. Rietman, D. W. Murphy and R. J. Cava, Macromolecules, 1988, 21, 654-660",C(F)(F)(F)S(=O)(=O)[O-]
403,,ether,PEO,COC,COC,100.0,1.0,CF3SO3,,0.222222222,,,,,,,,yes,,,,,,,,,,,,,,,,,,,,,,,,,,,,,,,,,,,,,0.9,0.37,,,,,,,,,,,5000.0,linear,acetonitrile,25,48,none,,https://doi.org/10.1021/ma00181a020,"S. M. Zahurak, M. L. Kaplan, E. A. Rietman, D. W. Murphy and R. J. Cava, Macromolecules, 1988, 21, 654-660",C(F)(F)(F)S(=O)(=O)[O-]
404,,ether,PEO,COC,COC,100.0,1.0,CF3SO3,,0.2,,,,,,,,yes,,,,,,,,,,,,,,,,,,,,,,,,,,,,,,,,,,,,,1.36,0.33,,,,,,,,,,,5000.0,linear,acetonitrile,25,48,none,,https://doi.org/10.1021/ma00181a020,"S. M. Zahurak, M. L. Kaplan, E. A. Rietman, D. W. Murphy and R. J. Cava, Macromolecules, 1988, 21, 654-660",C(F)(F)(F)S(=O)(=O)[O-]
405,,ether,PEO,COC,COC,100.0,1.0,CF3SO3,,0.166666667,,,,,,,,yes,,,,,,,,,,,,,,,,,,,,,,,,,,,,,,,,,,,,,1.27,0.35,,,,,,,,,,,5000.0,linear,acetonitrile,25,48,none,,https://doi.org/10.1021/ma00181a020,"S. M. Zahurak, M. L. Kaplan, E. A. Rietman, D. W. Murphy and R. J. Cava, Macromolecules, 1988, 21, 654-660",C(F)(F)(F)S(=O)(=O)[O-]
406,,ether,PEO,COC,COC,100.0,1.0,CF3SO3,,0.125,,,,,,,,yes,,,,,,,,,1.89e-07,4e-07,8.3e-07,,3.34e-06,7.68e-06,9.97e-06,1.28e-05,1.64e-05,2.08e-05,2.63e-05,4.11e-05,6.27e-05,0.000113638,,,,,,,,14111.0,6229.0,-273.15,64,,,,1.26,0.33,1.29,120000000000000.0,0.52,411.0,split 2.96,,,,,,5000.0,linear,acetonitrile,25,48,none,,https://doi.org/10.1021/ma00181a020,"S. M. Zahurak, M. L. Kaplan, E. A. Rietman, D. W. Murphy and R. J. Cava, Macromolecules, 1988, 21, 654-660",C(F)(F)(F)S(=O)(=O)[O-]
407,,ether,PEO,COC,COC,100.0,1.0,CF3SO3,,0.083333333,,,,,,,,yes,,,,,,,,,,,,,,,,,,,,,,,,,,,,,,,,,,,,,0.94,0.29,,,,,,,,,,,5000.0,linear,acetonitrile,25,48,none,,https://doi.org/10.1021/ma00181a020,"S. M. Zahurak, M. L. Kaplan, E. A. Rietman, D. W. Murphy and R. J. Cava, Macromolecules, 1988, 21, 654-660",C(F)(F)(F)S(=O)(=O)[O-]
408,,ether,PEO,COC,COC,100.0,1.0,CF3SO3,,0.0625,,,,,,,,yes,,,,,,,,,1.11e-06,2.27e-06,4.56e-06,,1.73e-05,,5.52e-05,,8.45e-05,0.000103591,0.000126289,0.00018473,0.000264902,0.000439709,,,,,,,,5832.0,5338.0,-273.15,66,,,,1.04,0.28,1.24,84000000000000.0,0.44,184.0,split 2.95,,,,,,5000.0,linear,acetonitrile,25,48,none,,https://doi.org/10.1021/ma00181a020,"S. M. Zahurak, M. L. Kaplan, E. A. Rietman, D. W. Murphy and R. J. Cava, Macromolecules, 1988, 21, 654-660",C(F)(F)(F)S(=O)(=O)[O-]
409,,ether,PEO,COC,COC,100.0,1.0,CF3SO3,,0.05,,,,,,,,yes,,,,,,,,,7.09e-07,1.36e-06,2.57e-06,,8.59e-06,,2.68e-05,,2.71e-05,3.24e-05,3.86e-05,5.4e-05,7.43e-05,0.000116145,,,,,,,,20.0,3656.0,-273.15,65,,,,,,1.0,49000000000.0,0.3,0.63,split 2.96,,,,,,5000.0,linear,acetonitrile,25,48,none,,https://doi.org/10.1021/ma00181a020,"S. M. Zahurak, M. L. Kaplan, E. A. Rietman, D. W. Murphy and R. J. Cava, Macromolecules, 1988, 21, 654-660",C(F)(F)(F)S(=O)(=O)[O-]
410,Addition of calixpyrrole to increase t+,ether,PEO,COC,COC,100.0,1.0,BF4,,0.05,,,,,,,,yes,,,3.3e-09,,5.13e-09,,7.22e-09,1.13e-08,1.6e-08,2.21e-08,3.01e-08,3.94e-08,5.11e-08,6.53e-08,8.05e-08,,,,,,,,0.32,70.0,Bruce-vincent,,,,,0.003,1233.0,-94.0,20,,,,,,,,0.56,13.8,entire range,,,,,,4000.0,linear,acetonitrile,60,48,yes,,https://doi.org/10.1016/j.electacta.2005.02.067,"M. Kalita, M. Bukat, M. Ciosek, M. Siekierski, S. H. Chung, T. Rodriguez, S. G. Greenbaum, R. Kovarsky, D. Golodnitsky, E. Peled, D. Zane, B. Scrosati and W. Wieczorek, Electrochim. Acta, 2005, 50, 3942-3948",[B-](F)(F)(F)F
411,Use Fuoss-Kraus procedure to calculate aggregation,ether,PEO,COC,COC,100.0,1.0,BF4,,0.01,,,,,,,,yes,,,2.92e-10,,4.13e-10,,5.35e-10,7.41e-10,9.81e-10,1.19e-09,1.43e-09,1.77e-09,2.09e-09,2.46e-09,2.83e-09,,,,,,,,0.36,90.0,PFG NMR,,,,,3e-06,533.0,-65.0,20,,,,,,,,0.39,0.002,entire range,2e-07,90.0,,,,4000.0,linear,acetonitrile,60,48,yes,,https://doi.org/10.1016/j.electacta.2005.02.067,"M. Kalita, M. Bukat, M. Ciosek, M. Siekierski, S. H. Chung, T. Rodriguez, S. G. Greenbaum, R. Kovarsky, D. Golodnitsky, E. Peled, D. Zane, B. Scrosati and W. Wieczorek, Electrochim. Acta, 2005, 50, 3942-3948",[B-](F)(F)(F)F
412,PEO LiTFSI PFG,ether,PEO,COC,COC,100.0,1.0,TFSI,,0.2,,,,,,,,yes,,,,,,,,,,,,,,,,,,,,,,,0.157423197,85.0,PFG NMR,,,,,,,,,,,,,,,,,,,8.33e-11,85.0,,,,5000.0,linear,acetonitrile,25,48,high,,https://doi.org/10.1016/S0167-2738(02)00364-8,"G. Oraedd, L. Edman and A. Ferry, Solid State Ionics, 2002, 152-153, 131-136.",C(F)(F)(F)S(=O)(=O)[N-]S(=O)(=O)C(F)(F)F
413,,ether,PEO,COC,COC,100.0,1.0,TFSI,,0.125,,,,,,,,yes,,,,,,,,,,,,,,,,,,,,,,,0.11940532,85.0,,,,,,,,,,,,,,,,,,,,1.32e-10,85.0,,,,5000.0,linear,acetonitrile,25,48,high,,https://doi.org/10.1016/S0167-2738(02)00364-8,"G. Oraedd, L. Edman and A. Ferry, Solid State Ionics, 2002, 152-153, 131-136.",C(F)(F)(F)S(=O)(=O)[N-]S(=O)(=O)C(F)(F)F
414,,ether,PEO,COC,COC,100.0,1.0,TFSI,,0.083333333,,,,,,,,yes,,,,,,,,,,,,,,,,,,,,,,,0.146414234,85.0,,,,,,,,,,,,,,,,,,,,2.84e-10,85.0,,,,5000.0,linear,acetonitrile,25,48,high,,https://doi.org/10.1016/S0167-2738(02)00364-8,"G. Oraedd, L. Edman and A. Ferry, Solid State Ionics, 2002, 152-153, 131-136.",C(F)(F)(F)S(=O)(=O)[N-]S(=O)(=O)C(F)(F)F
415,,ether,PEO,COC,COC,100.0,1.0,TFSI,,0.0625,,,,,,,,yes,,,,,,,,,,,,,,,,,,,,,,,0.160280618,85.0,,,,,,,,,,,,,,,,,,,,4.34e-10,85.0,,,,5000.0,linear,acetonitrile,25,48,high,,https://doi.org/10.1016/S0167-2738(02)00364-8,"G. Oraedd, L. Edman and A. Ferry, Solid State Ionics, 2002, 152-153, 131-136.",C(F)(F)(F)S(=O)(=O)[N-]S(=O)(=O)C(F)(F)F
416,,ether,PEO,COC,COC,100.0,1.0,TFSI,,0.05,,,,,,,,yes,,,,,,,,,,,,,,,,,,,,,,,0.158845646,85.0,,,,,,,,,,,,,,,,,,,,4.68e-10,85.0,,,,5000.0,linear,acetonitrile,25,48,high,,https://doi.org/10.1016/S0167-2738(02)00364-8,"G. Oraedd, L. Edman and A. Ferry, Solid State Ionics, 2002, 152-153, 131-136.",C(F)(F)(F)S(=O)(=O)[N-]S(=O)(=O)C(F)(F)F
417,,ether,PEO,COC,COC,100.0,1.0,TFSI,,0.033333333,,,,,,,,yes,,,,,,,,,,,,,,,,,,,,,,,0.170602515,85.0,,,,,,,,,,,,,,,,,,,,6.17e-10,85.0,,,,5000.0,linear,acetonitrile,25,48,high,,https://doi.org/10.1016/S0167-2738(02)00364-8,"G. Oraedd, L. Edman and A. Ferry, Solid State Ionics, 2002, 152-153, 131-136.",C(F)(F)(F)S(=O)(=O)[N-]S(=O)(=O)C(F)(F)F
418,,ether,PEO,COC,COC,100.0,1.0,TFSI,,0.02,,,,,,,,yes,,,,,,,,,,,,,,,,,,,,,,,0.170602515,85.0,,,,,,,,,,,,,,,,,,,,7.31e-10,85.0,,,,5000.0,linear,acetonitrile,25,48,high,,https://doi.org/10.1016/S0167-2738(02)00364-8,"G. Oraedd, L. Edman and A. Ferry, Solid State Ionics, 2002, 152-153, 131-136.",C(F)(F)(F)S(=O)(=O)[N-]S(=O)(=O)C(F)(F)F
419,"Has more Tg data vs concentration, as well as phase behavior",ether,PEO,COC,COC,100.0,1.0,ClO4,,0.015625,,,,,,,,yes,,,,,,,,,,,0.00011036,,,,,,,,,0.00041629,,,,,,,,,,,,,,,,,,,,,,,,,,,1.02,3.9,3.978,linear,methanol,130,,high,,https://doi.org/10.1016/0013-4686(92)80115-3,"Vallee, Besner, Prud'Homme, Electrochimica Acta, 37, 1992, 1579-1583",[O-]Cl(=O)(=O)=O
420,,ether,PEO,COC,COC,100.0,1.0,ClO4,,0.03125,,,,,,,,yes,,,,,,,,,,,0.00023032,,,,,,,,,0.0010882,,,,,,,,,,,,,,,,,,,,,,,,,,,1.02,3.9,3.978,linear,methanol,130,,high,,https://doi.org/10.1016/0013-4686(92)80115-3,"Vallee, Besner, Prud'Homme, Electrochimica Acta, 37, 1992, 1579-1583",[O-]Cl(=O)(=O)=O
421,,ether,PEO,COC,COC,100.0,1.0,ClO4,,0.041666667,,-48.045,,,,,,yes,,,,,,,,,,,0.00025185,,,,,,,,,0.0014994,,,,,,,,,,,,,,,,,,,,,,,,,,,1.02,3.9,3.978,linear,methanol,130,,high,,https://doi.org/10.1016/0013-4686(92)80115-3,"Vallee, Besner, Prud'Homme, Electrochimica Acta, 37, 1992, 1579-1583",[O-]Cl(=O)(=O)=O
422,,ether,PEO,COC,COC,100.0,1.0,ClO4,,0.0625,,-42.883,,,,,,yes,,,,,,,,,,,0.00018966,,,,,,,,,0.0015923,,,,,,,,,,,,,,,,,,,,,,,,,,,1.02,3.9,3.978,linear,methanol,130,,high,,https://doi.org/10.1016/0013-4686(92)80115-3,"Vallee, Besner, Prud'Homme, Electrochimica Acta, 37, 1992, 1579-1583",[O-]Cl(=O)(=O)=O
423,,ether,PEO,COC,COC,100.0,1.0,ClO4,,0.125,,-18.914,,,,,,yes,,,,,,,,,,,3.03e-05,,,,,,,,,0.00077904,,,,,,,,,,,,,,,,,,,,,,,,,,,1.02,3.9,3.978,linear,methanol,130,,high,,https://doi.org/10.1016/0013-4686(92)80115-3,"Vallee, Besner, Prud'Homme, Electrochimica Acta, 37, 1992, 1579-1583",[O-]Cl(=O)(=O)=O
424,,ether,PEO,COC,COC,100.0,1.0,ClO4,,0.166666667,,-7.407,,,,,,yes,,,,,,,,,,,8.94e-06,,,,,,,,,0.00042362,,,,,,,,,,,,,,,,,,,,,,,,,,,1.02,3.9,3.978,linear,methanol,130,,high,,https://doi.org/10.1016/0013-4686(92)80115-3,"Vallee, Besner, Prud'Homme, Electrochimica Acta, 37, 1992, 1579-1583",[O-]Cl(=O)(=O)=O
425,,ether,PEO,COC,COC,100.0,1.0,ClO4,,0.25,,7.4686,,,,,,yes,,,,,,,,,,,,,,,,,,,,9.09e-05,,,,,,,,,,,,,,,,,,,,,,,,,,,1.02,3.9,3.978,linear,methanol,130,,high,,https://doi.org/10.1016/0013-4686(92)80115-3,"Vallee, Besner, Prud'Homme, Electrochimica Acta, 37, 1992, 1579-1583",[O-]Cl(=O)(=O)=O
426,,ether,PEO,COC,COC,100.0,1.0,TFSI,,0.015625,,,,,,,,yes,,,,,,,,,,,0.00012798,,,,,,,,,0.00058012,,,,,,,,,,,,,,,,,,,,,,,,,,,1.02,3.9,3.978,linear,methanol,160,,high,,https://doi.org/10.1016/0013-4686(92)80115-3,"Vallee, Besner, Prud'Homme, Electrochimica Acta, 37, 1992, 1579-1583",C(F)(F)(F)S(=O)(=O)[N-]S(=O)(=O)C(F)(F)F
427,,ether,PEO,COC,COC,100.0,1.0,TFSI,,0.03125,,,,,,,,yes,,,,,,,,,,,0.00030245,,,,,,,,,0.0014547,,,,,,,,,,,,,,,,,,,,,,,,,,,1.02,3.9,3.978,linear,methanol,160,,high,,https://doi.org/10.1016/0013-4686(92)80115-3,"Vallee, Besner, Prud'Homme, Electrochimica Acta, 37, 1992, 1579-1583",C(F)(F)(F)S(=O)(=O)[N-]S(=O)(=O)C(F)(F)F
428,,ether,PEO,COC,COC,100.0,1.0,TFSI,,0.041666667,,-55.943,,,,,,yes,,,,,,,,,,,0.0003447,,,,,,,,,0.0017591,,,,,,,,,,,,,,,,,,,,,,,,,,,1.02,3.9,3.978,linear,methanol,160,,high,,https://doi.org/10.1016/0013-4686(92)80115-3,"Vallee, Besner, Prud'Homme, Electrochimica Acta, 37, 1992, 1579-1583",C(F)(F)(F)S(=O)(=O)[N-]S(=O)(=O)C(F)(F)F
429,,ether,PEO,COC,COC,100.0,1.0,TFSI,,0.0625,,-50.194,,,,,,yes,,,,,,,,,,,0.00032124,,,,,,,,,0.002078,,,,,,,,,,,,,,,,,,,,,,,,,,,1.02,3.9,3.978,linear,methanol,160,,high,,https://doi.org/10.1016/0013-4686(92)80115-3,"Vallee, Besner, Prud'Homme, Electrochimica Acta, 37, 1992, 1579-1583",C(F)(F)(F)S(=O)(=O)[N-]S(=O)(=O)C(F)(F)F
430,,ether,PEO,COC,COC,100.0,1.0,TFSI,,0.1,,-41.877,,,,,,yes,,,,,4.02e-05,,,,,,0.00026129,,,,,,,,,0.0020921,,,,,,,,,,,,,,,,,,,,,,,,,,,1.02,3.9,3.978,linear,methanol,160,,high,,https://doi.org/10.1016/0013-4686(92)80115-3,"Vallee, Besner, Prud'Homme, Electrochimica Acta, 37, 1992, 1579-1583",C(F)(F)(F)S(=O)(=O)[N-]S(=O)(=O)C(F)(F)F
431,,ether,PEO,COC,COC,100.0,1.0,TFSI,,0.125,,-35.776,,,,,,yes,,,,,2.47e-05,,,,,,0.00019207,,,,,,,,,0.0017836,,,,,,,,,,,,,,,,,,,,,,,,,,,1.02,3.9,3.978,linear,methanol,160,,high,,https://doi.org/10.1016/0013-4686(92)80115-3,"Vallee, Besner, Prud'Homme, Electrochimica Acta, 37, 1992, 1579-1583",C(F)(F)(F)S(=O)(=O)[N-]S(=O)(=O)C(F)(F)F
432,,ether,PEO,COC,COC,100.0,1.0,TFSI,,0.25,,-18.711,,,,,,yes,,,,,,,,,,,2.32e-05,,,,,,,,,0.00051447,,,,,,,,,,,,,,,,,,,,,,,,,,,1.02,3.9,3.978,linear,methanol,160,,high,,https://doi.org/10.1016/0013-4686(92)80115-3,"Vallee, Besner, Prud'Homme, Electrochimica Acta, 37, 1992, 1579-1583",C(F)(F)(F)S(=O)(=O)[N-]S(=O)(=O)C(F)(F)F
433,,ether,PEO,COC,COC,100.0,1.0,TFSI,,0.002,,-66.0,,,,,,yes,,,,,,,,,,,2.28e-05,2.7e-05,3.18e-05,3.7e-05,4.18e-05,4.77e-05,5.4e-05,6.2e-05,6.7e-05,8.2e-05,9.7e-05,,,,,,,,,0.05,638.0,-81.0,50,0.136,961.0,-116.0,,,,,0.26,0.25,entire range,,,,1.21,4.0,4.84,linear,methanol,130,24,high,170C for 1 h extra drying,https://doi.org/10.1021/ma00103a034,"S. Lascaud, M. Perrier, A. Vallee, S. Besner, J. Prud'homme and M. Armand, Macromolecules, 1994, 27, 7469-7477",C(F)(F)(F)S(=O)(=O)[N-]S(=O)(=O)C(F)(F)F
434,,ether,PEO,COC,COC,100.0,1.0,TFSI,,0.005208333,,-65.0,,,,,,yes,,,,,,,,,,,8.2e-05,9.4e-05,0.000116,0.000136,0.000156,0.00018,0.000202,0.000229,0.000255,0.000312,0.000371,,,,,,,,,0.22,644.0,-78.0,50,0.6,989.0,-115.0,,,,,0.27,1.3,entire range,,,,1.21,4.0,4.84,linear,methanol,130,24,high,170C for 1 h extra drying,https://doi.org/10.1021/ma00103a034,"S. Lascaud, M. Perrier, A. Vallee, S. Besner, J. Prud'homme and M. Armand, Macromolecules, 1994, 27, 7469-7477",C(F)(F)(F)S(=O)(=O)[N-]S(=O)(=O)C(F)(F)F
435,,ether,PEO,COC,COC,100.0,1.0,TFSI,,0.0078125,,-64.0,,,,,,yes,,,,,,,,,,,0.00012,0.000143,0.000169,0.000199,0.000229,0.00026,0.000297,0.000336,0.000379,0.000463,0.00056,,,,,,,,,0.52,781.0,-92.0,50,0.94,996.0,-114.0,,,,,0.27,2.3,entire range,,,,1.21,4.0,4.84,linear,methanol,130,24,high,170C for 1 h extra drying,https://doi.org/10.1021/ma00103a034,"S. Lascaud, M. Perrier, A. Vallee, S. Besner, J. Prud'homme and M. Armand, Macromolecules, 1994, 27, 7469-7477",C(F)(F)(F)S(=O)(=O)[N-]S(=O)(=O)C(F)(F)F
436,,ether,PEO,COC,COC,100.0,1.0,TFSI,,0.010416667,,-63.5,,,,,,yes,,,,,,,,,,,0.000141,0.000171,0.000202,0.000242,0.000279,0.00032,0.000367,0.000422,0.000476,0.00058,0.00071,,,,,,,,,0.6,723.0,-83.0,50,1.5,1038.0,-113.5,,,,,0.29,4.5,entire range,,,,1.21,4.0,4.84,linear,methanol,130,24,high,170C for 1 h extra drying,https://doi.org/10.1021/ma00103a034,"S. Lascaud, M. Perrier, A. Vallee, S. Besner, J. Prud'homme and M. Armand, Macromolecules, 1994, 27, 7469-7477",C(F)(F)(F)S(=O)(=O)[N-]S(=O)(=O)C(F)(F)F
437,,ether,PEO,COC,COC,100.0,1.0,TFSI,,0.015625,,-62.0,,,,,,yes,,,,,,,,,,,0.000185,0.000231,0.00028,0.000335,0.000397,0.000465,0.00054,0.00062,0.0007,0.0009,0.00112,,,,,,,,,1.5,822.0,-85.0,50,3.5,1126.0,-112.0,,,,,0.32,18.3,entire range,,,,1.21,4.0,4.84,linear,methanol,130,24,high,170C for 1 h extra drying,https://doi.org/10.1021/ma00103a034,"S. Lascaud, M. Perrier, A. Vallee, S. Besner, J. Prud'homme and M. Armand, Macromolecules, 1994, 27, 7469-7477",C(F)(F)(F)S(=O)(=O)[N-]S(=O)(=O)C(F)(F)F
438,,ether,PEO,COC,COC,100.0,1.0,TFSI,,0.020833333,,-61.0,,,,,,yes,,,,,,,,,,,0.000268,0.000325,0.000395,0.000467,0.00056,0.00065,0.00074,0.00085,0.00096,0.0012,0.00149,,,,,,,,,1.5,751.0,-81.0,50,3.6,1064.0,-111.0,,,,,0.3,15.0,entire range,,,,1.21,4.0,4.84,linear,methanol,130,24,high,170C for 1 h extra drying,https://doi.org/10.1021/ma00103a034,"S. Lascaud, M. Perrier, A. Vallee, S. Besner, J. Prud'homme and M. Armand, Macromolecules, 1994, 27, 7469-7477",C(F)(F)(F)S(=O)(=O)[N-]S(=O)(=O)C(F)(F)F
439,,ether,PEO,COC,COC,100.0,1.0,TFSI,,0.03125,,-58.0,,,,,,yes,,,,,,,,,,,0.000363,0.000446,0.00054,0.00064,0.00074,0.00088,0.00101,0.00117,0.00134,0.00171,,,,,,,,,,8.8,1240.0,-122.0,50,5.5,1064.0,-108.0,,,,,0.32,39.0,entire range,,,,1.21,4.0,4.84,linear,methanol,130,24,high,170C for 1 h extra drying,https://doi.org/10.1021/ma00103a034,"S. Lascaud, M. Perrier, A. Vallee, S. Besner, J. Prud'homme and M. Armand, Macromolecules, 1994, 27, 7469-7477",C(F)(F)(F)S(=O)(=O)[N-]S(=O)(=O)C(F)(F)F
440,,ether,PEO,COC,COC,100.0,1.0,TFSI,,0.041666667,,-56.0,,,,,,yes,,,,,,,,,,,0.000384,0.00048,0.00059,0.00071,0.00084,0.00099,0.00116,0.00135,0.00154,0.00196,,,,,,,,,,3.0,783.0,-79.0,50,7.8,1096.0,-106.0,,,,,0.34,79.0,entire range,,,,1.21,4.0,4.84,linear,methanol,130,24,high,170C for 1 h extra drying,https://doi.org/10.1021/ma00103a034,"S. Lascaud, M. Perrier, A. Vallee, S. Besner, J. Prud'homme and M. Armand, Macromolecules, 1994, 27, 7469-7477",C(F)(F)(F)S(=O)(=O)[N-]S(=O)(=O)C(F)(F)F
441,,ether,PEO,COC,COC,100.0,1.0,TFSI,,0.0625,,-50.0,,,,,,yes,,,,,,,,,,,0.000381,0.00049,0.00061,0.00077,0.00094,0.00111,0.00132,0.00155,0.00179,,,,,,,,,,,3.3,704.0,-64.0,50,14.5,1147.0,-100.0,,,,,0.39,498.0,entire range,,,,1.21,4.0,4.84,linear,methanol,130,24,high,170C for 1 h extra drying,https://doi.org/10.1021/ma00103a034,"S. Lascaud, M. Perrier, A. Vallee, S. Besner, J. Prud'homme and M. Armand, Macromolecules, 1994, 27, 7469-7477",C(F)(F)(F)S(=O)(=O)[N-]S(=O)(=O)C(F)(F)F
442,,ether,PEO,COC,COC,100.0,1.0,TFSI,,0.090909091,,-43.0,,,,,,yes,,,,,,,,,,,0.000296,0.000392,0.00052,0.00067,0.00084,0.00104,0.00126,0.00156,0.00187,0.0025,0.00337,,,,,,,,,10.5,918.0,-71.0,50,27.0,1218.0,-93.0,,,,,0.43,1748.0,entire range,,,,1.21,4.0,4.84,linear,methanol,130,24,high,170C for 1 h extra drying,https://doi.org/10.1021/ma00103a034,"S. Lascaud, M. Perrier, A. Vallee, S. Besner, J. Prud'homme and M. Armand, Macromolecules, 1994, 27, 7469-7477",C(F)(F)(F)S(=O)(=O)[N-]S(=O)(=O)C(F)(F)F
443,,ether,PEO,COC,COC,100.0,1.0,TFSI,,0.125,,-36.0,,,,,,yes,,,,,,,,,,,0.000223,0.000304,0.000411,0.00054,0.0007,0.00089,0.0011,0.00136,0.00165,0.00235,0.00321,,,,,,,,,18.9,1052.0,-74.0,50,33.0,1224.0,-86.0,,,,,0.47,6027.0,entire range,,,,1.21,4.0,4.84,linear,methanol,130,24,high,170C for 1 h extra drying,https://doi.org/10.1021/ma00103a034,"S. Lascaud, M. Perrier, A. Vallee, S. Besner, J. Prud'homme and M. Armand, Macromolecules, 1994, 27, 7469-7477",C(F)(F)(F)S(=O)(=O)[N-]S(=O)(=O)C(F)(F)F
444,,ether,PEO,COC,COC,100.0,1.0,TFSI,,0.166666667,,-29.0,,,,,,yes,,,,,,,,,,,0.000174,0.000239,0.000324,0.000422,0.00054,0.00068,0.00084,0.00103,0.00127,0.00172,,,,,,,,,,6.2,837.0,-60.0,50,15.5,1096.0,-79.0,,,,,0.48,5394.0,entire range,,,,1.21,4.0,4.84,linear,methanol,130,24,high,170C for 1 h extra drying,https://doi.org/10.1021/ma00103a034,"S. Lascaud, M. Perrier, A. Vallee, S. Besner, J. Prud'homme and M. Armand, Macromolecules, 1994, 27, 7469-7477",C(F)(F)(F)S(=O)(=O)[N-]S(=O)(=O)C(F)(F)F
445,,ether,PEO,COC,COC,100.0,1.0,TFSI,,0.2,,-25.0,,,,,,yes,,,,,,,,,,,4.21e-05,6.3e-05,9.2e-05,0.000129,0.000175,0.000235,0.000312,0.000409,0.00053,0.00082,0.00115,,,,,,,,,16.0,1150.0,-65.0,50,29.0,1318.0,-75.0,,,,,0.59,81000.0,entire range,,,,1.21,4.0,4.84,linear,methanol,130,24,high,170C for 1 h extra drying,https://doi.org/10.1021/ma00103a034,"S. Lascaud, M. Perrier, A. Vallee, S. Besner, J. Prud'homme and M. Armand, Macromolecules, 1994, 27, 7469-7477",C(F)(F)(F)S(=O)(=O)[N-]S(=O)(=O)C(F)(F)F
446,,ether,PEO,COC,COC,100.0,1.0,TFSI,,0.25,,-19.0,,,,,,yes,,,,,,,,,,,2.29e-05,3.5e-05,5.2e-05,7.5e-05,0.000106,0.000148,0.000197,0.00026,0.000335,0.00053,0.00078,,,,,,,,,13.0,1156.0,-61.0,50,21.0,1290.0,-69.0,,,,,0.63,170000.0,entire range,,,,1.21,4.0,4.84,linear,methanol,130,24,high,170C for 1 h extra drying,https://doi.org/10.1021/ma00103a034,"S. Lascaud, M. Perrier, A. Vallee, S. Besner, J. Prud'homme and M. Armand, Macromolecules, 1994, 27, 7469-7477",C(F)(F)(F)S(=O)(=O)[N-]S(=O)(=O)C(F)(F)F
447,,ether,PEO,COC,COC,100.0,1.0,TFSI,,0.5,,5.0,,,,,,yes,,,,,,,,,,,,,,,,,,,4.56e-05,7.5e-05,0.000126,,,,,,,,,410000.0,7250.0,-273.15,90,2.7,1089.0,-45.0,,,,,0.61,13000.0,entire range,,,,1.21,4.0,4.84,linear,methanol,130,24,high,170C for 1 h extra drying,https://doi.org/10.1021/ma00103a034,"S. Lascaud, M. Perrier, A. Vallee, S. Besner, J. Prud'homme and M. Armand, Macromolecules, 1994, 27, 7469-7477",C(F)(F)(F)S(=O)(=O)[N-]S(=O)(=O)C(F)(F)F
448,,ether,PEO,COC,COC,100.0,1.0,MPSA,,0.015625,,-62.0,,,,,,yes,,,,,,,,,,,,2.65e-05,3.09e-05,3.53e-05,3.99e-05,4.51e-05,5e-05,5.6e-05,6.1e-05,7.2e-05,8.3e-05,,,,,,,,,0.02,420.0,-58.0,55,0.07,817.0,-112.0,,,,,0.22,0.07,entire range,,,,1.21,4.0,4.84,linear,methanol,130,24,high,170C for 1 h extra drying,https://doi.org/10.1021/ma00103a034,"S. Lascaud, M. Perrier, A. Vallee, S. Besner, J. Prud'homme and M. Armand, Macromolecules, 1994, 27, 7469-7477",C(F)(F)(F)S(=O)(=O)[N-]CCCOC
449,,ether,PEO,COC,COC,100.0,1.0,MPSA,,0.033333333,,-60.0,,,,,,yes,,,,,,,,,,,,5.2e-05,6.1e-05,7.2e-05,8.3e-05,9.6e-05,0.00011,0.000123,0.000138,0.00017,0.000205,,,,,,,,,0.13,645.0,-76.0,55,0.3,950.0,-110.0,,,,,0.26,0.62,entire range,,,,1.21,4.0,4.84,linear,methanol,130,24,high,170C for 1 h extra drying,https://doi.org/10.1021/ma00103a034,"S. Lascaud, M. Perrier, A. Vallee, S. Besner, J. Prud'homme and M. Armand, Macromolecules, 1994, 27, 7469-7477",C(F)(F)(F)S(=O)(=O)[N-]CCCOC
450,,ether,PEO,COC,COC,100.0,1.0,MPSA,,0.047619048,,-58.0,,,,,,yes,,,,,,,,,,,,6.2e-05,7.5e-05,8.8e-05,0.000103,0.000122,0.00014,0.000158,0.000178,0.00022,0.00027,,,,,,,,,0.17,617.0,-68.0,55,0.5,989.0,-108.0,,,,,0.28,1.4,entire range,,,,1.21,4.0,4.84,linear,methanol,130,24,high,170C for 1 h extra drying,https://doi.org/10.1021/ma00103a034,"S. Lascaud, M. Perrier, A. Vallee, S. Besner, J. Prud'homme and M. Armand, Macromolecules, 1994, 27, 7469-7477",C(F)(F)(F)S(=O)(=O)[N-]CCCOC
451,,ether,PEO,COC,COC,100.0,1.0,MPSA,,0.0625,,-56.5,,,,,,yes,,,,,,,,,,,,6.9e-05,8.6e-05,0.000102,0.000122,0.000144,0.000168,0.000194,0.000223,0.000282,0.000345,,,,,,,,,0.27,642.0,-65.0,55,0.93,1064.0,-106.5,,,,,0.31,4.1,entire range,,,,1.21,4.0,4.84,linear,methanol,130,24,high,170C for 1 h extra drying,https://doi.org/10.1021/ma00103a034,"S. Lascaud, M. Perrier, A. Vallee, S. Besner, J. Prud'homme and M. Armand, Macromolecules, 1994, 27, 7469-7477",C(F)(F)(F)S(=O)(=O)[N-]CCCOC
452,,ether,PEO,COC,COC,100.0,1.0,MPSA,,0.083333333,,-53.5,,,,,,yes,,,,,,,,,,,,6.4e-05,7.9e-05,9.7e-05,0.000115,0.000138,0.00016,0.000186,0.000214,0.000279,0.000353,,,,,,,,,0.81,963.0,-92.0,55,1.2,1093.0,-103.5,,,,,0.33,7.8,entire range,,,,1.21,4.0,4.84,linear,methanol,130,24,high,170C for 1 h extra drying,https://doi.org/10.1021/ma00103a034,"S. Lascaud, M. Perrier, A. Vallee, S. Besner, J. Prud'homme and M. Armand, Macromolecules, 1994, 27, 7469-7477",C(F)(F)(F)S(=O)(=O)[N-]CCCOC
453,,ether,PEO,COC,COC,100.0,1.0,MPSA,,0.1,,-53.0,,,,,,yes,,,,,,,,,,,,5.5e-05,6.8e-05,8.4e-05,0.000102,0.000121,0.000142,0.000168,0.000194,0.000257,0.000328,,,,,,,,,0.95,1014.0,-93.0,55,1.3,1137.0,-103.0,,,,,0.35,11.8,entire range,,,,1.21,4.0,4.84,linear,methanol,130,24,high,170C for 1 h extra drying,https://doi.org/10.1021/ma00103a034,"S. Lascaud, M. Perrier, A. Vallee, S. Besner, J. Prud'homme and M. Armand, Macromolecules, 1994, 27, 7469-7477",C(F)(F)(F)S(=O)(=O)[N-]CCCOC
454,PEO synthesized themselves,ether,PEO,COC,COC,100.0,1.0,CF3SO3,,0.083333333,,-42.0,,,,,,yes,4.97e-10,6.87e-09,1.53e-08,,3.07e-08,,6.25e-08,1.23e-07,2.51e-07,4.96e-07,1.18e-06,3.6e-06,4.03e-05,5.23e-05,7.03e-05,8.82e-05,0.00012067,0.000141156,0.00016512,0.00024649,0.000337287,0.000653582,,,,,,,,23000.0,5732.0,-273.15,57,11.2,1474.0,-92.0,,,1.2,10000000000000.0,0.48,721.0,split 3.03,,,,1.06,13.20754717,14.0,linear,THF,25,,yes,dried until constant weight,https://doi.org/10.1021/ma400266w,"G. Zardalidis, E. Ioannou, S. Pispas and G. Floudas, Macromolecules, 2013, 46, 2705-2714.",C(F)(F)(F)S(=O)(=O)[O-]
455,,ether,PEO,COC,COC,100.0,1.0,CF3SO3,,0.125,,-42.0,,,,,,yes,1.12e-09,1.4e-08,3.01e-08,,5.53e-08,,1.13e-07,2.26e-07,4.46e-07,9.11e-07,1.96e-06,5.85e-06,3.51e-05,4.55e-05,5.91e-05,7.68e-05,0.000101414,0.000125026,0.000168074,0.000225996,0.00031463,0.000558985,,,,,,,,30.0,1878.0,-113.0,57,15.1,1555.0,-92.0,,,1.2,3200000000000.0,0.44,166.0,split 3.03,,,,1.06,13.20754717,14.0,linear,THF,25,,yes,dried until constant weight,https://doi.org/10.1021/ma400266w,"G. Zardalidis, E. Ioannou, S. Pispas and G. Floudas, Macromolecules, 2013, 46, 2705-2714.",C(F)(F)(F)S(=O)(=O)[O-]
456,,ether,PEO,COC,COC,100.0,1.0,CF3SO3,,0.166666667,,-42.0,,,,,,yes,,,,,,,,,,,,,,,,,,,,,,,,,,,,,,,,,,,,,,,,,,,,,,,1.06,13.20754717,14.0,linear,THF,25,,yes,dried until constant weight,https://doi.org/10.1021/ma400266w,"G. Zardalidis, E. Ioannou, S. Pispas and G. Floudas, Macromolecules, 2013, 46, 2705-2714.",C(F)(F)(F)S(=O)(=O)[O-]
457,,ether,PEO,COC,COC,100.0,1.0,CF3SO3,,0.25,,,,,,,,yes,4e-11,6.58e-10,1.39e-09,,2.6e-09,,5.99e-09,1.33e-08,2.63e-08,5.18e-08,1.06e-07,2.05e-07,3.69e-07,5.23e-07,7.41e-07,1.01e-06,1.46e-06,2.03e-06,2.88e-06,5.3e-06,8.04e-06,1.53e-05,,,,,,,,58.0,2868.0,-114.0,-15,,,,,,1.2,880000000000.0,0.64,1911.0,"split 3.03, hightest 2.4",,,,1.06,13.20754717,14.0,linear,THF,25,,yes,dried until constant weight,https://doi.org/10.1021/ma400266w,"G. Zardalidis, E. Ioannou, S. Pispas and G. Floudas, Macromolecules, 2013, 46, 2705-2714.",C(F)(F)(F)S(=O)(=O)[O-]
458,,ether,PEO,COC,COC,100.0,1.0,CF3SO3,,0.333333333,,,,,,,,yes,,,,,,,,,,,,,,,,,,,,,,,,,,,,,,,,,,,,,,,,,,,,,,,1.06,13.20754717,14.0,linear,THF,25,,yes,dried until constant weight,https://doi.org/10.1021/ma400266w,"G. Zardalidis, E. Ioannou, S. Pispas and G. Floudas, Macromolecules, 2013, 46, 2705-2714.",C(F)(F)(F)S(=O)(=O)[O-]
459,,ether,PEO,COC,COC,100.0,1.0,CF3SO3,,0.5,,,,,,,,yes,,,,,,,,,,,,1.72e-11,6.79e-11,1.99e-10,4.21e-10,7.74e-10,1.55e-09,3.28e-09,6.93e-09,2.88e-08,9.4e-08,4.34e-07,,,,,,,,4300000000000000.0,18854.0,-273.15,55,,,,,,,,1.6,130000000000000.0,entire range,,,,1.06,13.20754717,14.0,linear,THF,25,,yes,dried until constant weight,https://doi.org/10.1021/ma400266w,"G. Zardalidis, E. Ioannou, S. Pispas and G. Floudas, Macromolecules, 2013, 46, 2705-2714.",C(F)(F)(F)S(=O)(=O)[O-]
460,,ether,PEO,COC,COC,100.0,1.0,CF3SO3,,0.083333333,,-49.0,,,,,,yes,9.64e-10,1.01e-08,2.04e-08,,3.57e-08,,6.32e-08,1.15e-07,2.17e-07,4.34e-07,1.01e-06,3.96e-06,4.52e-05,5.76e-05,7.11e-05,8.65e-05,0.000106807,0.000131917,0.000158052,0.000230356,0.000351237,0.000641653,,,,,,,,14000.0,5558.0,-272.7,57,16.0,1600.0,-99.0,,,1.1,130000000000.0,0.46,458.0,split 3.03,,,,1.05,20.95238095,22.0,linear,THF,25,,yes,dried until constant weight,https://doi.org/10.1021/ma400266w,"G. Zardalidis, E. Ioannou, S. Pispas and G. Floudas, Macromolecules, 2013, 46, 2705-2714.",C(F)(F)(F)S(=O)(=O)[O-]
461,,ether,PEO,COC,COC,100.0,1.0,CF3SO3,,0.125,,,,,,,,yes,,,7.81e-09,,1.54e-08,,3.03e-08,6.42e-08,1.26e-07,2.6e-07,6.61e-07,2.45e-06,2.44e-05,3.2e-05,3.96e-05,5.19e-05,6.41e-05,7.79e-05,9.92e-05,0.000134091,0.000201419,0.000357026,,,,,,,,23000.0,5930.0,-273.15,57,,,,,,1.3,150000000000000.0,0.49,712.0,split 3.03,,,,1.05,20.95238095,22.0,linear,THF,25,,yes,dried until constant weight,https://doi.org/10.1021/ma400266w,"G. Zardalidis, E. Ioannou, S. Pispas and G. Floudas, Macromolecules, 2013, 46, 2705-2714.",C(F)(F)(F)S(=O)(=O)[O-]
462,,ether,PEO,COC,COC,100.0,1.0,CF3SO3,,0.166666667,,,,,,,,yes,9.64e-10,7.24e-09,1.32e-08,,1.66e-08,,2.72e-08,4.34e-08,7.36e-08,1.43e-07,3.07e-07,8.05e-07,1.36e-06,1.73e-06,2.17e-06,2.77e-06,3.37e-06,4.03e-06,5.05e-06,7.15e-06,1.03e-05,2.08e-05,,,,,,,,337.0,5472.0,-273.15,56,,,,,,0.9,42000000.0,0.46,10.7,"split 3.04, end high at 2.5",,,,1.05,20.95238095,22.0,linear,THF,25,,yes,dried until constant weight,https://doi.org/10.1021/ma400266w,"G. Zardalidis, E. Ioannou, S. Pispas and G. Floudas, Macromolecules, 2013, 46, 2705-2714.",C(F)(F)(F)S(=O)(=O)[O-]
463,,ether,PEO,COC,COC,100.0,1.0,CF3SO3,,0.25,,,,,,,,yes,,,1.41e-09,,2.28e-09,,3.86e-09,6.63e-09,1.11e-08,2.05e-08,4.22e-08,1.9e-07,2.99e-07,3.69e-07,4.55e-07,6.06e-07,7.05e-07,9.1e-07,1.21e-06,2.18e-06,4.04e-06,9.68e-06,,,,,,,,130000.0,8071.0,-273.15,55,,,,,,0.91,5500000.0,0.68,4024.0,"split 3.05, end high at 2.5",,,,1.05,20.95238095,22.0,linear,THF,25,,yes,dried until constant weight,https://doi.org/10.1021/ma400266w,"G. Zardalidis, E. Ioannou, S. Pispas and G. Floudas, Macromolecules, 2013, 46, 2705-2714.",C(F)(F)(F)S(=O)(=O)[O-]
464,,ether,PEO,COC,COC,100.0,1.0,CF3SO3,,0.333333333,,,,,,,,yes,,,,,,,1.39e-08,1.79e-08,2.35e-08,3.22e-08,4.22e-08,5.71e-08,7.95e-08,1.03e-07,1.31e-07,1.61e-07,1.96e-07,2.22e-07,2.54e-07,2.86e-07,3.54e-07,5.32e-07,,,,,,,,0.05,3383.0,-273.15,80,,,,,,0.51,3.3,0.28,0.002,"split 2.83, end high at 2.43",,,,1.05,20.95238095,22.0,linear,THF,25,,yes,dried until constant weight,https://doi.org/10.1021/ma400266w,"G. Zardalidis, E. Ioannou, S. Pispas and G. Floudas, Macromolecules, 2013, 46, 2705-2714.",C(F)(F)(F)S(=O)(=O)[O-]
465,,ether,PEO,COC,COC,100.0,1.0,CF3SO3,,0.5,,,,,,,,yes,,,3.7e-11,,,,1.67e-10,,4.37e-10,,1.05e-09,,2.32e-09,,4.44e-09,,7.87e-09,,1.46e-08,3.54e-08,8.61e-08,,,,,,,,,120000.0,9593.0,-273.15,20,,,,,,,,0.81,4051.0,end high 2.4,,,,1.05,20.95238095,22.0,linear,THF,25,,yes,dried until constant weight,https://doi.org/10.1021/ma400266w,"G. Zardalidis, E. Ioannou, S. Pispas and G. Floudas, Macromolecules, 2013, 46, 2705-2714.",C(F)(F)(F)S(=O)(=O)[O-]
466,,ether,PEO,COC,COC,100.0,1.0,CF3SO3,,0.125,,,,,,,,yes,,,3.11e-08,,5.58e-08,,9.66e-08,1.86e-07,3.69e-07,7.6e-07,1.73e-06,5.39e-06,3.82e-05,4.86e-05,6.4e-05,7.86e-05,0.0001,0.000118748,0.000151044,0.000220437,0.000332957,0.000577024,,,,,,,,35000.0,5919.0,-273.15,57,,,,,,1.2,580000000000000.0,0.49,1090.0,split 3.03,,,,1.1,45.45454545,50.0,linear,THF,25,,yes,dried until constant weight,https://doi.org/10.1021/ma400266w,"G. Zardalidis, E. Ioannou, S. Pispas and G. Floudas, Macromolecules, 2013, 46, 2705-2714.",C(F)(F)(F)S(=O)(=O)[O-]
467,,ether,poly(ethylene oxide),COC,COC,100.0,1.0,ClO4,,0.11,,-24.0,,96,,,,yes,,,,,7.94e-07,,1.66e-06,2.73e-06,4.27e-06,6.37e-06,9.13e-06,1.27e-05,1.7e-05,2.23e-05,2.87e-05,3.6e-05,4.45e-05,5.41e-05,,,,,0.3,50.0,Wagner polarization,,,,,0.2271,746.6135,-53.2303,,0.9815,1083.717,-74.0,,,,,0.612,27000.6346,,,,,,,22.0,linear,THF,40,16,yes,,https://doi.org/10.1016/0167-2738(88)90319-0,"P. Passiniemi, S. Takkumaki, J. Kankare and M. Syrjama, Solid State Ionics, 1988, 28–30(2), 1001–1003",[O-]Cl(=O)(=O)=O
468,,ether,poly(ethyleneoxide-co-propyleneoxide),COC,C(C)OC,97.4,1.0,ClO4,,0.11,,-23.0,-54.0,92,,,,yes,,,,,1.26e-07,,,,,,,,,,,,,,,,,,0.3,50.0,Wagner polarization,,,,,,,,,,,,,,,,,,,,,,,,32.0,linear,THF,40,16,yes,,https://doi.org/10.1016/0167-2738(88)90319-0,"P. Passiniemi, S. Takkumaki, J. Kankare and M. Syrjama, Solid State Ionics, 1988, 28–30(2), 1001–1003",[O-]Cl(=O)(=O)=O
469,,ether,poly(ethyleneoxide-co-propyleneoxide),COC,C(C)OC,86.0,1.0,ClO4,,0.11,,-15.0,-59.0,98,,,,yes,,,,,2e-07,,,,,,,,,,,,,,,,,,,,,,,,,,,,,,,,,,,,,,,,,,,,28.0,linear,THF,40,16,yes,,https://doi.org/10.1016/0167-2738(88)90319-0,"P. Passiniemi, S. Takkumaki, J. Kankare and M. Syrjama, Solid State Ionics, 1988, 28–30(2), 1001–1003",[O-]Cl(=O)(=O)=O
470,,ether,poly(ethyleneoxide-co-propyleneoxide),COC,C(C)OC,76.5,1.0,ClO4,,0.11,,-23.0,-64.0,101,,,,yes,,,,,3.16e-07,,5.83e-07,1.01e-06,1.64e-06,2.54e-06,3.76e-06,5.35e-06,7.38e-06,9.89e-06,1.29e-05,1.66e-05,2.08e-05,2.56e-05,3.11e-05,3.73e-05,,,0.2,50.0,Wagner polarization,,,,,0.1416,770.4459,-50.7346,,0.6822,1141.8627,-73.0,,,,,0.631,20692.4575,,,,,,,10.0,linear,THF,40,16,yes,,https://doi.org/10.1016/0167-2738(88)90319-0,"P. Passiniemi, S. Takkumaki, J. Kankare and M. Syrjama, Solid State Ionics, 1988, 28–30(2), 1001–1003",[O-]Cl(=O)(=O)=O
471,,ether,poly(ethyleneoxide-co-propyleneoxide),COC,C(C)OC,69.6,1.0,ClO4,,0.11,,-18.0,-67.0,101,,,,yes,,,,,1.58e-07,,,,,,,,,,,,,,,,,,,,,,,,,,,,,,,,,,,,,,,,,,,,20.0,linear,THF,40,16,yes,,https://doi.org/10.1016/0167-2738(88)90319-0,"P. Passiniemi, S. Takkumaki, J. Kankare and M. Syrjama, Solid State Ionics, 1988, 28–30(2), 1001–1003",[O-]Cl(=O)(=O)=O
472,,ether,poly(ethyleneoxide-co-propyleneoxide),COC,C(C)OC,47.0,1.0,ClO4,,0.11,,-7.0,-67.0,102,,,,yes,,,,,3.16e-08,,,1.84e-07,3.38e-07,5.71e-07,9e-07,1.34e-06,1.9e-06,2.6e-06,3.43e-06,4.41e-06,5.52e-06,6.78e-06,8.18e-06,9.71e-06,,,,,,,,,,0.0118,502.8093,-26.3121,,0.1056,949.6839,-57.0,,,,,0.6505,10113.5266,,,,,,,5.0,linear,THF,40,16,yes,,https://doi.org/10.1016/0167-2738(88)90319-0,"P. Passiniemi, S. Takkumaki, J. Kankare and M. Syrjama, Solid State Ionics, 1988, 28–30(2), 1001–1003",[O-]Cl(=O)(=O)=O
473,,ether,poly(propyleneoxide),C(C)OC,C(C)OC,100.0,1.0,ClO4,,0.11,,-6.0,-67.0,89,,,,yes,,,,,7.94e-08,,,,,,,,,,,,,,,,,,,,,,,,,,,,,,,,,,,,,,,,,,,,53.0,linear,THF,40,16,yes,,https://doi.org/10.1016/0167-2738(88)90319-0,"P. Passiniemi, S. Takkumaki, J. Kankare and M. Syrjama, Solid State Ionics, 1988, 28–30(2), 1001–1003",[O-]Cl(=O)(=O)=O
474,DMS-1EO,ether,﻿poly(dimethyl siloxane-co-ethylene oxide),[Si](C)(C)O,COC,50.0,1.0,ClO4,,0.01027,,,-102.9349,,,,,no,,,,,1.53e-06,,,,,,,,,,,,,,,,,,,,,,,,,,,,,,,,,,,,,,,,,,,3.0,,linear,benzene,60,144,yes,,https://doi.org/10.1002/pol.1984.130221205,"K. Nagaoka, H. Naruse, I. Shinohara and M. Watanabe, J. Polym. Sci., Polym. Lett. Ed., 1984, 22, 659–663.",[O-]Cl(=O)(=O)=O
475,DMS-1EO,ether,﻿poly(dimethyl siloxane-co-ethylene oxide),[Si](C)(C)O,COC,50.0,1.0,ClO4,,0.02085,,,-102.9349,,,,,no,,,,,9.38e-06,,,,,,,,,,,,,,,,,,,,,,,,,,,,,,,,,,,,,,,,,,,3.0,,linear,benzene,60,144,yes,,https://doi.org/10.1002/pol.1984.130221205,"K. Nagaoka, H. Naruse, I. Shinohara and M. Watanabe, J. Polym. Sci., Polym. Lett. Ed., 1984, 22, 659–663.",[O-]Cl(=O)(=O)=O
476,DMS-1EO,ether,﻿poly(dimethyl siloxane-co-ethylene oxide),[Si](C)(C)O,COC,50.0,1.0,ClO4,,0.03376,,,-102.9349,,,,,no,,,,,3.93e-05,,,,,,,,,,,,,,,,,,,,,,,,,,,,,,,,,,,,,,,,,,,3.0,,linear,benzene,60,144,yes,,https://doi.org/10.1002/pol.1984.130221205,"K. Nagaoka, H. Naruse, I. Shinohara and M. Watanabe, J. Polym. Sci., Polym. Lett. Ed., 1984, 22, 659–663.",[O-]Cl(=O)(=O)=O
477,DMS-1EO,ether,﻿poly(dimethyl siloxane-co-ethylene oxide),[Si](C)(C)O,COC,50.0,1.0,ClO4,,0.09977,,,-102.9349,,,,,no,,,,,4.91e-05,,,,,,,,,,,,,,,,,,,,,,,,,,,,,,,,,,,,,,,,,,,3.0,,linear,benzene,60,144,yes,,https://doi.org/10.1002/pol.1984.130221205,"K. Nagaoka, H. Naruse, I. Shinohara and M. Watanabe, J. Polym. Sci., Polym. Lett. Ed., 1984, 22, 659–663.",[O-]Cl(=O)(=O)=O
478,DMS-2EO,ether,﻿poly(dimethyl siloxane-co-ethylene oxide),[Si](C)(C)O,COC,33.0,1.0,ClO4,,0.01618,,,-95.2009,,,,,no,,,,,3.55e-05,,,,,,,,,,,,,,,,,,,,,,,,,,,,,,,,,,,,,,,,,,,3.0,,linear,benzene,60,144,yes,,https://doi.org/10.1002/pol.1984.130221205,"K. Nagaoka, H. Naruse, I. Shinohara and M. Watanabe, J. Polym. Sci., Polym. Lett. Ed., 1984, 22, 659–663.",[O-]Cl(=O)(=O)=O
479,DMS-2EO,ether,﻿poly(dimethyl siloxane-co-ethylene oxide),[Si](C)(C)O,COC,33.0,1.0,ClO4,,0.02018,,,-95.2009,,,,,no,,,,,5.51e-05,,,,,,,,,,,,,,,,,,,,,,,,,,,,,,,,,,,,,,,,,,,3.0,,linear,benzene,60,144,yes,,https://doi.org/10.1002/pol.1984.130221205,"K. Nagaoka, H. Naruse, I. Shinohara and M. Watanabe, J. Polym. Sci., Polym. Lett. Ed., 1984, 22, 659–663.",[O-]Cl(=O)(=O)=O
480,DMS-2EO,ether,﻿poly(dimethyl siloxane-co-ethylene oxide),[Si](C)(C)O,COC,33.0,1.0,ClO4,,0.0271,,,-95.2009,,,,,no,,,,,7.94e-05,,,,,,,,,,,,,,,,,,,,,,,,,,,,,,,,,,,,,,,,,,,3.0,,linear,benzene,60,144,yes,,https://doi.org/10.1002/pol.1984.130221205,"K. Nagaoka, H. Naruse, I. Shinohara and M. Watanabe, J. Polym. Sci., Polym. Lett. Ed., 1984, 22, 659–663.",[O-]Cl(=O)(=O)=O
481,DMS-2EO,ether,﻿poly(dimethyl siloxane-co-ethylene oxide),[Si](C)(C)O,COC,33.0,1.0,ClO4,,0.0601,,,-95.2009,,,,,no,,,,,0.000115611,,,,,,,,,,,,,,,,,,,,,,,,,,,,,,,,,,,,,,,,,,,3.0,,linear,benzene,60,144,yes,,https://doi.org/10.1002/pol.1984.130221205,"K. Nagaoka, H. Naruse, I. Shinohara and M. Watanabe, J. Polym. Sci., Polym. Lett. Ed., 1984, 22, 659–663.",[O-]Cl(=O)(=O)=O
482,DMS-4EO,ether,﻿poly(dimethyl siloxane-co-ethylene oxide),[Si](C)(C)O,COC,20.0,1.0,ClO4,,0.01033,,-82.66,-88.0947,,,,,no,,,,,2.18e-05,,,,,,,,,,,,,,,,,,,,,,,,,,,,,,,,,,,,,,,,,,,3.0,,linear,benzene,60,144,yes,,https://doi.org/10.1002/pol.1984.130221205,"K. Nagaoka, H. Naruse, I. Shinohara and M. Watanabe, J. Polym. Sci., Polym. Lett. Ed., 1984, 22, 659–663.",[O-]Cl(=O)(=O)=O
483,DMS-4EO,ether,﻿poly(dimethyl siloxane-co-ethylene oxide),[Si](C)(C)O,COC,20.0,1.0,ClO4,,0.01463,,,-88.0947,,,,,no,,,,,4.71e-05,,,,,,,,,,,,,,,,,,,,,,,,,,,,,,,,,,,,,,,,,,,3.0,,linear,benzene,60,144,yes,,https://doi.org/10.1002/pol.1984.130221205,"K. Nagaoka, H. Naruse, I. Shinohara and M. Watanabe, J. Polym. Sci., Polym. Lett. Ed., 1984, 22, 659–663.",[O-]Cl(=O)(=O)=O
484,DMS-4EO,ether,﻿poly(dimethyl siloxane-co-ethylene oxide),[Si](C)(C)O,COC,20.0,1.0,ClO4,,0.02032,,-79.85,-88.0947,,,,,no,,,,,8.09e-05,,,,,,,,,,,,,,,,,,,,,,,,,,,,,,,,,,,,,,,,,,,3.0,,linear,benzene,60,144,yes,,https://doi.org/10.1002/pol.1984.130221205,"K. Nagaoka, H. Naruse, I. Shinohara and M. Watanabe, J. Polym. Sci., Polym. Lett. Ed., 1984, 22, 659–663.",[O-]Cl(=O)(=O)=O
485,DMS-4EO,ether,﻿poly(dimethyl siloxane-co-ethylene oxide),[Si](C)(C)O,COC,20.0,1.0,ClO4,,0.02878,,-79.02,-88.0947,,,,,no,,,,,0.000156675,,,,,,,,,,,,,,,,,,,,,,,,,,,,,,,,,,,,,,,,,,,3.0,,linear,benzene,60,144,yes,,https://doi.org/10.1002/pol.1984.130221205,"K. Nagaoka, H. Naruse, I. Shinohara and M. Watanabe, J. Polym. Sci., Polym. Lett. Ed., 1984, 22, 659–663.",[O-]Cl(=O)(=O)=O
486,DMS-4EO,ether,﻿poly(dimethyl siloxane-co-ethylene oxide),[Si](C)(C)O,COC,20.0,1.0,ClO4,,0.09957,,-76.14,-88.0947,,,,,no,,,,,0.000158125,,,,,,,,,,,,,,,,,,,,,,,,,,,,,,,,,,,,,,,,,,,3.0,,linear,benzene,60,144,yes,,https://doi.org/10.1002/pol.1984.130221205,"K. Nagaoka, H. Naruse, I. Shinohara and M. Watanabe, J. Polym. Sci., Polym. Lett. Ed., 1984, 22, 659–663.",[O-]Cl(=O)(=O)=O
487,DMS-9EO,ether,﻿poly(dimethyl siloxane-co-ethylene oxide),[Si](C)(C)O,COC,10.0,1.0,ClO4,,0.01047,,-74.63,-75.5674,,,,,no,,,,,3.53e-05,,,,,,,,,,,,,,,,,,,,,,,,,,,,,,,,,,,,,,,,,,,3.0,,linear,benzene,60,144,yes,,https://doi.org/10.1002/pol.1984.130221205,"K. Nagaoka, H. Naruse, I. Shinohara and M. Watanabe, J. Polym. Sci., Polym. Lett. Ed., 1984, 22, 659–663.",[O-]Cl(=O)(=O)=O
488,DMS-9EO,ether,﻿poly(dimethyl siloxane-co-ethylene oxide),[Si](C)(C)O,COC,10.0,1.0,ClO4,,0.02017,,-74.9,-75.5674,,,,,no,,,,,6.93e-05,,,,,,,,,,,,,,,,,,,,,,,,,,,,,,,,,,,,,,,,,,,3.0,,linear,benzene,60,144,yes,,https://doi.org/10.1002/pol.1984.130221205,"K. Nagaoka, H. Naruse, I. Shinohara and M. Watanabe, J. Polym. Sci., Polym. Lett. Ed., 1984, 22, 659–663.",[O-]Cl(=O)(=O)=O
489,DMS-9EO,ether,﻿poly(dimethyl siloxane-co-ethylene oxide),[Si](C)(C)O,COC,10.0,1.0,ClO4,,0.03342,,-70.84,-75.5674,,,,,no,,,,,0.000100462,,,,,,,,,,,,,,,,,,,,,,,,,,,,,,,,,,,,,,,,,,,3.0,,linear,benzene,60,144,yes,,https://doi.org/10.1002/pol.1984.130221205,"K. Nagaoka, H. Naruse, I. Shinohara and M. Watanabe, J. Polym. Sci., Polym. Lett. Ed., 1984, 22, 659–663.",[O-]Cl(=O)(=O)=O
490,DMS-9EO,ether,﻿poly(dimethyl siloxane-co-ethylene oxide),[Si](C)(C)O,COC,10.0,1.0,ClO4,,0.09963,,-56.68,-75.5674,,,,,no,,,,,3.42e-05,,,,,,,,,,,,,,,,,,,,,,,,,,,,,,,,,,,,,,,,,,,3.0,,linear,benzene,60,144,yes,,https://doi.org/10.1002/pol.1984.130221205,"K. Nagaoka, H. Naruse, I. Shinohara and M. Watanabe, J. Polym. Sci., Polym. Lett. Ed., 1984, 22, 659–663.",[O-]Cl(=O)(=O)=O
491,,ether,poly(ethyleneoxide-co-methyleneoxide),COC,CO,90.0,1.0,ClO4,,0.015818571,,,,,,,,no,,,1.75e-07,,5.86e-07,,1.42e-06,3.91e-06,1.26e-05,2.15e-05,3.84e-05,,,,,,,,,,,,,,,,,,,1069.6796,1506.8564,-56.42,,,,,,,,,1.4936,9.85e+18,,,,,,255.942,,linear,acetonitrile,80,24,yes,,https://doi.org/10.1016/0167-2738(88)90318-9,"E. Linden and J. R. Owen, Solid State Ionics, 1988, 28–30(2), 994–1000",[O-]Cl(=O)(=O)=O
492,,ether,poly(ethyleneoxide-co-methyleneoxide),COC,CO,90.0,1.0,ClO4,,0.041708571,,,,,,,,no,,,1.47e-05,,3.07e-05,,6.24e-05,9.89e-05,0.000156675,0.000214289,0.000295801,,,,,,,,,,,,,,,,,,,0.2791,272.5185,-18.8,,,,,,,,,0.8092,1474667378.0,,,,,,255.942,,linear,acetonitrile,80,24,yes,,https://doi.org/10.1016/0167-2738(88)90318-9,"E. Linden and J. R. Owen, Solid State Ionics, 1988, 28–30(2), 994–1000",[O-]Cl(=O)(=O)=O
493,,ether,poly(ethyleneoxide-co-methyleneoxide),COC,CO,90.0,1.0,ClO4,,0.062875714,,,,,,,,no,,,5.13e-06,,1.19e-05,,3.06e-05,5.57e-05,0.000101391,0.000150661,0.00020797,,,,,,,,,,,,,,,,,,,0.5658,341.8641,-18.8,,,,,,,,,1.0187,2110000000000.0,,,,,,255.942,,linear,acetonitrile,80,24,yes,,https://doi.org/10.1016/0167-2738(88)90318-9,"E. Linden and J. R. Owen, Solid State Ionics, 1988, 28–30(2), 994–1000",[O-]Cl(=O)(=O)=O
494,,ether,poly(ethyleneoxide-co-methyleneoxide),COC,CO,90.0,1.0,ClO4,,0.083492857,,,,,,,,no,,,1.37e-06,,3.23e-06,,8.89e-06,1.95e-05,4.46e-05,7.96e-05,0.000110917,,,,,,,,,,,,,,,,,,,28.806,862.8664,-41.2,,,,,,,,,1.2403,3300000000000000.0,,,,,,255.942,,linear,acetonitrile,80,24,yes,,https://doi.org/10.1016/0167-2738(88)90318-9,"E. Linden and J. R. Owen, Solid State Ionics, 1988, 28–30(2), 994–1000",[O-]Cl(=O)(=O)=O
495,,ether,poly(ethyleneoxide-co-methyleneoxide),COC,CO,90.0,1.0,ClO4,,0.125,,,,,,,,no,,,4.45e-07,,9.55e-07,,4.06e-06,9.55e-06,2.11e-05,3.94e-05,7.73e-05,,,,,,,,,,,,,,,,,,,393.2869,1256.1342,-50.2,,,,,,,,,1.4363,2.38e+18,,,,,,255.942,,linear,acetonitrile,80,24,yes,,https://doi.org/10.1016/0167-2738(88)90318-9,"E. Linden and J. R. Owen, Solid State Ionics, 1988, 28–30(2), 994–1000",[O-]Cl(=O)(=O)=O
496,,ether,poly(ethyleneoxide-co-propyleneoxide),COC,C(C)OC,84.0,1.0,BF4,0.01912,0.01912,,-57.15,-73.15,39.85,,,,yes,,1.91e-05,,,,,3.24e-05,,,,,,,,,,,,,,,,,,,,,,,,,,,,,,,,,,,,,,,,,,,linear,acetonitrile,100,8,yes,vac dry 20h first,https://doi.org/10.1016/0167-2738(92)90292-W,"J. Przyłuski and W. Wieczorek, Solid State Ionics, 1992, 53– 56(2), 1071–1076",[B-](F)(F)(F)F
497,,ether,poly(ethyleneoxide-co-propyleneoxide),COC,C(C)OC,84.0,1.0,BF4,0.035615,0.035615,,-57.15,-73.15,37.85,,,,yes,,3.64e-05,,,,,8.61e-05,,,,,,,,,,,,,,,,,,,,,,,,,,,,,,,,,,,,,,,,,,,linear,acetonitrile,100,8,yes,vac dry 20h first,https://doi.org/10.1016/0167-2738(92)90292-W,"J. Przyłuski and W. Wieczorek, Solid State Ionics, 1992, 53– 56(2), 1071–1076",[B-](F)(F)(F)F
498,,ether,poly(ethyleneoxide-co-propyleneoxide),COC,C(C)OC,84.0,1.0,BF4,0.05218,0.05218,,-65.15,-73.15,32.85,,,,yes,,5.51e-05,,,,,0.000120226,,,,,,,,,,,,,,,,,,,,,,,,,,,,,,,,,,,,,,,,,,,linear,acetonitrile,100,8,yes,vac dry 20h first,https://doi.org/10.1016/0167-2738(92)90292-W,"J. Przyłuski and W. Wieczorek, Solid State Ionics, 1992, 53– 56(2), 1071–1076",[B-](F)(F)(F)F
499,,ether,poly(ethyleneoxide-co-propyleneoxide),COC,C(C)OC,84.0,1.0,BF4,0.10465,0.10465,,-65.15,-73.15,35.85,,,,yes,,2.37e-05,,,,,5.33e-05,,,,,,,,,,,,,,,,,,,,,,,,,,,,,,,,,,,,,,,,,,,linear,acetonitrile,100,8,yes,vac dry 20h first,https://doi.org/10.1016/0167-2738(92)90292-W,"J. Przyłuski and W. Wieczorek, Solid State Ionics, 1992, 53– 56(2), 1071–1076",[B-](F)(F)(F)F
500,,ether,poly(ethyleneoxide-co-propyleneoxide),COC,C(C)OC,84.0,1.0,BF4,0.15585,0.15585,,-56.15,-73.15,,,,,no,,3.68e-06,,,,,9.23e-06,,,,,,,,,,,,,,,,,,,,,,,,,,,,,,,,,,,,,,,,,,,linear,acetonitrile,100,8,yes,vac dry 20h first,https://doi.org/10.1016/0167-2738(92)90292-W,"J. Przyłuski and W. Wieczorek, Solid State Ionics, 1992, 53– 56(2), 1071–1076",[B-](F)(F)(F)F
501,,ether,poly(ethyleneoxide-co-propyleneoxide),COC,C(C)OC,84.0,1.0,BF4,0.2021,0.2021,,-59.15,-73.15,,,,,no,,5.52e-06,,,,,8.85e-06,,,,,,,,,,,,,,,,,,,,,,,,,,,,,,,,,,,,,,,,,,,linear,acetonitrile,100,8,yes,vac dry 20h first,https://doi.org/10.1016/0167-2738(92)90292-W,"J. Przyłuski and W. Wieczorek, Solid State Ionics, 1992, 53– 56(2), 1071–1076",[B-](F)(F)(F)F
502,,ether,poly(ethyleneoxide-co-propyleneoxide),COC,C(C)OC,84.0,1.0,BF4,0.25765,0.25765,,-58.15,-73.15,,,,,no,,3.37e-06,,,,,1.29e-05,,,,,,,,,,,,,,,,,,,,,,,,,,,,,,,,,,,,,,,,,,,linear,acetonitrile,100,8,yes,vac dry 20h first,https://doi.org/10.1016/0167-2738(92)90292-W,"J. Przyłuski and W. Wieczorek, Solid State Ionics, 1992, 53– 56(2), 1071–1076",[B-](F)(F)(F)F
503,,ether,poly(ethyleneoxide-co-propyleneoxide),COC,C(C)OC,84.0,1.0,BF4,0.502,0.502,,,-73.15,,,,,no,,4.44e-07,,,,,1.21e-06,,,,,,,,,,,,,,,,,,,,,,,,,,,,,,,,,,,,,,,,,,,linear,acetonitrile,100,8,yes,vac dry 20h first,https://doi.org/10.1016/0167-2738(92)90292-W,"J. Przyłuski and W. Wieczorek, Solid State Ionics, 1992, 53– 56(2), 1071–1076",[B-](F)(F)(F)F
504,alcohol,"ether, sulfonyl",poly(allylalcohol-co-sulfur dioxide),CC(CO),S(=O)O,50.0,1.5,ClO4,0.1,0.066666667,,,,,,,,no,,1.5e-09,2.16e-09,,3.09e-09,,4.35e-09,6.07e-09,8.37e-09,1.14e-08,1.54e-08,2.07e-08,2.74e-08,3.61e-08,4.71e-08,6.11e-08,7.85e-08,1e-07,1.27e-07,2e-07,,,,,,,,,,96.8087,6356.5041,-273.15,,,,,,,,,0.5336,3.2336,,,,,,,,linear,acetonitrile,,,yes,no time/temp given,https://doi.org/10.1016/0167-2738(92)90292-W,"J. Przyłuski and W. Wieczorek, Solid State Ionics, 1992, 53– 56(2), 1071–1076",[O-]Cl(=O)(=O)=O
505,acetate,"ether, sulfonyl",poly(vinylacetate-co-sulfur dioxide),CC(OC(=O)C),S(=O)O,50.0,2.0,ClO4,0.1,0.05,,,,,,,,no,,2.45e-07,3.27e-07,,4.31e-07,,5.63e-07,7.29e-07,9.36e-07,1.19e-06,1.51e-06,1.89e-06,2.36e-06,2.92e-06,3.6e-06,4.4e-06,5.35e-06,6.47e-06,7.78e-06,1.11e-05,,,,,,,,,,135.8299,4985.1665,-273.15,,,,,,,,,0.4154,4.535,,,,,,,,linear,acetonitrile,,,yes,no time/temp given,https://doi.org/10.1016/0167-2738(92)90292-W,"J. Przyłuski and W. Wieczorek, Solid State Ionics, 1992, 53– 56(2), 1071–1076",[O-]Cl(=O)(=O)=O
506,acrylamide,"ether, sulfonyl",poly(acrylamide-co-sulfur dioxide),CC(C(=O)N),S(=O)O,71.0,2.0,ClO4,0.1,0.05,,,,,,,,no,,9.89e-06,1.55e-05,,2.3e-05,,3.23e-05,4.35e-05,5.68e-05,7.2e-05,8.91e-05,0.000107938,0.000128444,0.000150473,0.000173883,0.000198532,0.000224276,0.000250976,0.000278498,,,,,,,,,,,0.1066,420.4478,-50.1529,,,,,,,,,0.3795,60.881,,,,,,,,linear,acetonitrile,,,yes,no time/temp given,https://doi.org/10.1016/0167-2738(92)90292-W,"J. Przyłuski and W. Wieczorek, Solid State Ionics, 1992, 53– 56(2), 1071–1076",[O-]Cl(=O)(=O)=O
507,P((EO)1.8(SO2)),"ether, sulfonyl",poly(ethyleneoxide-co-sulfur dioxide),COC,S(=O)O,64.0,1.0,ClO4,0.1,0.1,,-44.15,-60.15,108.85,,,,yes,,,5.39e-06,,8.86e-06,,1.38e-05,2.06e-05,2.97e-05,4.12e-05,5.57e-05,7.33e-05,9.44e-05,0.000119162,0.000147853,,,,,,,,,,,,,,,0.9701,801.6236,-66.5666,,7.031,1279.7943,-94.15,,,,,0.5853,69226.3548,,,,,,,,linear,acetonitrile,,,yes,no time/temp given,https://doi.org/10.1016/0167-2738(92)90292-W,"J. Przyłuski and W. Wieczorek, Solid State Ionics, 1992, 53– 56(2), 1071–1076",[O-]Cl(=O)(=O)=O
508,P((EO)1.8(SO2)),"ether, sulfonyl",poly(ethyleneoxide-co-sulfur dioxide),COC,S(=O)O,64.0,1.0,BF4,0.1,0.1,,,-60.15,108.85,,,,yes,,,2.1e-06,,2.93e-06,,4.05e-06,5.52e-06,7.47e-06,1e-05,1.33e-05,1.75e-05,2.28e-05,2.95e-05,3.79e-05,4.83e-05,6.11e-05,7.68e-05,9.6e-05,0.000147245,,,,,,,,,,25710.6082,5976.7745,-273.15,,1.077,1189.172,-94.15,,,,,0.5008,858.1019,,,,,,,,linear,acetonitrile,,,yes,no time/temp given,https://doi.org/10.1016/0167-2738(92)90292-W,"J. Przyłuski and W. Wieczorek, Solid State Ionics, 1992, 53– 56(2), 1071–1076",[B-](F)(F)(F)F
509,P(EO/MEEGE)-5/LiTFSI,ether,poly[ethylene oxide-co-2-(2-methoxyethoxy)ethyl glycidyl ether],COC,C(COCCOCCOC)OC,95.0,,TFSI,,0.02,,-51.85,-60.95,,,,,yes,1.19e-07,2.06e-06,4.05e-06,,7.27e-06,,1.21e-05,1.9e-05,2.82e-05,4.03e-05,5.54e-05,7.39e-05,9.6e-05,0.000121723,0.00015127,0.000184649,0.000221853,0.000262829,0.000307492,0.000407384,,,,,,,,,,0.483,615.9705,-49.6133,,50.7153,1688.4864,-101.85,,,1.1,27000000000000.0,0.25,0.68,split 3.2,,,,,,4000.0,branched,acetonitrile,25,12,high,neat polymer 38%  crystalline,https://doi.org/10.1016/S0013-4686(97)10017-2,"A. Nishimoto, M. Watanabe, Y. Ikeda and S. Kohjiya, Electrochim. Acta, 1998, 43, 1177–1184",C(F)(F)(F)S(=O)(=O)[N-]S(=O)(=O)C(F)(F)F
510,P(EO/MEEGE)-5/LiTFSI,ether,poly[ethylene oxide-co-2-(2-methoxyethoxy)ethyl glycidyl ether],COC,C(COCCOCCOC)OC,95.0,,TFSI,,0.04,,-47.15,-60.95,,,,,yes,1.81e-07,3.82e-06,7.52e-06,,1.33e-05,,2.18e-05,3.33e-05,4.82e-05,6.69e-05,8.93e-05,0.000115743,0.000146032,0.000180124,0.000217872,0.000259089,0.000303554,0.000351026,0.000401251,0.000508918,,,,,,,,,,0.2611,460.7763,-40.5062,,35.8684,1521.9728,-97.15,,,1.21,3900000000000000.0,0.35,27.0,split 3.3,,,,,,4000.0,branched,acetonitrile,25,12,high,neat polymer 38%  crystalline,https://doi.org/10.1016/S0013-4686(97)10017-2,"A. Nishimoto, M. Watanabe, Y. Ikeda and S. Kohjiya, Electrochim. Acta, 1998, 43, 1177–1184",C(F)(F)(F)S(=O)(=O)[N-]S(=O)(=O)C(F)(F)F
511,P(EO/MEEGE)-5/LiTFSI,ether,poly[ethylene oxide-co-2-(2-methoxyethoxy)ethyl glycidyl ether],COC,C(COCCOCCOC)OC,95.0,,TFSI,,0.06,,-44.15,-60.95,,,,,yes,4.98e-07,8.33e-06,1.56e-05,,2.65e-05,,4.18e-05,6.2e-05,8.74e-05,0.000118426,0.000155006,0.000197127,0.000244627,0.000297261,0.000354723,0.000416661,0.000482697,0.000552439,0.000625493,0.000779985,,,0.08,60.0,Bruce-Vincent,,,,,0.3228,431.4807,-40.792,,23.5279,1345.2332,-94.15,,,1.17,1900000000000000.0,0.4,234.0,split 3.4,,,,,,4000.0,branched,acetonitrile,25,12,high,neat polymer 38%  crystalline,https://doi.org/10.1016/S0013-4686(97)10017-2,"A. Nishimoto, M. Watanabe, Y. Ikeda and S. Kohjiya, Electrochim. Acta, 1998, 43, 1177–1184",C(F)(F)(F)S(=O)(=O)[N-]S(=O)(=O)C(F)(F)F
512,P(EO/MEEGE)-5/LiTFSI,ether,poly[ethylene oxide-co-2-(2-methoxyethoxy)ethyl glycidyl ether],COC,C(COCCOCCOC)OC,95.0,,TFSI,,0.08,,-43.15,-60.95,,,,,no,1.7e-06,1.07e-05,1.75e-05,,2.71e-05,,4.05e-05,5.82e-05,8.12e-05,0.000110257,0.000146081,0.000189438,0.000241007,0.000301408,0.000371186,0.000450813,0.000540681,0.000641103,0.000752313,0.001007666,,,,,,,,,,3.4213,925.4091,-79.0251,,9.2103,1175.7656,-93.15,,,,,0.5548,46975.409,,,,,,,4000.0,branched,acetonitrile,25,12,high,neat polymer 38%  crystalline,https://doi.org/10.1016/S0013-4686(97)10017-2,"A. Nishimoto, M. Watanabe, Y. Ikeda and S. Kohjiya, Electrochim. Acta, 1998, 43, 1177–1184",C(F)(F)(F)S(=O)(=O)[N-]S(=O)(=O)C(F)(F)F
513,P(EO/MEEGE)-5/LiClO4,ether,poly[ethylene oxide-co-2-(2-methoxyethoxy)ethyl glycidyl ether],COC,C(COCCOCCOC)OC,95.0,,ClO4,,0.02,,-47.85,-60.95,,,,,yes,,,,,,,,,,,,,,,,,,,,,,,,,,,,,,,,,,,,,,,,,,,,,,,,,4000.0,branched,acetonitrile,25,12,high,neat polymer 38%  crystalline,https://doi.org/10.1016/S0013-4686(97)10017-2,"A. Nishimoto, M. Watanabe, Y. Ikeda and S. Kohjiya, Electrochim. Acta, 1998, 43, 1177–1184",[O-]Cl(=O)(=O)=O
514,P(EO/MEEGE)-5/LiClO4,ether,poly[ethylene oxide-co-2-(2-methoxyethoxy)ethyl glycidyl ether],COC,C(COCCOCCOC)OC,95.0,,ClO4,,0.04,,-42.65,-60.95,,,,,yes,,,,,,,,,,,,,,,,,,,,,,,,,,,,,,,,,,,,,,,,,,,,,,,,,4000.0,branched,acetonitrile,25,12,high,neat polymer 38%  crystalline,https://doi.org/10.1016/S0013-4686(97)10017-2,"A. Nishimoto, M. Watanabe, Y. Ikeda and S. Kohjiya, Electrochim. Acta, 1998, 43, 1177–1184",[O-]Cl(=O)(=O)=O
515,P(EO/MEEGE)-5/LiClO4,ether,poly[ethylene oxide-co-2-(2-methoxyethoxy)ethyl glycidyl ether],COC,C(COCCOCCOC)OC,95.0,,ClO4,,0.06,,-37.55,-60.95,,,,,yes,,,,,,,2.5e-05,,,,,,,,,,0.00033,,,,,,0.2,60.0,Bruce-Vincent,,,,,,,,,,,,,,,,,,,,,,,,4000.0,branched,acetonitrile,25,12,high,neat polymer 38%  crystalline,https://doi.org/10.1016/S0013-4686(97)10017-2,"A. Nishimoto, M. Watanabe, Y. Ikeda and S. Kohjiya, Electrochim. Acta, 1998, 43, 1177–1184",[O-]Cl(=O)(=O)=O
516,P(EO/MEEGE)-5/LiClO4,ether,poly[ethylene oxide-co-2-(2-methoxyethoxy)ethyl glycidyl ether],COC,C(COCCOCCOC)OC,95.0,,ClO4,,0.08,,-30.95,-60.95,,,,,no,,,,,,,1.9e-05,,,,,,,,,,0.00029,,,,,,,,,,,,,,,,,,,,,,,,,,,,,,,,4000.0,branched,acetonitrile,25,12,high,neat polymer 38%  crystalline,https://doi.org/10.1016/S0013-4686(97)10017-2,"A. Nishimoto, M. Watanabe, Y. Ikeda and S. Kohjiya, Electrochim. Acta, 1998, 43, 1177–1184",[O-]Cl(=O)(=O)=O
517,P(EO/MEEGE)-9/LiTFSI,ether,poly[ethylene oxide-co-2-(2-methoxyethoxy)ethyl glycidyl ether],COC,C(COCCOCCOC)OC,91.0,,TFSI,,0.02,,-55.45,-64.65,37,,,,yes,1.78e-06,1.84e-05,3.14e-05,,4.95e-05,,7.33e-05,0.000103215,0.000139471,0.000182069,0.000230886,0.000285675,0.000346104,0.000411777,0.000482254,0.000557075,0.000635774,0.000717885,0.000802957,0.000980273,,,,,,,,,,0.3309,412.6449,-44.2399,,21.471,1370.3648,-105.45,,,0.79,1000000000.0,0.18,0.26,split 3.1,,,,5.4,277.7777778,1500.0,branched,acetonitrile,25,12,high,neat polymer 14% crystalline,https://doi.org/10.1016/S0013-4686(97)10017-2,"A. Nishimoto, M. Watanabe, Y. Ikeda and S. Kohjiya, Electrochim. Acta, 1998, 43, 1177–1184",C(F)(F)(F)S(=O)(=O)[N-]S(=O)(=O)C(F)(F)F
518,P(EO/MEEGE)-9/LiTFSI,ether,poly[ethylene oxide-co-2-(2-methoxyethoxy)ethyl glycidyl ether],COC,C(COCCOCCOC)OC,91.0,,TFSI,,0.04,,-52.75,-64.65,33,,,,yes,5.89e-07,1.67e-05,3.2e-05,,5.4e-05,,8.32e-05,0.000119547,0.000162683,0.000212027,0.000266872,0.000326455,0.000390004,0.000456778,0.000526084,0.000597291,0.000669832,0.000743207,0.000816981,0.000964273,,,,,,,,,,0.1546,270.889,-28.0028,,53.6428,1490.7223,-102.75,,,1.3,2e+18,0.28,5.2,split 3.35,,,,5.4,277.7777778,1500.0,branched,acetonitrile,25,12,high,neat polymer 14% crystalline,https://doi.org/10.1016/S0013-4686(97)10017-2,"A. Nishimoto, M. Watanabe, Y. Ikeda and S. Kohjiya, Electrochim. Acta, 1998, 43, 1177–1184",C(F)(F)(F)S(=O)(=O)[N-]S(=O)(=O)C(F)(F)F
519,P(EO/MEEGE)-9/LiTFSI,ether,poly[ethylene oxide-co-2-(2-methoxyethoxy)ethyl glycidyl ether],COC,C(COCCOCCOC)OC,91.0,,TFSI,,0.06,,-45.65,-64.65,,,,,no,,2.19e-05,4.08e-05,,6.83e-05,,0.000105221,0.000152145,0.00020908,0.000275729,0.000351537,0.000435778,0.000527617,0.000626167,0.000730533,0.000839837,0.000953239,0.001069955,0.001189259,0.001433043,,,0.07,60.0,Bruce-Vincent,,,,,0.3301,331.8642,-33.8949,,12.1434,1138.5514,-95.65,,,,,0.4744,5584.9535,,,,,5.4,277.7777778,1500.0,branched,acetonitrile,25,12,high,neat polymer 14% crystalline,https://doi.org/10.1016/S0013-4686(97)10017-2,"A. Nishimoto, M. Watanabe, Y. Ikeda and S. Kohjiya, Electrochim. Acta, 1998, 43, 1177–1184",C(F)(F)(F)S(=O)(=O)[N-]S(=O)(=O)C(F)(F)F
520,P(EO/MEEGE)-9/LiTFSI,ether,poly[ethylene oxide-co-2-(2-methoxyethoxy)ethyl glycidyl ether],COC,C(COCCOCCOC)OC,91.0,,TFSI,,0.08,,-39.65,-64.65,,,,,no,,2.67e-05,4.39e-05,,6.87e-05,,0.000102976,0.000148638,0.000207666,0.000281985,0.000373426,0.000483688,0.000614304,0.000766621,0.000941783,0.001140727,0.001364181,0.001612669,0.00188652,0.002510718,,,,,,,,,,6.7087,860.9076,-74.6402,,16.6726,1098.2443,-89.65,,,,,0.5063,22425.8197,,,,,5.4,277.7777778,1500.0,branched,acetonitrile,25,12,high,neat polymer 14% crystalline,https://doi.org/10.1016/S0013-4686(97)10017-2,"A. Nishimoto, M. Watanabe, Y. Ikeda and S. Kohjiya, Electrochim. Acta, 1998, 43, 1177–1184",C(F)(F)(F)S(=O)(=O)[N-]S(=O)(=O)C(F)(F)F
521,P(EO/MEEGE)-9/LiClO4,ether,poly[ethylene oxide-co-2-(2-methoxyethoxy)ethyl glycidyl ether],COC,C(COCCOCCOC)OC,91.0,,ClO4,,0.02,,-51.45,-64.65,,,,,yes,1.09e-06,1.66e-05,2.85e-05,,4.44e-05,,6.43e-05,8.77e-05,0.000114434,0.000143972,0.000175873,0.000209692,0.000245009,0.000281442,0.000318652,0.00035634,0.000394248,0.000432155,0.000469875,0.000544162,,,,,,,,,,0.0723,251.2058,-30.2595,,8.7978,1253.6186,-101.45,,,1.1,63000000000000.0,0.31,9.3,split 3.35,,,,5.4,277.7777778,1500.0,branched,acetonitrile,25,12,high,neat polymer 14% crystalline,https://doi.org/10.1016/S0013-4686(97)10017-2,"A. Nishimoto, M. Watanabe, Y. Ikeda and S. Kohjiya, Electrochim. Acta, 1998, 43, 1177–1184",[O-]Cl(=O)(=O)=O
522,P(EO/MEEGE)-9/LiClO4,ether,poly[ethylene oxide-co-2-(2-methoxyethoxy)ethyl glycidyl ether],COC,C(COCCOCCOC)OC,91.0,,ClO4,,0.04,,-46.15,-64.65,,,,,yes,8.41e-07,1.69e-05,3.18e-05,,5.39e-05,,8.42e-05,0.00012329,0.000171457,0.000228641,0.000294539,0.000368655,0.000450365,0.000538961,0.000633696,0.000733808,0.000838551,0.000947204,0.001059087,0.001290053,,,,,,,,,,0.3496,357.2061,-35.2521,,45.83,1375.2351,-96.15,,,1.2,1.7e+16,0.38,200.0,split 3.35,,,,5.4,277.7777778,1500.0,branched,acetonitrile,25,12,high,neat polymer 14% crystalline,https://doi.org/10.1016/S0013-4686(97)10017-2,"A. Nishimoto, M. Watanabe, Y. Ikeda and S. Kohjiya, Electrochim. Acta, 1998, 43, 1177–1184",[O-]Cl(=O)(=O)=O
523,P(EO/MEEGE)-9/LiClO4,ether,poly[ethylene oxide-co-2-(2-methoxyethoxy)ethyl glycidyl ether],COC,C(COCCOCCOC)OC,91.0,,ClO4,,0.06,,-37.85,-64.65,,,,,no,2.4e-07,7.07e-06,1.46e-05,,2.68e-05,,4.49e-05,6.99e-05,0.000102552,0.000143456,0.000192894,0.000250937,0.000317463,0.000392191,0.000474717,0.00056455,0.000661138,0.000763889,0.000872198,0.001103066,,,0.11,60.0,Bruce-Vincent,,,,,0.495,429.7304,-36.6204,,55.9059,1382.914,-87.85,,,,,0.7002,7627157.379,,,,,5.4,277.7777778,1500.0,branched,acetonitrile,25,12,high,neat polymer 14% crystalline,https://doi.org/10.1016/S0013-4686(97)10017-2,"A. Nishimoto, M. Watanabe, Y. Ikeda and S. Kohjiya, Electrochim. Acta, 1998, 43, 1177–1184",[O-]Cl(=O)(=O)=O
524,P(EO/MEEGE)-9/LiClO4,ether,poly[ethylene oxide-co-2-(2-methoxyethoxy)ethyl glycidyl ether],COC,C(COCCOCCOC)OC,91.0,,ClO4,,0.08,,-23.55,-64.65,,,,,no,1.44e-07,2.58e-06,5.2e-06,,9.58e-06,,1.64e-05,2.64e-05,4.03e-05,5.9e-05,8.32e-05,0.000113626,0.000150886,0.000195541,0.000248045,0.000308754,0.000377926,0.000455726,0.000542229,0.000741259,,,,,,,,,,1.5687,723.0377,-53.955,,10.2069,1106.0209,-73.55,,,,,0.73,11137387.65,,,,,5.4,277.7777778,1500.0,branched,acetonitrile,25,12,high,neat polymer 14% crystalline,https://doi.org/10.1016/S0013-4686(97)10017-2,"A. Nishimoto, M. Watanabe, Y. Ikeda and S. Kohjiya, Electrochim. Acta, 1998, 43, 1177–1184",[O-]Cl(=O)(=O)=O
525,P(EO/MEEGE)-27/ClO4,ether,poly[ethylene oxide-co-2-(2-methoxyethoxy)ethyl glycidyl ether],COC,C(COCCOCCOC)OC,73.0,,ClO4,,0.06,,,,,,,,no,,,,,,,0.000117397,0.000187404,0.000275928,0.000381923,0.000503712,0.000639276,0.000786472,0.000943175,0.001107379,0.001277243,0.00145112,0.001627559,0.001805306,0.002160585,,,,,,,,,,0.3415,249.6605,-18.7773,,,,,,,,,,,,,,,,,,branched,acetonitrile,25,12,high,salt conc = [Li]/[EO O],https://doi.org/10.1016/S0378-7753(99)00250-5,"M. Watanabe, T. Endo, A. Nishimoto, K. Miura and M. Yanagida, J. Power Sources, 1999, 81–82, 786–789.",[O-]Cl(=O)(=O)=O
526,P(EO/MEEGE)-27/TFSI,ether,poly[ethylene oxide-co-2-(2-methoxyethoxy)ethyl glycidyl ether],COC,C(COCCOCCOC)OC,73.0,,TFSI,,0.06,,,,,,,2.537,yes,,,,,,,0.0003275,0.000464134,0.000628875,0.000811713,0.001008666,0.001216043,0.001430569,0.001649428,0.001870254,0.002091096,0.002310371,0.002526818,0.002739445,0.003150377,,,,,,,,,,0.3241,199.1315,-19.0636,,,,,,,,,0.31,66.0,,,,,,,,branched,acetonitrile,25,12,high,salt conc = [Li]/[EO O],https://doi.org/10.1016/S0378-7753(99)00250-5,"M. Watanabe, T. Endo, A. Nishimoto, K. Miura and M. Yanagida, J. Power Sources, 1999, 81–82, 786–789.",C(F)(F)(F)S(=O)(=O)[N-]S(=O)(=O)C(F)(F)F
527,P(EO/MEEGE)-16/TFSI,ether,poly[ethylene oxide-co-2-(2-methoxyethoxy)ethyl glycidyl ether],COC,C(COCCOCCOC)OC,84.0,,TFSI,,0.06,,,,,,,3.372,yes,,,,,,,0.0001879,,,,,,0.0009507,,,,,,,,,,,,,,,,,,,,,,,,,,,,,,,,,,,,,branched,acetonitrile,25,12,high,salt conc = [Li]/[EO O],https://doi.org/10.1016/S0378-7753(99)00250-5,"M. Watanabe, T. Endo, A. Nishimoto, K. Miura and M. Yanagida, J. Power Sources, 1999, 81–82, 786–789.",C(F)(F)(F)S(=O)(=O)[N-]S(=O)(=O)C(F)(F)F
528,P(EO/MEEGE)-17/TFSI,ether,poly[ethylene oxide-co-2-(2-methoxyethoxy)ethyl glycidyl ether],COC,C(COCCOCCOC)OC,83.0,,TFSI,,0.06,,,,,,,5.389,yes,,,,,,,0.0002202,,,,,,0.001073,,,,,,,,,,,,,,,,,,,,,,,,,,,,,,,,,,,,,branched,acetonitrile,25,12,high,salt conc = [Li]/[EO O],https://doi.org/10.1016/S0378-7753(99)00250-5,"M. Watanabe, T. Endo, A. Nishimoto, K. Miura and M. Yanagida, J. Power Sources, 1999, 81–82, 786–789.",C(F)(F)(F)S(=O)(=O)[N-]S(=O)(=O)C(F)(F)F
529,P(EO/MEEGE)-20/TFSI,ether,poly[ethylene oxide-co-2-(2-methoxyethoxy)ethyl glycidyl ether],COC,C(COCCOCCOC)OC,80.0,,TFSI,,0.06,,,,,,,8.337,yes,,,,,,,0.0002488,,,,,,0.001249,,,,,,,,,,,,,,,,,,,,,,,,,,,,,,,,,,,,,branched,acetonitrile,25,12,high,salt conc = [Li]/[EO O],https://doi.org/10.1016/S0378-7753(99)00250-5,"M. Watanabe, T. Endo, A. Nishimoto, K. Miura and M. Yanagida, J. Power Sources, 1999, 81–82, 786–789.",C(F)(F)(F)S(=O)(=O)[N-]S(=O)(=O)C(F)(F)F
530,P(EO/MEEGE)-47/TFSI,ether,poly[ethylene oxide-co-2-(2-methoxyethoxy)ethyl glycidyl ether],COC,C(COCCOCCOC)OC,53.0,,TFSI,,0.06,,,,,,,-0.009723,no,,,,,,,0.0001702,,,,,,0.0009146,,,,,,,,,,,,,,,,,,,,,,,,,,,,,,,,,,,,,branched,acetonitrile,25,12,high,salt conc = [Li]/[EO O],https://doi.org/10.1016/S0378-7753(99)00250-5,"M. Watanabe, T. Endo, A. Nishimoto, K. Miura and M. Yanagida, J. Power Sources, 1999, 81–82, 786–789.",C(F)(F)(F)S(=O)(=O)[N-]S(=O)(=O)C(F)(F)F
531,P((EO)1(SO2)),ether,poly(ethylene oxide-co-sulfur dioxide),COC,S(=O)O,50.0,1.0,ClO4,0.1,0.1,,,,,,,,yes,,,2.37e-06,,2.8e-06,,1.4e-05,,,,,,,,,,,,,,,,,,,,,,,,,,,,,,,,,,,,,,,,,11.5,,linear,acetonitrile,,,yes,casted thin films,https://doi.org/10.1016/0013-4686(92)80110-8,"Z. Florjanczyk, E. Zygadlo-Monikowska, D. Raducha, K. Such, W. Wieczorek, Electrochim. Acta, 1992, 37(9), 1555-1558",[O-]Cl(=O)(=O)=O
532,P((EO)1.8(SO2)),ether,poly(ethylene oxide-co-sulfur dioxide),COC,S(=O)O,64.0,1.0,ClO4,0.1,0.1,,-44.15,-60.15,108.85,,,,yes,,3.44e-06,2.37e-06,,8.39e-06,,1.25e-05,1.81e-05,2.57e-05,3.56e-05,4.84e-05,6.45e-05,8.46e-05,0.000109217,0.000139094,,,,,,,,,,,,,,,21.3032,1677.905,-116.0177,,4.6886,1237.0896,-94.15,,,,,0.5675,32909.3538,,,,,,,,linear,acetonitrile,,,yes,casted thin films,https://doi.org/10.1016/0013-4686(92)80110-8,"Z. Florjanczyk, E. Zygadlo-Monikowska, D. Raducha, K. Such, W. Wieczorek, Electrochim. Acta, 1992, 37(9), 1555-1558",[O-]Cl(=O)(=O)=O
533,PAGE-TFSI_01,ether,poly (allyl glycidyl ether),C(COCC=C)OC,C(COCC=C)OC,100.0,2.0,TFSI,,0.01119,,-75.8,-78.34,,,,,no,,,,,3.47e-06,,4.36e-06,5.43e-06,6.69e-06,8.17e-06,9.88e-06,1.19e-05,1.41e-05,1.67e-05,1.96e-05,2.29e-05,2.66e-05,,,,,,,,,,,,,1.5477,2118.4237,-183.4993,,0.1661,1198.9395,-125.8,,,,,0.3352,1.6393,,,,,1.15,12.17391304,14.0,linear,none,50,3,high,dry polymer stirred at 50C with LiTFSI >3h,https://doi.org/10.1021/ma401267w,"K. P. Barteau, M. Wolffs, N. A. Lynd, G. H. Fredrickson, E. J. Krarner and C. J. Hawker, Macromolecules, 2013, 46, 8988–8994",C(F)(F)(F)S(=O)(=O)[N-]S(=O)(=O)C(F)(F)F
534,PAGE-TFSI_02,ether,poly (allyl glycidyl ether),C(COCC=C)OC,C(COCC=C)OC,100.0,2.0,TFSI,,0.01932,,-73.99,-78.34,,,,,no,,,,,8.26e-06,,1.04e-05,1.3e-05,1.61e-05,1.97e-05,2.41e-05,2.91e-05,3.5e-05,4.19e-05,4.98e-05,5.89e-05,6.92e-05,,,,,,,,,,,,,52.7718,3385.7259,-239.0812,,0.5108,1224.9405,-124.0,,,,,0.3504,6.9613,,,,,1.15,12.17391304,14.0,linear,none,50,3,high,dry polymer stirred at 50C with LiTFSI >3h,https://doi.org/10.1021/ma401267w,"K. P. Barteau, M. Wolffs, N. A. Lynd, G. H. Fredrickson, E. J. Krarner and C. J. Hawker, Macromolecules, 2013, 46, 8988–8994",C(F)(F)(F)S(=O)(=O)[N-]S(=O)(=O)C(F)(F)F
535,PAGE-TFSI_03,ether,poly (allyl glycidyl ether),C(COCC=C)OC,C(COCC=C)OC,100.0,2.0,TFSI,,0.0311,,-72.0,-78.34,,,,,no,,,,,1.44e-05,,1.82e-05,2.28e-05,2.84e-05,3.5e-05,4.3e-05,5.24e-05,6.35e-05,7.65e-05,9.17e-05,0.000109262,0.000129559,,,,,,,,,,,,,568.4624,4365.2378,-273.15,,1.047,1233.028,-122.0,,,,,0.3622,19.1222,,,,,1.15,12.17391304,14.0,linear,none,50,3,high,dry polymer stirred at 50C with LiTFSI >3h,https://doi.org/10.1021/ma401267w,"K. P. Barteau, M. Wolffs, N. A. Lynd, G. H. Fredrickson, E. J. Krarner and C. J. Hawker, Macromolecules, 2013, 46, 8988–8994",C(F)(F)(F)S(=O)(=O)[N-]S(=O)(=O)C(F)(F)F
536,PAGE-TFSI_04,ether,poly (allyl glycidyl ether),C(COCC=C)OC,C(COCC=C)OC,100.0,2.0,TFSI,,0.03828,,-67.5,-78.34,,,,,no,,,,,2.17e-05,,2.89e-05,3.79e-05,4.92e-05,6.31e-05,8.03e-05,0.000101074,0.00012617,0.00015619,0.000191834,0.000233859,0.000283083,,,,,,,,,,,,,368.2505,3190.0466,-206.2289,,4.8274,1352.6668,-117.5,,,,,0.4237,320.4009,,,,,1.15,12.17391304,14.0,linear,none,50,3,high,dry polymer stirred at 50C with LiTFSI >3h,https://doi.org/10.1021/ma401267w,"K. P. Barteau, M. Wolffs, N. A. Lynd, G. H. Fredrickson, E. J. Krarner and C. J. Hawker, Macromolecules, 2013, 46, 8988–8994",C(F)(F)(F)S(=O)(=O)[N-]S(=O)(=O)C(F)(F)F
537,PAGE-TFSI_06,ether,poly (allyl glycidyl ether),C(COCC=C)OC,C(COCC=C)OC,100.0,2.0,TFSI,,0.06325,,-58.4,-78.34,,,,,no,,,,,3.05e-05,,4.08e-05,5.41e-05,7.1e-05,9.22e-05,0.00011865,0.000151273,0.000191232,0.000239804,0.000298419,0.000368665,0.000452301,,,,,,,,,,,,,3548.8989,4022.8021,-230.8305,,6.7429,1267.7573,-108.4,,,,,0.4452,1029.7019,,,,,1.15,12.17391304,14.0,linear,none,50,3,high,dry polymer stirred at 50C with LiTFSI >3h,https://doi.org/10.1021/ma401267w,"K. P. Barteau, M. Wolffs, N. A. Lynd, G. H. Fredrickson, E. J. Krarner and C. J. Hawker, Macromolecules, 2013, 46, 8988–8994",C(F)(F)(F)S(=O)(=O)[N-]S(=O)(=O)C(F)(F)F
538,PAGE-TFSI_10,ether,poly (allyl glycidyl ether),C(COCC=C)OC,C(COCC=C)OC,100.0,2.0,TFSI,,0.09988,,-49.3,-78.34,,,,,no,,,,,2.76e-05,,3.77e-05,5.09e-05,6.79e-05,8.96e-05,0.000116835,0.000150907,0.000193074,0.000244815,0.000307795,0.00038387,0.000475103,,,,,,,,,,,,,3087.9728,3754.5996,-214.3906,,6.7104,1196.1849,-99.3,,,,,0.4685,2332.643,,,,,1.15,12.17391304,14.0,linear,none,50,3,high,dry polymer stirred at 50C with LiTFSI >3h,https://doi.org/10.1021/ma401267w,"K. P. Barteau, M. Wolffs, N. A. Lynd, G. H. Fredrickson, E. J. Krarner and C. J. Hawker, Macromolecules, 2013, 46, 8988–8994",C(F)(F)(F)S(=O)(=O)[N-]S(=O)(=O)C(F)(F)F
539,PAGE-(EO)0,ether,poly (allyl glycidyl ether),C(COCC=C)OC,C(COCC=C)OC,100.0,2.0,TFSI,0.10116799,0.050583995,20.0,,-78.0,,,,,no,,,,,1.8e-05,,2.5e-05,3.41e-05,4.54e-05,5.94e-05,7.65e-05,9.69e-05,0.00012106,0.000149333,0.000182055,0.000219559,0.000262162,,,,,,,,,,,,,5.0834,1339.8124,-113.0821245,,,,,,,,,0.4399,523.6292,,,,,1.15,12.17391304,14.0,linear,none,50,3,high,dry polymer stirred at 50C with LiTFSI >3h,https://doi.org/10.1021/ma401267w,"K. P. Barteau, M. Wolffs, N. A. Lynd, G. H. Fredrickson, E. J. Krarner and C. J. Hawker, Macromolecules, 2013, 46, 8988–8994",C(F)(F)(F)S(=O)(=O)[N-]S(=O)(=O)C(F)(F)F
540,PAGE-(EO)2,ether,poly (allyl glycidyl ether di(ethylene glycol)),C(COCCCSCCOCCOC)OC,C(COCCCSCCOCCOC)OC,100.0,4.0,TFSI,0.219741815,0.054935454,20.0,,-71.0,,,,,no,,,,,2.26e-05,,3.06e-05,4.06e-05,5.31e-05,6.85e-05,8.71e-05,0.000109312,0.000135648,0.000166525,0.000202394,0.000243711,0.000290931,,,,,,,,,,,,,15.1283,1744.3836,-140.0963115,,,,,,,,,0.42,297.3272,,,,,,,,branched,none,50,3,high,dry polymer stirred at 50C with LiTFSI >3h,https://doi.org/10.1021/ma401267w,"K. P. Barteau, M. Wolffs, N. A. Lynd, G. H. Fredrickson, E. J. Krarner and C. J. Hawker, Macromolecules, 2013, 46, 8988–8994",C(F)(F)(F)S(=O)(=O)[N-]S(=O)(=O)C(F)(F)F
541,PAGE-(EO)3,ether,poly (allyl glycidyl ether tri(ethylene glycol)),C(COCCCSCCOCCOCCOC)OC,C(COCCCSCCOCCOCCOC)OC,100.0,5.0,TFSI,0.258111047,0.051622209,20.0,,-75.0,,,,,no,,,,,2.38e-05,,3.29e-05,4.46e-05,5.96e-05,7.85e-05,0.000102097,0.000131138,0.000166531,0.000209235,0.000260284,0.000320779,0.000391886,,,,,,,,,,,,,148.4921,2418.4979,-164.0062227,,,,,,,,,0.4614,1556.5137,,,,,,,,branched,none,50,3,high,dry polymer stirred at 50C with LiTFSI >3h,https://doi.org/10.1021/ma401267w,"K. P. Barteau, M. Wolffs, N. A. Lynd, G. H. Fredrickson, E. J. Krarner and C. J. Hawker, Macromolecules, 2013, 46, 8988–8994",C(F)(F)(F)S(=O)(=O)[N-]S(=O)(=O)C(F)(F)F
542,P(EO-co-AGE)-77,ether,poly (ethylene glycol co allyl glycidyl ether),COC,C(COCC=C)OC,89.7,1.23,TFSI,0.046413226,0.03773433,20.0,,-69.0,,,,,yes,,,,,2.09e-05,,4.24e-05,7.32e-05,0.000112821,0.000160361,0.00021452,0.000273946,0.000337346,0.000403553,0.000471555,0.000540501,0.000609685,,,,,,,,,,,,,0.0981,191.4592,-9.160043264,,,,,,,0.5497,58630.2899,0.45,2021.0,"high vs low: don't include lowest temp, 1000/T 3.3",,,,1.12,29.5,39.4,linear,none,50,3,high,dry polymer stirred at 50C with LiTFSI >3h,https://doi.org/10.1021/ma401267w,"K. P. Barteau, M. Wolffs, N. A. Lynd, G. H. Fredrickson, E. J. Krarner and C. J. Hawker, Macromolecules, 2013, 46, 8988–8994",C(F)(F)(F)S(=O)(=O)[N-]S(=O)(=O)C(F)(F)F
543,P(EO-co-AGE)-61,ether,poly (ethylene glycol co allyl glycidyl ether),COC,C(COCC=C)OC,80.2,1.39,TFSI,0.052212225,0.037562752,20.0,,-71.0,,,,,yes,,,,,3.73e-05,,5.1e-05,6.86e-05,9.09e-05,0.000118811,0.000153194,0.000195129,0.000245732,0.000306197,0.000377782,0.00046181,0.000559659,,,,,,,,,,,,,110.6453,2197.9844,-157.336,,,,,,,,,0.4453,1308.2335,,,,,1.13,15.8,14.7,linear,none,50,3,high,dry polymer stirred at 50C with LiTFSI >3h,https://doi.org/10.1021/ma401267w,"K. P. Barteau, M. Wolffs, N. A. Lynd, G. H. Fredrickson, E. J. Krarner and C. J. Hawker, Macromolecules, 2013, 46, 8988–8994",C(F)(F)(F)S(=O)(=O)[N-]S(=O)(=O)C(F)(F)F
544,P(EO-co-AGE)-56,ether,poly (ethylene glycol co allyl glycidyl ether),COC,C(COCC=C)OC,76.7,1.44,TFSI,0.054348699,0.037742152,20.0,,-69.0,,,,,no,,,,,3.58e-05,,4.84e-05,6.44e-05,8.46e-05,0.000109678,0.000140448,0.000177834,0.000222813,0.000276433,0.000339806,0.000414108,0.000500568,,,,,,,,,,,,,138.6167,2389.1135,-168.917,,,,,,,,,0.436,862.026,,,,,1.13,7.9,6.5,linear,none,50,3,high,dry polymer stirred at 50C with LiTFSI >3h,https://doi.org/10.1021/ma401267w,"K. P. Barteau, M. Wolffs, N. A. Lynd, G. H. Fredrickson, E. J. Krarner and C. J. Hawker, Macromolecules, 2013, 46, 8988–8994",C(F)(F)(F)S(=O)(=O)[N-]S(=O)(=O)C(F)(F)F
545,P(EO-co-AGE)-32,ether,poly (ethylene glycol co allyl glycidyl ether),COC,C(COCC=C)OC,54.9,1.68,TFSI,0.067655877,0.040271355,20.0,,-73.0,,,,,no,,,,,2.55e-05,,3.45e-05,4.6e-05,6.04e-05,7.81e-05,9.98e-05,0.000125957,0.000157196,0.000194146,0.000237463,0.00028782,0.000345909,,,,,,,,,,,,,38.3871,2017.6867,-152.3558002,,,,,,,,,0.4313,514.2554,,,,,1.11,17.3,27.5,linear,none,50,3,high,dry polymer stirred at 50C with LiTFSI >3h,https://doi.org/10.1021/ma401267w,"K. P. Barteau, M. Wolffs, N. A. Lynd, G. H. Fredrickson, E. J. Krarner and C. J. Hawker, Macromolecules, 2013, 46, 8988–8994",C(F)(F)(F)S(=O)(=O)[N-]S(=O)(=O)C(F)(F)F
546,PEM9,"ether, acrylate",﻿poly(methoxy polyethylene glycol monomethacrylate),CC(C(=O)OCCOCCOCCOCCOCCOCCOCCOCCOCCOC)(C),CC(C(=O)OCCOCCOCCOCCOCCOCCOCCOCCOCCOC)(C),100.0,11.0,CF3SO3,,0.0556,,,-63.15,,,,,no,,,4.46e-06,,7.68e-06,,1.21e-05,1.78e-05,2.48e-05,3.31e-05,4.26e-05,5.32e-05,6.49e-05,7.74e-05,9.08e-05,0.000104805,0.000119393,0.000134442,0.000149856,0.000181432,,,,,,,,,,0.043,331.9894,-32.422,,,,,,,,,0.3771,22.8844,,,,,,,,branched,acetone,134.85,30,yes,,https://doi.org/10.1016/0032-3861(84)90152-6,"D. J. Bannister, G. R. Davies, I. M. Ward and J. E. McIntyre, Polymer, 1984, 25, 1600–1602.",C(F)(F)(F)S(=O)(=O)[O-]
547,PEM22,"ether, acrylate",﻿poly(methoxy polyethylene glycol monomethacrylate),CC(C(=O)OCCOCCOCCOCCOCCOCCOCCOCCOCCOCCOCCOCCOCCOCCOCCOCCOCCOCCOCCOCCOCCOCCOC)(C),CC(C(=O)OCCOCCOCCOCCOCCOCCOCCOCCOCCOCCOCCOCCOCCOCCOCCOCCOCCOCCOCCOCCOCCOCCOC)(C),100.0,24.0,CF3SO3,,0.0556,,,,,,,,no,,,1.68e-05,,2.41e-05,,3.38e-05,4.62e-05,6.17e-05,8.08e-05,0.000103815,0.000131245,0.000163466,0.000200856,0.000243766,0.000292517,0.0003474,0.00040867,0.00047655,0.000632845,,,,,,,,,,3.5844,1142.5618,-101.124,,,,,,,,,0.4035,176.8083,,,,,,,,branched,acetone,134.85,30,yes,polymer becomes crystalline after few days; cond measurements taken before,https://doi.org/10.1016/0032-3861(84)90152-6,"D. J. Bannister, G. R. Davies, I. M. Ward and J. E. McIntyre, Polymer, 1984, 25, 1600–1602.",C(F)(F)(F)S(=O)(=O)[O-]
548,PMG22,"ether, acrylate",﻿poly(methoxy polyethylene glycol monomethacrylate),CC(C(=O)OCCOCCOCCOCCOCCOCCOCCOCCOCCOCCOCCOCCOCCOCCOCCOCCOCCOCCOCCOCCOCCOCCOC)(C),CC(C(=O)OCCOCCOCCOCCOCCOCCOCCOCCOCCOCCOCCOCCOCCOCCOCCOCCOCCOCCOCCOCCOCCOCCOC)(C),100.0,22.0,CF3SO3,,0.2,,-25.0,,28,13.0,41.0,,yes,,,4.45e-07,,7.13e-07,,1.12e-06,1.74e-06,2.67e-06,4.03e-06,6.01e-06,8.85e-06,1.29e-05,1.85e-05,,,,,,,,,,,,,,,,19115914.37,8369.4387,-273.15,,0.8657,1119.443,-75.0,,,,,0.7077,654028.4883,,,,,,300.0,,branched,methanol,,72,yes,dried under vacuum for several days,https://doi.org/10.1016/0167-2738(84)90102-4,"D. W. Xia, D. Soltz and J. Smid, Solid State Ionics, 1984, 14, 221–224",C(F)(F)(F)S(=O)(=O)[O-]
549,PMG22PS,"ether, acrylate, phenyl",﻿poly(methoxy polyethylene glycol monomethacrylate-co-styrene),CC(C(=O)OCCOCCOCCOCCOCCOCCOCCOCCOCCOCCOCCOCCOCCOCCOCCOCCOCCOCCOCCOCCOCCOCCOC)(C),C(C1=CC=CC=C1)C,14.29,22.0,CF3SO3,,0.2,,-29.0,,,,,,no,,3.07e-06,5.61e-06,,9.62e-06,,1.57e-05,,,,,,,,,,,,,,,,,,,,,,,4.4543,999.6559,-73.04159538,,8.7851,1131.1691,-79.0,,,,,0.8337,1175861864.0,,,,,,,,branched,methanol,,72,yes,dried under vacuum for several days,https://doi.org/10.1016/0167-2738(84)90102-4,"D. W. Xia, D. Soltz and J. Smid, Solid State Ionics, 1984, 14, 221–224",C(F)(F)(F)S(=O)(=O)[O-]
550,PE2A,"ether, acrylate",polyacrylate ether,C(C(=O)OCCOCCOC),C(C(=O)OCCOCCOC),100.0,,TFSI,,0.05,,,,,,,,no,1.08e-08,6.69e-08,1.14e-07,,1.88e-07,,3.02e-07,4.73e-07,7.21e-07,1.08e-06,1.57e-06,2.26e-06,3.18e-06,4.41e-06,6.03e-06,8.12e-06,1.08e-05,1.41e-05,1.83e-05,2.99e-05,,,,,,,,,,84.655,2941.5938,-147.2745608,,,,,,,,,0.6761,44288.6921,,,,,,,,branched,dimethoxyethane,,,yes,solvent is either acetonitrile or dimethoxyethane,https://doi.org/10.1016/S0378-7753(00)00423-7,"Buriez, O.; Han, Y. B.; Hou, J.; Kerr, J. B.; Qiao, J.; Sloop, S. E.; Tian, M. M.; Wang, S. G. J. Power Sources 2000, 89, 149-155",C(F)(F)(F)S(=O)(=O)[N-]S(=O)(=O)C(F)(F)F
551,PE3A,"ether, acrylate",polyacrylate ether,C(C(=O)OCCOCCOCCOC),C(C(=O)OCCOCCOCCOC),100.0,,TFSI,,0.05,,,,,,,,no,,,,,2.74e-06,,4.22e-06,6.36e-06,9.41e-06,1.37e-05,1.95e-05,2.74e-05,3.79e-05,5.18e-05,6.97e-05,9.28e-05,0.000122161,0.000159018,0.000204894,0.000330656,,,,,,,,,,2633.2802,3525.9094,-172.7,,,,,,,,,0.5987,40569.8218,,,,,,,,branched,dimethoxyethane,,,yes,solvent is either acetonitrile or dimethoxyethane,https://doi.org/10.1016/S0378-7753(00)00423-7,"Buriez, O.; Han, Y. B.; Hou, J.; Kerr, J. B.; Qiao, J.; Sloop, S. E.; Tian, M. M.; Wang, S. G. J. Power Sources 2000, 89, 149-155",C(F)(F)(F)S(=O)(=O)[N-]S(=O)(=O)C(F)(F)F
552,PE5A,"ether, acrylate",polyacrylate ether,C(C(=O)OCCOCCOCCOCCOCCOC),C(C(=O)OCCOCCOCCOCCOCCOC),100.0,,TFSI,,0.05,,,,,,,,no,1.77e-06,8.11e-06,1.26e-05,,1.91e-05,,2.82e-05,4.07e-05,5.74e-05,7.95e-05,0.000108187,0.000144813,0.000190932,0.000248242,0.000318596,0.000403997,0.000506584,0.000628624,0.000772502,0.0011358,,,,,,,,,,184.6127,2137.2802,-136.5,,,,,,,,,0.5494,31466.5682,,,,,,,,branched,dimethoxyethane,,,yes,solvent is either acetonitrile or dimethoxyethane,https://doi.org/10.1016/S0378-7753(00)00423-7,"Buriez, O.; Han, Y. B.; Hou, J.; Kerr, J. B.; Qiao, J.; Sloop, S. E.; Tian, M. M.; Wang, S. G. J. Power Sources 2000, 89, 149-155",C(F)(F)(F)S(=O)(=O)[N-]S(=O)(=O)C(F)(F)F
553,PE6A,"ether, acrylate",polyacrylate ether,C(C(=O)OCCOCCOCCOCCOCCOCCOC),C(C(=O)OCCOCCOCCOCCOCCOCCOC),100.0,,TFSI,,0.05,,,,,,,,no,1.1e-06,6.02e-06,9.69e-06,,1.5e-05,,2.25e-05,3.28e-05,4.65e-05,6.44e-05,8.73e-05,0.000116003,0.000151527,0.000194777,0.000246722,0.000308346,0.000380631,0.00046455,0.000561054,0.00079547,,,,,,,,,,18.0022,1447.2739,-104.82,,,,,,,,,0.5553,25534.5223,,,,,,,,branched,dimethoxyethane,,,yes,solvent is either acetonitrile or dimethoxyethane,https://doi.org/10.1016/S0378-7753(00)00423-7,"Buriez, O.; Han, Y. B.; Hou, J.; Kerr, J. B.; Qiao, J.; Sloop, S. E.; Tian, M. M.; Wang, S. G. J. Power Sources 2000, 89, 149-155",C(F)(F)(F)S(=O)(=O)[N-]S(=O)(=O)C(F)(F)F
554,PVE3,"ether, acrylate",polyvinyl ether,C(OCCOCCOCCOC)C,C(OCCOCCOCCOC)C,100.0,,TFSI,,0.05,,,,,,,,no,,,,,1.15e-05,,1.83e-05,2.78e-05,4.05e-05,5.7e-05,7.76e-05,0.000102801,0.000133038,0.0001686,0.000209744,0.000256665,0.000309493,0.000368299,,,,,,,,,,,,1.1508,745.945,-61.1,,,,,,,,,0.5325,13474.9078,,,,,,,65.0,branched,dimethoxyethane,,,yes,solvent is either acetonitrile or dimethoxyethane,https://doi.org/10.1016/S0378-7753(00)00423-7,"Buriez, O.; Han, Y. B.; Hou, J.; Kerr, J. B.; Qiao, J.; Sloop, S. E.; Tian, M. M.; Wang, S. G. J. Power Sources 2000, 89, 149-155",C(F)(F)(F)S(=O)(=O)[N-]S(=O)(=O)C(F)(F)F
555,PVE4,"ether, acrylate",polyvinyl ether,C(OCCOCCOCCOCCOC)C,C(OCCOCCOCCOCCOC)C,100.0,,TFSI,,0.05,,,,,,,,no,,,,,1.97e-05,,3.12e-05,4.68e-05,6.76e-05,9.42e-05,0.000127293,0.00016752,0.0002154,0.00027136,0.000335729,0.000408739,0.000490527,0.000581145,,,,,,,,,,,,1.5967,726.6839,-60.98,,,,,,,,,0.52,14180.328,,,,,,,65.0,branched,dimethoxyethane,,,yes,solvent is either acetonitrile or dimethoxyethane,https://doi.org/10.1016/S0378-7753(00)00423-7,"Buriez, O.; Han, Y. B.; Hou, J.; Kerr, J. B.; Qiao, J.; Sloop, S. E.; Tian, M. M.; Wang, S. G. J. Power Sources 2000, 89, 149-155",C(F)(F)(F)S(=O)(=O)[N-]S(=O)(=O)C(F)(F)F
556,PVE5,"ether, acrylate",polyvinyl ether,C(OCCOCCOCCOCCOCCOC)C,C(OCCOCCOCCOCCOCCOC)C,100.0,,TFSI,,0.05,,,,,,,,no,,,,,2.86e-05,,4.26e-05,6.11e-05,8.47e-05,0.000113983,0.000149473,0.000191629,0.000240821,0.000297334,0.000361373,,,,,,,,,,,,,,,1.4355,738.7189,-67.61,,,,,,,,,0.5041,10079.6732,,,,,,,65.0,branched,dimethoxyethane,,,yes,solvent is either acetonitrile or dimethoxyethane,https://doi.org/10.1016/S0378-7753(00)00423-7,"Buriez, O.; Han, Y. B.; Hou, J.; Kerr, J. B.; Qiao, J.; Sloop, S. E.; Tian, M. M.; Wang, S. G. J. Power Sources 2000, 89, 149-155",C(F)(F)(F)S(=O)(=O)[N-]S(=O)(=O)C(F)(F)F
557,PVBE5,"ether, benzyl",polyvinylbenzyl ether,C(C1=CC=C(COCCOCCOCCOCCOCCOC)C=C1)C,C(C1=CC=C(COCCOCCOCCOCCOCCOC)C=C1)C,100.0,,TFSI,,0.05,,,,,,,,no,,,,,,,1.94e-05,2.6e-05,3.42e-05,4.39e-05,5.53e-05,6.86e-05,8.38e-05,0.000100957,0.000120164,0.000141445,0.000164819,0.000190294,0.000217861,0.000279184,,,,,,,,,,0.5494,863.4641,-86.75,,,,,,,,,0.3463,13.2487,,,,,,,,branched,dimethoxyethane,,,yes,solvent is either acetonitrile or dimethoxyethane,https://doi.org/10.1016/S0378-7753(00)00423-7,"Buriez, O.; Han, Y. B.; Hou, J.; Kerr, J. B.; Qiao, J.; Sloop, S. E.; Tian, M. M.; Wang, S. G. J. Power Sources 2000, 89, 149-155",C(F)(F)(F)S(=O)(=O)[N-]S(=O)(=O)C(F)(F)F
558,PEPE5,ether,polyepoxide ether,C(COCCOCCOCCOCCOCCOC)OC,C(COCCOCCOCCOCCOCCOC)OC,100.0,,TFSI,,0.05,,,,,,,,no,2.3e-06,1.15e-05,1.85e-05,,2.9e-05,,4.45e-05,6.67e-05,9.81e-05,0.000141608,0.000200823,0.000280221,0.000385146,0.000521938,0.000698034,0.000922062,0.00120393,0.001554912,0.001987719,0.003157227,,,,,,,,,,10848.7312,3189.2159,-163.81,,,,,,,,,0.6619,3540438.118,,,,,,,75.0,branched,dimethoxyethane,,,yes,solvent is either acetonitrile or dimethoxyethane,https://doi.org/10.1016/S0378-7753(00)00423-7,"Buriez, O.; Han, Y. B.; Hou, J.; Kerr, J. B.; Qiao, J.; Sloop, S. E.; Tian, M. M.; Wang, S. G. J. Power Sources 2000, 89, 149-155",C(F)(F)(F)S(=O)(=O)[N-]S(=O)(=O)C(F)(F)F
559,PEMO-TFSI20,ether,oxymethylene-linked poly(ethylene oxide),COCCOCCOCCOCCOCCOCCOCCOCCOCOC,COCCOCCOCCOCCOCCOCCOCCOCCOCOC,100.0,,TFSI,,0.05,,-50.69,-60.0,,,,,no,,,,,2.96e-05,,4.19e-05,5.77e-05,7.75e-05,0.000101933,0.000131497,0.000166721,0.000208096,0.000256082,0.000311098,0.000373519,0.000443676,0.000521852,0.00060828,,,,0.33,60.0,restricted diffusion,,,,,3.7475,1071.19,-95.37,,4.8773,1150.9027,-100.69,,,,,0.4352,739.0865,,,,,2.5,50.0,125.0,linear,dimethoxyethane,,,yes,"solvent is either acetonitrile or dimethoxyethane; transference data from ﻿M.M. Doeff, L. Edman, S.E. Sloop, J.B. Kerr, L.C. De Jonghe, Journal of Power Sources 2000 ",https://doi.org/10.1016/S0378-7753(00)00423-7,"Buriez, O.; Han, Y. B.; Hou, J.; Kerr, J. B.; Qiao, J.; Sloop, S. E.; Tian, M. M.; Wang, S. G. J. Power Sources 2000, 89, 149-155",C(F)(F)(F)S(=O)(=O)[N-]S(=O)(=O)C(F)(F)F
560,PEMO-TFSI15,ether,oxymethylene-linked poly(ethylene oxide),COCCOCCOCCOCCOCCOCCOCCOCCOCOC,COCCOCCOCCOCCOCCOCCOCCOCCOCOC,100.0,,TFSI,,0.067,,-48.36,-60.0,,,,,no,,,,,,,,,0.000119399,,,,,,,,,,,,,,0.35,60.0,restricted diffusion,,,,,,,,,,,,,,,,,,,,,,2.5,50.0,125.0,branched,dimethoxyethane,,,yes,"solvent is either acetonitrile or dimethoxyethane; transference data from ﻿M.M. Doeff, L. Edman, S.E. Sloop, J.B. Kerr, L.C. De Jonghe, Journal of Power Sources 2000 ",https://doi.org/10.1016/S0378-7753(00)00423-7,"Buriez, O.; Han, Y. B.; Hou, J.; Kerr, J. B.; Qiao, J.; Sloop, S. E.; Tian, M. M.; Wang, S. G. J. Power Sources 2000, 89, 149-155",C(F)(F)(F)S(=O)(=O)[N-]S(=O)(=O)C(F)(F)F
561,PEMO-TFSI8,ether,oxymethylene-linked poly(ethylene oxide),COCCOCCOCCOCCOCCOCCOCCOCCOCOC,COCCOCCOCCOCCOCCOCCOCCOCCOCOC,100.0,,TFSI,,0.125,,,-60.0,,,,,no,,,,,,,,,6.3e-05,,,,,,,,,,,,,,0.22,60.0,restricted diffusion,,,,,,,,,,,,,,,,,,,,,,2.5,50.0,125.0,branched,dimethoxyethane,,,yes,"solvent is either acetonitrile or dimethoxyethane; transference data from ﻿M.M. Doeff, L. Edman, S.E. Sloop, J.B. Kerr, L.C. De Jonghe, Journal of Power Sources 2000 ",https://doi.org/10.1016/S0378-7753(00)00423-7,"Buriez, O.; Han, Y. B.; Hou, J.; Kerr, J. B.; Qiao, J.; Sloop, S. E.; Tian, M. M.; Wang, S. G. J. Power Sources 2000, 89, 149-155",C(F)(F)(F)S(=O)(=O)[N-]S(=O)(=O)C(F)(F)F
562,PEMO-Tf20,ether,oxymethylene-linked poly(ethylene oxide),COCCOCCOCCOCCOCCOCCOCCOCCOCOC,COCCOCCOCCOCCOCCOCCOCCOCCOCOC,100.0,,CF3SO3,,0.05,,,-60.0,,,,,no,,,,,,,,,2.92e-05,,,,,,,,,,,,,,0.05,60.0,restricted diffusion,,,,,,,,,,,,,,,,,,,,,,2.5,50.0,125.0,branched,dimethoxyethane,,,yes,"solvent is either acetonitrile or dimethoxyethane; transference data from ﻿M.M. Doeff, L. Edman, S.E. Sloop, J.B. Kerr, L.C. De Jonghe, Journal of Power Sources 2000 ",https://doi.org/10.1016/S0378-7753(00)00423-7,"Buriez, O.; Han, Y. B.; Hou, J.; Kerr, J. B.; Qiao, J.; Sloop, S. E.; Tian, M. M.; Wang, S. G. J. Power Sources 2000, 89, 149-155",C(F)(F)(F)S(=O)(=O)[O-]
563,p(Nme)20,"amide, ether",poly ﻿N-(2-methoxylethyl)glycine,C(=O)N(CCOC)C,C(=O)N(CCOC)C,100.0,1.0,TFSI,,0.085,,52.2,38.6,,,,,no,,,,,,,,,,,8.53e-08,1.53e-07,2.66e-07,4.47e-07,7.28e-07,1.15e-06,1.78e-06,2.69e-06,3.98e-06,8.19e-06,,,,,,,,,,247.9134,,,,,,,,,,,0.9477,56094067.2,,,,,,,2.3625,branched,none,100,48,yes,,https://doi.org/10.1021/ma300775b,"J. Sun, G. M. Stone, N. P. Balsara and R. N. Zuckermann, Macromolecules, 2012, 45, 5151–5156",C(F)(F)(F)S(=O)(=O)[N-]S(=O)(=O)C(F)(F)F
564,p(Nde)20,"amide, ether",poly ﻿N-(2-(2-methoxyethoxy)ethyl)glycine,C(=O)N(CCOCCOC)C,C(=O)N(CCOCCOC)C,100.0,2.0,TFSI,,0.085,,9.9,-6.8,,,,,no,,,,,,,,,2.38e-06,4.07e-06,6.58e-06,1.02e-05,1.51e-05,2.15e-05,2.99e-05,4.04e-05,5.32e-05,6.87e-05,8.71e-05,0.00013309,,,,,,,,,,1.1107,901.4907,-48.55,,0.6099,769.3482,-40.1,,,,,0.6702,179516.4348,,,,,,,3.2428,branched,none,100,48,yes,,https://doi.org/10.1021/ma300775b,"J. Sun, G. M. Stone, N. P. Balsara and R. N. Zuckermann, Macromolecules, 2012, 45, 5151–5156",C(F)(F)(F)S(=O)(=O)[N-]S(=O)(=O)C(F)(F)F
565,p(Nte)20,"amide, ether",﻿poly N-(2-(2-(2-methoxyethoxy)ethoxy)ethyl)glycine,C(=O)N(CCOCCOCCOC)C,C(=O)N(CCOCCOCCOC)C,100.0,3.0,TFSI,,0.085,,-2.4,-26.4,,,,,no,,,,,,,,,5.81e-06,9.13e-06,1.39e-05,2.05e-05,2.94e-05,4.12e-05,5.65e-05,7.59e-05,0.000100244,0.000130151,0.000166451,0.000261466,,,,,,,,,,18.6061,1531.6031,-86.52,,1.922,914.3966,-52.4,,,,,0.6367,116160.1289,,,,,,,4.1277,branched,none,100,48,yes,,https://doi.org/10.1021/ma300775b,"J. Sun, G. M. Stone, N. P. Balsara and R. N. Zuckermann, Macromolecules, 2012, 45, 5151–5156",C(F)(F)(F)S(=O)(=O)[N-]S(=O)(=O)C(F)(F)F
566,p(Nde)20,"amide, ether",poly ﻿N-(2-(2-methoxyethoxy)ethyl)glycine,C(=O)N(CCOCCOC)C,C(=O)N(CCOCCOC)C,100.0,2.0,TFSI,,0.01988,,0.826,-6.8,,,,,no,,,,,,,,,,,1.54e-06,,,,,,,,2.9e-05,,,,,,,,,,,,,,,,,,,,,,,,,,,,,,3.2428,branched,none,100,48,yes,,https://doi.org/10.1021/ma300775b,"J. Sun, G. M. Stone, N. P. Balsara and R. N. Zuckermann, Macromolecules, 2012, 45, 5151–5156",C(F)(F)(F)S(=O)(=O)[N-]S(=O)(=O)C(F)(F)F
567,p(Nde)20,"amide, ether",poly ﻿N-(2-(2-methoxyethoxy)ethyl)glycine,C(=O)N(CCOCCOC)C,C(=O)N(CCOCCOC)C,100.0,2.0,TFSI,,0.03997,,3.601,-6.8,,,,,no,,,,,,,,,,,1.48e-06,,,,,,,,2.68e-05,,,,,,,,,,,,,,,,,,,,,,,,,,,,,,3.2428,branched,none,100,48,yes,,https://doi.org/10.1021/ma300775b,"J. Sun, G. M. Stone, N. P. Balsara and R. N. Zuckermann, Macromolecules, 2012, 45, 5151–5156",C(F)(F)(F)S(=O)(=O)[N-]S(=O)(=O)C(F)(F)F
568,p(Nde)20,"amide, ether",poly ﻿N-(2-(2-methoxyethoxy)ethyl)glycine,C(=O)N(CCOCCOC)C,C(=O)N(CCOCCOC)C,100.0,2.0,TFSI,,0.1201,,11.23,-6.8,,,,,no,,,,,,,,,,,6.82e-06,,,,,,,,9.61e-05,,,,,,,,,,,,,,,,,,,,,,,,,,,,,,3.2428,branched,none,100,48,yes,,https://doi.org/10.1021/ma300775b,"J. Sun, G. M. Stone, N. P. Balsara and R. N. Zuckermann, Macromolecules, 2012, 45, 5151–5156",C(F)(F)(F)S(=O)(=O)[N-]S(=O)(=O)C(F)(F)F
569,p(Nde)20,"amide, ether",poly ﻿N-(2-(2-methoxyethoxy)ethyl)glycine,C(=O)N(CCOCCOC)C,C(=O)N(CCOCCOC)C,100.0,2.0,TFSI,,0.1601,,12.03,-6.8,,,,,no,,,,,,,,,,,5e-06,,,,,,,,7.25e-05,,,,,,,,,,,,,,,,,,,,,,,,,,,,,,3.2428,branched,none,100,48,yes,,https://doi.org/10.1021/ma300775b,"J. Sun, G. M. Stone, N. P. Balsara and R. N. Zuckermann, Macromolecules, 2012, 45, 5151–5156",C(F)(F)(F)S(=O)(=O)[N-]S(=O)(=O)C(F)(F)F
570,p(Nde)20,"amide, ether",poly ﻿N-(2-(2-methoxyethoxy)ethyl)glycine,C(=O)N(CCOCCOC)C,C(=O)N(CCOCCOC)C,100.0,2.0,TFSI,,0.2003,,20.35,-6.8,,,,,no,,,,,,,,,,,1.22e-06,,,,,,,,3.73e-05,,,,,,,,,,,,,,,,,,,,,,,,,,,,,,3.2428,branched,none,100,48,yes,,https://doi.org/10.1021/ma300775b,"J. Sun, G. M. Stone, N. P. Balsara and R. N. Zuckermann, Macromolecules, 2012, 45, 5151–5156",C(F)(F)(F)S(=O)(=O)[N-]S(=O)(=O)C(F)(F)F
571,p(Nde)20,"amide, ether",poly ﻿N-(2-(2-methoxyethoxy)ethyl)glycine,C(=O)N(CCOCCOC)C,C(=O)N(CCOCCOC)C,100.0,2.0,TFSI,,0.2401,,22.73,-6.8,,,,,no,,,,,,,,,,,1.12e-06,,,,,,,,3.7e-05,,,,,,,,,,,,,,,,,,,,,,,,,,,,,,3.2428,branched,none,100,48,yes,,https://doi.org/10.1021/ma300775b,"J. Sun, G. M. Stone, N. P. Balsara and R. N. Zuckermann, Macromolecules, 2012, 45, 5151–5156",C(F)(F)(F)S(=O)(=O)[N-]S(=O)(=O)C(F)(F)F
572,p(Nte)20,"amide, ether",﻿poly N-(2-(2-(2-methoxyethoxy)ethoxy)ethyl)glycine,C(=O)N(CCOCCOCCOC)C,C(=O)N(CCOCCOCCOC)C,100.0,3.0,TFSI,,0.01988,,-21.38,-26.4,,,,,no,,,,,,,,,,,7.32e-06,,,,,,,,6.11e-05,,,,,,,,,,,,,,,,,,,,,,,,,,,,,,4.1277,branched,none,100,48,yes,,https://doi.org/10.1021/ma300775b,"J. Sun, G. M. Stone, N. P. Balsara and R. N. Zuckermann, Macromolecules, 2012, 45, 5151–5156",C(F)(F)(F)S(=O)(=O)[N-]S(=O)(=O)C(F)(F)F
573,p(Nte)20,"amide, ether",﻿poly N-(2-(2-(2-methoxyethoxy)ethoxy)ethyl)glycine,C(=O)N(CCOCCOCCOC)C,C(=O)N(CCOCCOCCOC)C,100.0,3.0,TFSI,,0.03997,,-16.72,-26.4,,,,,no,,,,,,,,,,,1.9e-05,,,,,,,,0.0001704,,,,,,,,,,,,,,,,,,,,,,,,,,,,,,4.1277,branched,none,100,48,yes,,https://doi.org/10.1021/ma300775b,"J. Sun, G. M. Stone, N. P. Balsara and R. N. Zuckermann, Macromolecules, 2012, 45, 5151–5156",C(F)(F)(F)S(=O)(=O)[N-]S(=O)(=O)C(F)(F)F
574,p(Nte)20,"amide, ether",﻿poly N-(2-(2-(2-methoxyethoxy)ethoxy)ethyl)glycine,C(=O)N(CCOCCOCCOC)C,C(=O)N(CCOCCOCCOC)C,100.0,3.0,TFSI,,0.1201,,6.178,-26.4,,,,,no,,,,,,,,,,,1.3e-05,,,,,,,,0.0002327,,,,,,,,,,,,,,,,,,,,,,,,,,,,,,4.1277,branched,none,100,48,yes,,https://doi.org/10.1021/ma300775b,"J. Sun, G. M. Stone, N. P. Balsara and R. N. Zuckermann, Macromolecules, 2012, 45, 5151–5156",C(F)(F)(F)S(=O)(=O)[N-]S(=O)(=O)C(F)(F)F
575,p(Nte)20,"amide, ether",﻿poly N-(2-(2-(2-methoxyethoxy)ethoxy)ethyl)glycine,C(=O)N(CCOCCOCCOC)C,C(=O)N(CCOCCOCCOC)C,100.0,3.0,TFSI,,0.1601,,17.48,-26.4,,,,,no,,,,,,,,,,,2.37e-06,,,,,,,,4.75e-05,,,,,,,,,,,,,,,,,,,,,,,,,,,,,,4.1277,branched,none,100,48,yes,,https://doi.org/10.1021/ma300775b,"J. Sun, G. M. Stone, N. P. Balsara and R. N. Zuckermann, Macromolecules, 2012, 45, 5151–5156",C(F)(F)(F)S(=O)(=O)[N-]S(=O)(=O)C(F)(F)F
576,p(Nte)20,"amide, ether",﻿poly N-(2-(2-(2-methoxyethoxy)ethoxy)ethyl)glycine,C(=O)N(CCOCCOCCOC)C,C(=O)N(CCOCCOCCOC)C,100.0,3.0,TFSI,,0.2001,,29.87,-26.4,,,,,no,,,,,,,,,,,4.8e-07,,,,,,,,2.5e-05,,,,,,,,,,,,,,,,,,,,,,,,,,,,,,4.1277,branched,none,100,48,yes,,https://doi.org/10.1021/ma300775b,"J. Sun, G. M. Stone, N. P. Balsara and R. N. Zuckermann, Macromolecules, 2012, 45, 5151–5156",C(F)(F)(F)S(=O)(=O)[N-]S(=O)(=O)C(F)(F)F
577,p(Nte)20,"amide, ether",﻿poly N-(2-(2-(2-methoxyethoxy)ethoxy)ethyl)glycine,C(=O)N(CCOCCOCCOC)C,C(=O)N(CCOCCOCCOC)C,100.0,3.0,TFSI,,0.2401,,40.77,-26.4,,,,,no,,,,,,,,,,,3.02e-07,,,,,,,,2.57e-05,,,,,,,,,,,,,,,,,,,,,,,,,,,,,,4.1277,branched,none,100,48,yes,,https://doi.org/10.1021/ma300775b,"J. Sun, G. M. Stone, N. P. Balsara and R. N. Zuckermann, Macromolecules, 2012, 45, 5151–5156",C(F)(F)(F)S(=O)(=O)[N-]S(=O)(=O)C(F)(F)F
578,Tf 01,"ether, phosphazene",﻿poly[bis(2-(2-methoxyethoxy)ethoxy)phosphazene],P(OCCOCCOC)(OCCOCCOC)=N,P(OCCOCCOC)(OCCOCCOC)=N,100.0,6.0,CF3SO3,0.010093571,0.001682262,,-79.88,-80.0,,,,,no,,,,,9.38e-06,,1.12e-05,1.3e-05,1.5e-05,1.71e-05,1.93e-05,2.15e-05,2.37e-05,2.61e-05,2.84e-05,3.07e-05,3.31e-05,,,,,,,,,,,,,0.0071,374.9835,-74.32,,0.0283,795.9001,-129.88,,,,,0.2082,0.0325,,,,,,,,branched,THF,40,120,yes,,https://doi.org/10.1016/j.ssi.2010.09.051,"D.K. Lee, H.R. Allcock / Solid State Ionics 181 (2010) 1721–1726",C(F)(F)(F)S(=O)(=O)[O-]
579,Tf 02,"ether, phosphazene",﻿poly[bis(2-(2-methoxyethoxy)ethoxy)phosphazene],P(OCCOCCOC)(OCCOCCOC)=N,P(OCCOCCOC)(OCCOCCOC)=N,100.0,6.0,CF3SO3,0.01992,0.00332,,-79.7,-80.0,,,,,no,,,,,1.21e-05,,1.44e-05,1.69e-05,1.96e-05,2.25e-05,2.56e-05,2.89e-05,3.23e-05,3.59e-05,3.96e-05,4.35e-05,4.75e-05,,,,,,,,,,,,,0.0264,620.9323,-103.38,,,,,,,,,0.2257,0.0819,,,,,,,,branched,THF,40,120,yes,,https://doi.org/10.1016/j.ssi.2010.09.051,"D.K. Lee, H.R. Allcock / Solid State Ionics 181 (2010) 1721–1726",C(F)(F)(F)S(=O)(=O)[O-]
580,Tf 04,"ether, phosphazene",﻿poly[bis(2-(2-methoxyethoxy)ethoxy)phosphazene],P(OCCOCCOC)(OCCOCCOC)=N,P(OCCOCCOC)(OCCOCCOC)=N,100.0,6.0,CF3SO3,0.040042857,0.00667381,,-79.29,-80.0,,,,,no,,,,,1.51e-05,,1.8e-05,2.12e-05,2.46e-05,2.82e-05,3.19e-05,3.59e-05,4e-05,4.42e-05,4.85e-05,5.29e-05,5.73e-05,,,,,,,,,,,,,0.0179,460.9287,-84.0,,0.0589,833.3321,-129.29,,,,,0.2203,0.0835,,,,,,,,branched,THF,40,120,yes,,https://doi.org/10.1016/j.ssi.2010.09.051,"D.K. Lee, H.R. Allcock / Solid State Ionics 181 (2010) 1721–1726",C(F)(F)(F)S(=O)(=O)[O-]
581,Tf 08,"ether, phosphazene",﻿poly[bis(2-(2-methoxyethoxy)ethoxy)phosphazene],P(OCCOCCOC)(OCCOCCOC)=N,P(OCCOCCOC)(OCCOCCOC)=N,100.0,6.0,CF3SO3,0.083577143,0.013929524,,-75.13,-80.0,,,,,no,,,,,2.54e-05,,3.04e-05,3.59e-05,4.2e-05,4.87e-05,5.6e-05,6.39e-05,7.24e-05,8.15e-05,9.11e-05,0.000101373,0.000112158,,,,,,,,,,,,,0.1855,948.5009,-131.8,,0.1526,878.9634,-125.13,,,,,0.2454,0.3668,,,,,,,,branched,THF,40,120,yes,,https://doi.org/10.1016/j.ssi.2010.09.051,"D.K. Lee, H.R. Allcock / Solid State Ionics 181 (2010) 1721–1726",C(F)(F)(F)S(=O)(=O)[O-]
582,Tf 12,"ether, phosphazene",﻿poly[bis(2-(2-methoxyethoxy)ethoxy)phosphazene],P(OCCOCCOC)(OCCOCCOC)=N,P(OCCOCCOC)(OCCOCCOC)=N,100.0,6.0,CF3SO3,0.124985714,0.020830952,,-73.1,-80.0,,,,,no,,,,,2.84e-05,,3.42e-05,4.09e-05,4.84e-05,5.68e-05,6.61e-05,7.63e-05,8.75e-05,9.97e-05,0.00011286,0.000127082,0.00014234,,,,,,,,,,,,,0.6564,1283.7901,-153.3,,,,,,,,,0.2664,0.9243,,,,,,,,branched,THF,40,120,yes,,https://doi.org/10.1016/j.ssi.2010.09.051,"D.K. Lee, H.R. Allcock / Solid State Ionics 181 (2010) 1721–1726",C(F)(F)(F)S(=O)(=O)[O-]
583,Tf 25,"ether, phosphazene",﻿poly[bis(2-(2-methoxyethoxy)ethoxy)phosphazene],P(OCCOCCOC)(OCCOCCOC)=N,P(OCCOCCOC)(OCCOCCOC)=N,100.0,6.0,CF3SO3,0.250228571,0.041704762,,-65.23,-80.0,,,,,no,,,,,2.28e-05,,2.96e-05,3.78e-05,4.75e-05,5.88e-05,7.19e-05,8.69e-05,0.000103884,0.000122956,0.000144207,0.000167712,0.000193535,,,,,,,,,,,,,1.2987,1178.4824,-120.5,,1.0461,1105.9262,-115.23,,,,,0.3531,22.1883,,,,,,,,branched,THF,40,120,yes,,https://doi.org/10.1016/j.ssi.2010.09.051,"D.K. Lee, H.R. Allcock / Solid State Ionics 181 (2010) 1721–1726",C(F)(F)(F)S(=O)(=O)[O-]
584,Tf 50,"ether, phosphazene",﻿poly[bis(2-(2-methoxyethoxy)ethoxy)phosphazene],P(OCCOCCOC)(OCCOCCOC)=N,P(OCCOCCOC)(OCCOCCOC)=N,100.0,6.0,CF3SO3,0.500185714,0.083364286,,-49.4,-80.0,,,,,no,,,,,1.13e-05,,1.73e-05,2.52e-05,3.53e-05,4.79e-05,6.31e-05,8.12e-05,0.000102214,0.000126244,0.000153328,0.000183468,0.000216633,,,,,,,,,,,,,0.4288,649.0279,-59.37,,4.1372,1232.4957,-99.4,,,,,0.4868,2191.2236,,,,,,,,branched,THF,40,120,yes,,https://doi.org/10.1016/j.ssi.2010.09.051,"D.K. Lee, H.R. Allcock / Solid State Ionics 181 (2010) 1721–1726",C(F)(F)(F)S(=O)(=O)[O-]
585,TFSI 01,"ether, phosphazene",﻿poly[bis(2-(2-methoxyethoxy)ethoxy)phosphazene],P(OCCOCCOC)(OCCOCCOC)=N,P(OCCOCCOC)(OCCOCCOC)=N,100.0,6.0,TFSI,0.009992143,0.001665357,,-78.69,-80.0,,,,,no,,,,,1.3e-05,,1.61e-05,1.96e-05,2.36e-05,2.8e-05,3.29e-05,3.83e-05,4.42e-05,5.06e-05,5.74e-05,6.47e-05,7.24e-05,,,,,,,,,,,,,0.1278,879.6871,-113.7,,0.2107,1050.8023,-128.69,,,,,0.2836,0.8418,,,,,,,,branched,THF,40,120,yes,,https://doi.org/10.1016/j.ssi.2010.09.051,"D.K. Lee, H.R. Allcock / Solid State Ionics 181 (2010) 1721–1726",C(F)(F)(F)S(=O)(=O)[N-]S(=O)(=O)C(F)(F)F
586,TFSI 02,"ether, phosphazene",﻿poly[bis(2-(2-methoxyethoxy)ethoxy)phosphazene],P(OCCOCCOC)(OCCOCCOC)=N,P(OCCOCCOC)(OCCOCCOC)=N,100.0,6.0,TFSI,0.02,0.003333333,,-79.0,-80.0,,,,,no,,,,,2.18e-05,,2.69e-05,3.28e-05,3.95e-05,4.71e-05,5.55e-05,6.48e-05,7.5e-05,8.61e-05,9.81e-05,0.000111097,0.000125001,,,,,,,,,,,,,0.3574,1034.668,-125.9,,,,,,,,,0.2886,1.7005,,,,,,,,branched,THF,40,120,yes,,https://doi.org/10.1016/j.ssi.2010.09.051,"D.K. Lee, H.R. Allcock / Solid State Ionics 181 (2010) 1721–1726",C(F)(F)(F)S(=O)(=O)[N-]S(=O)(=O)C(F)(F)F
587,TFSI 04,"ether, phosphazene",﻿poly[bis(2-(2-methoxyethoxy)ethoxy)phosphazene],P(OCCOCCOC)(OCCOCCOC)=N,P(OCCOCCOC)(OCCOCCOC)=N,100.0,6.0,TFSI,0.04,0.006666667,,-77.8,-80.0,,,,,no,,,,,3.37e-05,,4.23e-05,5.22e-05,6.36e-05,7.66e-05,9.11e-05,0.000107247,0.000125085,0.000144629,0.000165895,0.000188892,0.000213619,,,,,,,,,,,,,0.6173,999.3191,-118.5,,0.8618,1114.7756,-127.8,,,,,0.305,5.0116,,,,,,,,branched,THF,40,120,yes,,https://doi.org/10.1016/j.ssi.2010.09.051,"D.K. Lee, H.R. Allcock / Solid State Ionics 181 (2010) 1721–1726",C(F)(F)(F)S(=O)(=O)[N-]S(=O)(=O)C(F)(F)F
588,TFSI 08,"ether, phosphazene",﻿poly[bis(2-(2-methoxyethoxy)ethoxy)phosphazene],P(OCCOCCOC)(OCCOCCOC)=N,P(OCCOCCOC)(OCCOCCOC)=N,100.0,6.0,TFSI,0.08,0.013333333,,-74.04,-80.0,,,,,no,,,,,7.08e-05,,9.05e-05,0.00011365,0.00014061,0.000171566,0.000206714,0.000246222,0.000290228,0.000338839,0.000392133,0.00045016,0.000512943,,,,,,,,,,,,,1.6866,994.4116,-112.5,,2.617,1142.1601,-124.04,,,,,0.3272,25.1293,,,,,,,,branched,THF,40,120,yes,,https://doi.org/10.1016/j.ssi.2010.09.051,"D.K. Lee, H.R. Allcock / Solid State Ionics 181 (2010) 1721–1726",C(F)(F)(F)S(=O)(=O)[N-]S(=O)(=O)C(F)(F)F
589,TFSI 12,"ether, phosphazene",﻿poly[bis(2-(2-methoxyethoxy)ethoxy)phosphazene],P(OCCOCCOC)(OCCOCCOC)=N,P(OCCOCCOC)(OCCOCCOC)=N,100.0,6.0,TFSI,0.1247,0.020783333,,-70.0,-80.0,,,,,no,,,,,7.95e-05,,0.000103281,0.00013173,0.000165236,0.000204169,0.00024886,0.000299601,0.000356643,0.000420195,0.000490421,0.000567447,0.000651357,,,,,,,,,,,,,2.5905,1015.2747,-109.6,,,,,,,,,0.3475,62.4368,,,,,,,,branched,THF,40,120,yes,,https://doi.org/10.1016/j.ssi.2010.09.051,"D.K. Lee, H.R. Allcock / Solid State Ionics 181 (2010) 1721–1726",C(F)(F)(F)S(=O)(=O)[N-]S(=O)(=O)C(F)(F)F
590,TFSI 25,"ether, phosphazene",﻿poly[bis(2-(2-methoxyethoxy)ethoxy)phosphazene],P(OCCOCCOC)(OCCOCCOC)=N,P(OCCOCCOC)(OCCOCCOC)=N,100.0,6.0,TFSI,0.25,0.041666667,,-61.36,-80.0,,,,,no,,,,,0.000104766,,0.000140319,0.00018443,0.000238297,0.00030314,0.000380184,0.000470643,0.000575707,0.000696531,0.000834219,0.000989819,0.001164312,,,,,,,,,,,,,18.2031,1367.2771,-123.35,,10.4684,1182.3165,-111.36,,,,,0.3978,582.6541,,,,,,,,branched,THF,40,120,yes,,https://doi.org/10.1016/j.ssi.2010.09.051,"D.K. Lee, H.R. Allcock / Solid State Ionics 181 (2010) 1721–1726",C(F)(F)(F)S(=O)(=O)[N-]S(=O)(=O)C(F)(F)F
591,TFSI 50,"ether, phosphazene",﻿poly[bis(2-(2-methoxyethoxy)ethoxy)phosphazene],P(OCCOCCOC)(OCCOCCOC)=N,P(OCCOCCOC)(OCCOCCOC)=N,100.0,6.0,TFSI,0.5,0.083333333,,-35.71,-80.0,,,,,no,,,,,5.83e-07,,1.15e-06,2.09e-06,3.58e-06,5.8e-06,8.98e-06,1.34e-05,1.92e-05,2.67e-05,3.62e-05,4.8e-05,6.22e-05,,,,,,,,,,,,,1.2356,943.9948,-55.6,,18.0636,1586.4701,-85.71,,,,,0.7699,7482830.83,,,,,,,,branched,THF,40,120,yes,,https://doi.org/10.1016/j.ssi.2010.09.051,"D.K. Lee, H.R. Allcock / Solid State Ionics 181 (2010) 1721–1726",C(F)(F)(F)S(=O)(=O)[N-]S(=O)(=O)C(F)(F)F
592,m=2,"carbonate, ether",poly (﻿methoxy oligo(ethyleneoxy)ethyl-alt-vinylene carbonate),CC(OCCOCCOC),C1OC(=O)OC1,50.0,4.0,TFSI,,0.125,,40.8,11.0,,,,,no,,,,,,,,,2.32e-09,7.33e-09,2.04e-08,5.11e-08,1.17e-07,2.48e-07,4.91e-07,9.16e-07,1.62e-06,2.75e-06,4.47e-06,1.07e-05,2.27e-05,5.92e-05,,,,,,,,24.3041,1660.8074,-42.2,,0.3532,807.1928,-9.0,,,,,1.2303,352000000000.0,,,,,2.2,37.0,81.4,branched,acetonitrile,90,24,none,,https://doi.org/10.1016/j.electacta.2013.08.124,"Itoh, Fujita, Inoue, Iwama, Kondoh, Uno, Kubo. Electrochim Acta, 112, 2013, 221-229",C(F)(F)(F)S(=O)(=O)[N-]S(=O)(=O)C(F)(F)F
593,m=2,"carbonate, ether",poly (﻿methoxy oligo(ethyleneoxy)ethyl-alt-vinylene carbonate),CC(OCCOCCOC),C1OC(=O)OC1,50.0,4.0,TFSI,,0.083333333,,34.1,11.0,,,,,no,,,,,,,,,1.57e-08,3.94e-08,9.03e-08,1.91e-07,3.76e-07,6.98e-07,1.23e-06,2.07e-06,3.34e-06,5.2e-06,7.83e-06,1.64e-05,3.11e-05,7.09e-05,,,,,,,,10.4778,1547.976,-48.72,,0.3409,805.6118,-16.0,,,,,1.0241,931262739.9,,,,,2.2,37.0,81.4,branched,acetonitrile,90,24,none,,https://doi.org/10.1016/j.electacta.2013.08.124,"Itoh, Fujita, Inoue, Iwama, Kondoh, Uno, Kubo. Electrochim Acta, 112, 2013, 221-229",C(F)(F)(F)S(=O)(=O)[N-]S(=O)(=O)C(F)(F)F
594,m=2,"carbonate, ether",poly (﻿methoxy oligo(ethyleneoxy)ethyl-alt-vinylene carbonate),CC(OCCOCCOC),C1OC(=O)OC1,50.0,4.0,TFSI,,0.0625,,31.7,11.0,,,,,no,,,,,,,,,,,1.62e-08,3.81e-08,8.24e-08,1.66e-07,3.14e-07,5.64e-07,9.67e-07,1.59e-06,2.51e-06,5.72e-06,1.17e-05,2.92e-05,,,,,,,,9.0903,1644.5275,-45.3,,0.5383,994.966,-18.0,,,,,1.0728,1443755767.0,,,,,2.2,37.0,81.4,branched,acetonitrile,90,24,none,,https://doi.org/10.1016/j.electacta.2013.08.124,"Itoh, Fujita, Inoue, Iwama, Kondoh, Uno, Kubo. Electrochim Acta, 112, 2013, 221-229",C(F)(F)(F)S(=O)(=O)[N-]S(=O)(=O)C(F)(F)F
595,m=2,"carbonate, ether",poly (﻿methoxy oligo(ethyleneoxy)ethyl-alt-vinylene carbonate),CC(OCCOCCOC),C1OC(=O)OC1,50.0,4.0,TFSI,,0.05,,29.4,11.0,,,,,no,,,,,,,,,7.68e-09,2.05e-08,4.93e-08,1.08e-07,2.21e-07,4.22e-07,7.61e-07,1.31e-06,2.14e-06,3.39e-06,5.17e-06,1.1e-05,2.12e-05,4.91e-05,,,,,,,,6.616,1493.6934,-44.4,,0.5236,941.2525,-21.0,,,,,1.0637,2112956587.0,,,,,2.2,37.0,81.4,branched,acetonitrile,90,24,none,,https://doi.org/10.1016/j.electacta.2013.08.124,"Itoh, Fujita, Inoue, Iwama, Kondoh, Uno, Kubo. Electrochim Acta, 112, 2013, 221-229",C(F)(F)(F)S(=O)(=O)[N-]S(=O)(=O)C(F)(F)F
596,m=3,"carbonate, ether",poly (﻿methoxy oligo(ethyleneoxy)ethyl-alt-vinylene carbonate),CC(OCCOCCOCCOC),C1OC(=O)OC1,50.0,5.0,TFSI,,0.125,,21.5,-12.0,,,,,no,,,3.18e-10,,1.42e-09,,5.21e-09,1.63e-08,4.47e-08,1.1e-07,2.45e-07,5.06e-07,9.75e-07,1.77e-06,3.06e-06,5.04e-06,7.99e-06,1.22e-05,1.81e-05,3.66e-05,6.77e-05,0.000148357,,,,,,,,13.1929,1443.4807,-46.8,,1.0161,938.3802,-28.0,,,,,1.1735,238000000000.0,,,,,3.0,19.0,57.0,branched,acetonitrile,90,24,none,,https://doi.org/10.1016/j.electacta.2013.08.124,"Itoh, Fujita, Inoue, Iwama, Kondoh, Uno, Kubo. Electrochim Acta, 112, 2013, 221-229",C(F)(F)(F)S(=O)(=O)[N-]S(=O)(=O)C(F)(F)F
597,m=3,"carbonate, ether",poly (﻿methoxy oligo(ethyleneoxy)ethyl-alt-vinylene carbonate),CC(OCCOCCOCCOC),C1OC(=O)OC1,50.0,5.0,TFSI,,0.083333333,,8.72,-12.0,,,,,no,,,1.72e-09,,6.23e-09,,1.91e-08,5.11e-08,1.22e-07,2.65e-07,5.31e-07,9.94e-07,1.75e-06,2.94e-06,4.71e-06,7.27e-06,1.08e-05,1.57e-05,2.2e-05,4.06e-05,6.92e-05,0.000136714,,,,,,,,4.2567,1268.3865,-47.5,,2.0113,1108.3911,-41.0,,,,,1.0154,1954390414.0,,,,,3.0,19.0,57.0,branched,acetonitrile,90,24,none,,https://doi.org/10.1016/j.electacta.2013.08.124,"Itoh, Fujita, Inoue, Iwama, Kondoh, Uno, Kubo. Electrochim Acta, 112, 2013, 221-229",C(F)(F)(F)S(=O)(=O)[N-]S(=O)(=O)C(F)(F)F
598,m=3,"carbonate, ether",poly (﻿methoxy oligo(ethyleneoxy)ethyl-alt-vinylene carbonate),CC(OCCOCCOCCOC),C1OC(=O)OC1,50.0,5.0,TFSI,,0.0625,,8.06,-12.0,,,,,no,,,,,,,2.42e-09,7.58e-09,2.11e-08,5.31e-08,1.22e-07,2.62e-07,5.25e-07,9.93e-07,1.79e-06,3.07e-06,5.08e-06,8.09e-06,1.25e-05,2.74e-05,5.46e-05,0.000132868,0.3,100.0,Bruce-Vincent,,,,,66.4388,1844.3458,-57.0,,10.8126,1408.6882,-42.0,,,,,1.1466,72210291721.0,,,,,3.0,19.0,57.0,branched,acetonitrile,90,24,none,,https://doi.org/10.1016/j.electacta.2013.08.124,"Itoh, Fujita, Inoue, Iwama, Kondoh, Uno, Kubo. Electrochim Acta, 112, 2013, 221-229",C(F)(F)(F)S(=O)(=O)[N-]S(=O)(=O)C(F)(F)F
599,m=3,"carbonate, ether",poly (﻿methoxy oligo(ethyleneoxy)ethyl-alt-vinylene carbonate),CC(OCCOCCOCCOC),C1OC(=O)OC1,50.0,5.0,TFSI,,0.05,,0.543,-12.0,,,,,no,,,,,,,5.5e-09,1.56e-08,3.99e-08,9.32e-08,2.01e-07,4.07e-07,7.74e-07,1.4e-06,2.41e-06,3.99e-06,6.37e-06,9.84e-06,1.48e-05,3.07e-05,5.86e-05,0.000135259,,,,,,,,46.6892,1785.2763,-59.6,,13.1199,1489.7517,-49.0,,,,,1.0644,6370356151.0,,,,,3.0,19.0,57.0,branched,acetonitrile,90,24,none,,https://doi.org/10.1016/j.electacta.2013.08.124,"Itoh, Fujita, Inoue, Iwama, Kondoh, Uno, Kubo. Electrochim Acta, 112, 2013, 221-229",C(F)(F)(F)S(=O)(=O)[N-]S(=O)(=O)C(F)(F)F
600,m=5,"carbonate, ether",poly (﻿methoxy oligo(ethyleneoxy)ethyl-alt-vinylene carbonate),CC(OCCOCCOCCOCCOCCOC),C1OC(=O)OC1,50.0,7.0,TFSI,,0.125,,-17.8,-31.0,,,,,no,,3.55e-08,9.34e-08,,2.2e-07,,4.73e-07,9.39e-07,1.75e-06,3.06e-06,5.11e-06,8.16e-06,1.25e-05,1.86e-05,2.68e-05,3.77e-05,5.16e-05,6.92e-05,9.1e-05,0.000149521,0.00023171,0.000408889,,,,,,,,7.2764,1280.8524,-63.5,,11.1678,1386.306,-68.0,,,,,0.8318,25878435.43,,,,,3.2,18.0,57.6,branched,acetonitrile,90,24,none,,https://doi.org/10.1016/j.electacta.2013.08.124,"Itoh, Fujita, Inoue, Iwama, Kondoh, Uno, Kubo. Electrochim Acta, 112, 2013, 221-229",C(F)(F)(F)S(=O)(=O)[N-]S(=O)(=O)C(F)(F)F
601,m=5,"carbonate, ether",poly (﻿methoxy oligo(ethyleneoxy)ethyl-alt-vinylene carbonate),CC(OCCOCCOCCOCCOCCOC),C1OC(=O)OC1,50.0,7.0,TFSI,,0.083333333,,-20.8,-31.0,,,,,no,,1.82e-08,5e-08,,1.23e-07,,2.77e-07,5.76e-07,1.12e-06,2.04e-06,3.54e-06,5.87e-06,9.35e-06,1.44e-05,2.14e-05,3.1e-05,4.38e-05,6.05e-05,8.17e-05,0.000141367,0.000229635,0.000431799,,,,,,,,19.3819,1489.1672,-67.9,,26.5665,1569.3233,-71.0,,,,,0.8971,185961639.1,,,,,3.2,18.0,57.6,branched,acetonitrile,90,24,none,,https://doi.org/10.1016/j.electacta.2013.08.124,"Itoh, Fujita, Inoue, Iwama, Kondoh, Uno, Kubo. Electrochim Acta, 112, 2013, 221-229",C(F)(F)(F)S(=O)(=O)[N-]S(=O)(=O)C(F)(F)F
602,m=5,"carbonate, ether",poly (﻿methoxy oligo(ethyleneoxy)ethyl-alt-vinylene carbonate),CC(OCCOCCOCCOCCOCCOC),C1OC(=O)OC1,50.0,7.0,TFSI,,0.0625,,-22.8,-31.0,,,,,no,,1.87e-08,5.17e-08,,1.28e-07,,2.86e-07,5.92e-07,1.14e-06,2.08e-06,3.58e-06,5.91e-06,9.35e-06,1.43e-05,2.11e-05,3.04e-05,4.27e-05,5.85e-05,7.86e-05,0.000134225,0.000215473,0.000398513,0.11,100.0,Bruce-Vincent,,,,,13.336,1415.4472,-65.6,,28.1975,1605.6896,-73.0,,,,,0.8869,128840837.6,,,,,3.2,18.0,57.6,branched,acetonitrile,90,24,none,,https://doi.org/10.1016/j.electacta.2013.08.124,"Itoh, Fujita, Inoue, Iwama, Kondoh, Uno, Kubo. Electrochim Acta, 112, 2013, 221-229",C(F)(F)(F)S(=O)(=O)[N-]S(=O)(=O)C(F)(F)F
603,m=5,"carbonate, ether",poly (﻿methoxy oligo(ethyleneoxy)ethyl-alt-vinylene carbonate),CC(OCCOCCOCCOCCOCCOC),C1OC(=O)OC1,50.0,7.0,TFSI,,0.05,,-25.6,-31.0,,,,,no,,2.88e-08,7.7e-08,,1.84e-07,,3.98e-07,7.97e-07,1.49e-06,2.62e-06,4.39e-06,7.02e-06,1.08e-05,1.61e-05,2.32e-05,3.26e-05,4.46e-05,5.98e-05,7.86e-05,0.000128994,0.000199589,0.000351245,,,,,,,,5.7122,1253.8166,-62.0,,21.8182,1593.6205,-76.0,,,,,0.8367,26014112.68,,,,,3.2,18.0,57.6,branched,acetonitrile,90,24,none,,https://doi.org/10.1016/j.electacta.2013.08.124,"Itoh, Fujita, Inoue, Iwama, Kondoh, Uno, Kubo. Electrochim Acta, 112, 2013, 221-229",C(F)(F)(F)S(=O)(=O)[N-]S(=O)(=O)C(F)(F)F
604,m=7.5,"carbonate, ether",poly (﻿methoxy oligo(ethyleneoxy)ethyl-alt-vinylene carbonate),CC(OCCOCCOCCOCCOCCOCCOCCOC),C1OC(=O)OC1,50.0,9.5,TFSI,,0.125,,-26.6,-52.0,,,,,no,,2.17e-07,4.98e-07,,1.04e-06,,2.03e-06,3.71e-06,6.41e-06,1.06e-05,1.67e-05,2.53e-05,3.73e-05,5.33e-05,7.43e-05,0.000101171,0.000134861,0.000176403,0.000226825,0.000358414,0.000537656,0.000911989,,,,,,,,13.0077,1281.6668,-70.0,,23.5064,1437.4549,-77.0,,,,,0.7436,3987951.858,,,,,1.6,7.9,12.64,branched,acetonitrile,90,24,none,,https://doi.org/10.1016/j.electacta.2013.08.124,"Itoh, Fujita, Inoue, Iwama, Kondoh, Uno, Kubo. Electrochim Acta, 112, 2013, 221-229",C(F)(F)(F)S(=O)(=O)[N-]S(=O)(=O)C(F)(F)F
605,m=7.5,"carbonate, ether",poly (﻿methoxy oligo(ethyleneoxy)ethyl-alt-vinylene carbonate),CC(OCCOCCOCCOCCOCCOCCOCCOC),C1OC(=O)OC1,50.0,9.5,TFSI,,0.083333333,,-27.8,-52.0,,,,,no,,2.49e-07,5.85e-07,,1.23e-06,,2.35e-06,4.16e-06,6.92e-06,1.09e-05,1.64e-05,2.38e-05,3.33e-05,4.53e-05,6.01e-05,7.78e-05,9.88e-05,0.000123136,0.000151103,0.000218255,0.000300807,0.000453632,,,,,,,,0.9243,815.9048,-51.3692,,7.2588,1319.1954,-78.0,,,,,0.6649,212963.2423,,,,,1.6,7.9,12.64,branched,acetonitrile,90,24,none,,https://doi.org/10.1016/j.electacta.2013.08.124,"Itoh, Fujita, Inoue, Iwama, Kondoh, Uno, Kubo. Electrochim Acta, 112, 2013, 221-229",C(F)(F)(F)S(=O)(=O)[N-]S(=O)(=O)C(F)(F)F
606,m=7.5,"carbonate, ether",poly (﻿methoxy oligo(ethyleneoxy)ethyl-alt-vinylene carbonate),CC(OCCOCCOCCOCCOCCOCCOCCOC),C1OC(=O)OC1,50.0,9.5,TFSI,,0.0625,,-31.8,-52.0,,,,,no,,5.97e-07,1.21e-06,,2.29e-06,,4.06e-06,6.82e-06,1.09e-05,1.67e-05,2.48e-05,3.56e-05,4.96e-05,6.75e-05,8.98e-05,0.000117138,0.000150044,0.000189094,0.000234822,0.000348277,0.000493933,0.000778725,0.17,100.0,Bruce-Vincent,,,,,4.7197,1118.7511,-70.7,,10.7298,1340.1286,-82.0,,,,,0.6394,151441.0421,,,,,1.6,7.9,12.64,branched,acetonitrile,90,24,none,,https://doi.org/10.1016/j.electacta.2013.08.124,"Itoh, Fujita, Inoue, Iwama, Kondoh, Uno, Kubo. Electrochim Acta, 112, 2013, 221-229",C(F)(F)(F)S(=O)(=O)[N-]S(=O)(=O)C(F)(F)F
607,m=7.5,"carbonate, ether",poly (﻿methoxy oligo(ethyleneoxy)ethyl-alt-vinylene carbonate),CC(OCCOCCOCCOCCOCCOCCOCCOC),C1OC(=O)OC1,50.0,9.5,TFSI,,0.05,,-37.2,-52.0,,,,,no,,7.12e-07,1.36e-06,,2.42e-06,,4.09e-06,6.6e-06,1.02e-05,1.52e-05,2.2e-05,3.08e-05,4.22e-05,5.64e-05,7.39e-05,9.51e-05,0.000120454,0.000150242,0.000184865,0.000269948,0.000378086,0.000587523,,,,,,,,3.5655,1151.7415,-76.4,,7.2934,1352.937,-87.0,,,,,0.5993,33558.2253,,,,,1.6,7.9,12.64,branched,acetonitrile,90,24,none,,https://doi.org/10.1016/j.electacta.2013.08.124,"Itoh, Fujita, Inoue, Iwama, Kondoh, Uno, Kubo. Electrochim Acta, 112, 2013, 221-229",C(F)(F)(F)S(=O)(=O)[N-]S(=O)(=O)C(F)(F)F
608,m=10,"carbonate, ether",poly (﻿methoxy oligo(ethyleneoxy)ethyl-alt-vinylene carbonate),CC(OCCOCCOCCOCCOCCOCCOCCOCCOCCOCCOC),C1OC(=O)OC1,50.0,12.0,TFSI,,0.125,,-18.9,-60.0,,,,,no,1.76e-08,3.98e-07,8.95e-07,,1.85e-06,,3.57e-06,6.47e-06,1.11e-05,1.82e-05,2.86e-05,4.34e-05,6.38e-05,9.11e-05,0.000126769,0.000172497,0.000229933,0.000300836,0.000387006,0.000612409,0.000920451,0.001566682,,,,,,,,25.2794,1320.6771,-72.3,,18.3779,1243.7566,-69.0,,,,,0.7995,41880325.47,,,,,1.4,8.1,11.34,branched,acetonitrile,90,24,none,,https://doi.org/10.1016/j.electacta.2013.08.124,"Itoh, Fujita, Inoue, Iwama, Kondoh, Uno, Kubo. Electrochim Acta, 112, 2013, 221-229",C(F)(F)(F)S(=O)(=O)[N-]S(=O)(=O)C(F)(F)F
609,m=10,"carbonate, ether",poly (﻿methoxy oligo(ethyleneoxy)ethyl-alt-vinylene carbonate),CC(OCCOCCOCCOCCOCCOCCOCCOCCOCCOCCOC),C1OC(=O)OC1,50.0,12.0,TFSI,,0.083333333,,-31.1,-60.0,,,,,no,1.41e-07,2.02e-06,4.07e-06,,7.65e-06,,1.35e-05,2.27e-05,3.64e-05,5.6e-05,8.34e-05,0.00012025,0.000168779,0.000231151,0.000309683,0.000406759,0.000524794,0.000666193,0.00083332,0.001253817,0.001803248,0.00290057,,,,,,,,26.279,1227.1931,-75.6,,41.5034,1345.4599,-81.0,,,,,0.6993,3737359.235,,,,,1.4,8.1,11.34,branched,acetonitrile,90,24,none,,https://doi.org/10.1016/j.electacta.2013.08.124,"Itoh, Fujita, Inoue, Iwama, Kondoh, Uno, Kubo. Electrochim Acta, 112, 2013, 221-229",C(F)(F)(F)S(=O)(=O)[N-]S(=O)(=O)C(F)(F)F
610,m=10,"carbonate, ether",poly (﻿methoxy oligo(ethyleneoxy)ethyl-alt-vinylene carbonate),CC(OCCOCCOCCOCCOCCOCCOCCOCCOCCOCCOC),C1OC(=O)OC1,50.0,12.0,TFSI,,0.0625,,-35.6,-60.0,,,,,no,4.85e-07,4.72e-06,8.66e-06,,1.5e-05,,2.47e-05,3.91e-05,5.94e-05,8.72e-05,0.000124461,0.000172936,0.000234678,0.000311781,0.000406378,0.00052061,0.000656588,0.000816371,0.001001933,0.001457752,0.002037434,0.003162595,0.15,80.0,Bruce-Vincent,,,,,22.2678,1212.773,-81.7,,30.5632,1298.6368,-86.0,,,,,0.6223,389661.5241,,,,,1.4,8.1,11.34,branched,acetonitrile,90,24,none,,https://doi.org/10.1016/j.electacta.2013.08.124,"Itoh, Fujita, Inoue, Iwama, Kondoh, Uno, Kubo. Electrochim Acta, 112, 2013, 221-229",C(F)(F)(F)S(=O)(=O)[N-]S(=O)(=O)C(F)(F)F
611,m=10,"carbonate, ether",poly (﻿methoxy oligo(ethyleneoxy)ethyl-alt-vinylene carbonate),CC(OCCOCCOCCOCCOCCOCCOCCOCCOCCOCCOC),C1OC(=O)OC1,50.0,12.0,TFSI,,0.05,,-39.8,-60.0,,,,,no,4.18e-07,3.6e-06,6.42e-06,,1.09e-05,,1.76e-05,2.73e-05,4.1e-05,5.95e-05,8.4e-05,0.000115727,0.000155879,0.000205769,0.000266725,0.000340075,0.00042714,0.000529205,0.00064751,0.000937481,0.001305557,0.002019227,,,,,,,,15.2514,1250.0613,-85.6,,20.943,1338.7518,-90.0,,,,,0.6038,140374.3418,,,,,1.4,8.1,11.34,branched,acetonitrile,90,24,none,,https://doi.org/10.1016/j.electacta.2013.08.124,"Itoh, Fujita, Inoue, Iwama, Kondoh, Uno, Kubo. Electrochim Acta, 112, 2013, 221-229",C(F)(F)(F)S(=O)(=O)[N-]S(=O)(=O)C(F)(F)F
612,m=15,"carbonate, ether",poly (﻿methoxy oligo(ethyleneoxy)ethyl-alt-vinylene carbonate),CC(OCCOCCOCCOCCOCCOCCOCCOCCOCCOCCOCCOCCOCCOCCOCCOC),C1OC(=O)OC1,50.0,17.0,TFSI,,0.125,,-29.1,-58.0,,,,,no,1.26e-07,1.44e-06,2.78e-06,,5.07e-06,,8.78e-06,1.45e-05,2.31e-05,3.54e-05,5.27e-05,7.62e-05,0.000107327,0.000147834,0.000199463,0.00026412,0.000343814,0.000440633,0.000556718,0.000855374,0.001257076,0.00208903,,,,,,,,43.2816,1476.8881,-87.6,,16.4419,1247.8024,-79.0,,,,,0.8099,98747833.72,,,,,1.5,7.8,11.7,branched,acetonitrile,90,24,none,,https://doi.org/10.1016/j.electacta.2013.08.124,"Itoh, Fujita, Inoue, Iwama, Kondoh, Uno, Kubo. Electrochim Acta, 112, 2013, 221-229",C(F)(F)(F)S(=O)(=O)[N-]S(=O)(=O)C(F)(F)F
613,m=15,"carbonate, ether",poly (﻿methoxy oligo(ethyleneoxy)ethyl-alt-vinylene carbonate),CC(OCCOCCOCCOCCOCCOCCOCCOCCOCCOCCOCCOCCOCCOCCOCCOC),C1OC(=O)OC1,50.0,17.0,TFSI,,0.083333333,,-36.9,-58.0,,,,,no,3.3e-07,3.41e-06,6.36e-06,,1.12e-05,,1.86e-05,2.97e-05,4.55e-05,6.74e-05,9.69e-05,0.000135513,0.00018495,0.000246994,0.000323457,0.000416168,0.00052694,0.000657547,0.0008097,0.001185054,0.001664738,0.002600659,,,,,,,,19.2693,1217.4496,-80.75,,37.0077,1373.3313,-87.0,,,,,0.7591,28756038.05,,,,,1.5,7.8,11.7,branched,acetonitrile,90,24,none,,https://doi.org/10.1016/j.electacta.2013.08.124,"Itoh, Fujita, Inoue, Iwama, Kondoh, Uno, Kubo. Electrochim Acta, 112, 2013, 221-229",C(F)(F)(F)S(=O)(=O)[N-]S(=O)(=O)C(F)(F)F
614,m=15,"carbonate, ether",poly (﻿methoxy oligo(ethyleneoxy)ethyl-alt-vinylene carbonate),CC(OCCOCCOCCOCCOCCOCCOCCOCCOCCOCCOCCOCCOCCOCCOCCOC),C1OC(=O)OC1,50.0,17.0,TFSI,,0.0625,,-43.5,-58.0,,,,,no,8.04e-07,5.94e-06,1.02e-05,,1.67e-05,,2.61e-05,3.94e-05,5.76e-05,8.17e-05,0.000112897,0.000152457,0.000201633,0.000261709,0.000333967,0.000419665,0.000520016,0.000636182,0.000769251,0.001090054,0.001489417,0.002247226,0.2,80.0,Bruce-Vincent,,,,,12.7981,1198.6093,-87.0,,23.968,1358.1098,-94.0,,,,,0.6632,1257811.329,,,,,1.5,7.8,11.7,branched,acetonitrile,90,24,none,,https://doi.org/10.1016/j.electacta.2013.08.124,"Itoh, Fujita, Inoue, Iwama, Kondoh, Uno, Kubo. Electrochim Acta, 112, 2013, 221-229",C(F)(F)(F)S(=O)(=O)[N-]S(=O)(=O)C(F)(F)F
615,m=15,"carbonate, ether",poly (﻿methoxy oligo(ethyleneoxy)ethyl-alt-vinylene carbonate),CC(OCCOCCOCCOCCOCCOCCOCCOCCOCCOCCOCCOCCOCCOCCOCCOC),C1OC(=O)OC1,50.0,17.0,TFSI,,0.05,,-47.5,-58.0,,,,,no,1.16e-06,7.73e-06,1.29e-05,,2.05e-05,,3.14e-05,4.64e-05,6.65e-05,9.26e-05,0.000125751,0.000167117,0.000217744,0.000278704,0.000351034,0.000435729,0.000533726,0.00064589,0.000773013,0.00107488,0.001443943,0.002130158,,,,,,,,9.0132,1135.2891,-86.9,,22.9379,1377.1419,-98.0,,,,,0.6282,412140.7553,,,,,1.5,7.8,11.7,branched,acetonitrile,90,24,none,,https://doi.org/10.1016/j.electacta.2013.08.124,"Itoh, Fujita, Inoue, Iwama, Kondoh, Uno, Kubo. Electrochim Acta, 112, 2013, 221-229",C(F)(F)(F)S(=O)(=O)[N-]S(=O)(=O)C(F)(F)F
616,m=23.5,"carbonate, ether",poly (﻿methoxy oligo(ethyleneoxy)ethyl-alt-vinylene carbonate),CC(OCCOCCOCCOCCOCCOCCOCCOCCOCCOCCOCCOCCOCCOCCOCCOCCOCCOCCOCCOCCOCCOCCOCCOC),C1OC(=O)OC1,50.0,25.5,TFSI,,0.125,,-27.3,-55.0,,,,,no,1.91e-07,2.63e-06,5.22e-06,,9.66e-06,,1.68e-05,2.79e-05,4.41e-05,6.7e-05,9.84e-05,0.000140322,0.000194681,0.000263675,0.000349513,0.000454413,0.000580573,0.000730132,0.000905141,0.001339126,0.001896306,0.002986748,,,,,,,,19.5843,1150.7726,-73.6,,27.3059,1229.1114,-77.0,,,,,0.7449,18566118.47,,,,,1.2,7.4,8.88,branched,acetonitrile,90,24,none,,https://doi.org/10.1016/j.electacta.2013.08.124,"Itoh, Fujita, Inoue, Iwama, Kondoh, Uno, Kubo. Electrochim Acta, 112, 2013, 221-229",C(F)(F)(F)S(=O)(=O)[N-]S(=O)(=O)C(F)(F)F
617,m=23.5,"carbonate, ether",poly (﻿methoxy oligo(ethyleneoxy)ethyl-alt-vinylene carbonate),CC(OCCOCCOCCOCCOCCOCCOCCOCCOCCOCCOCCOCCOCCOCCOCCOCCOCCOCCOCCOCCOCCOCCOCCOC),C1OC(=O)OC1,50.0,25.5,TFSI,,0.083333333,,-40.8,-55.0,,,,,no,9.93e-07,8.3e-06,1.47e-05,,2.45e-05,,3.91e-05,5.99e-05,8.86e-05,0.000127002,0.000177063,0.000240831,0.000320409,0.000417915,0.000535444,0.000675037,0.000838651,0.001028131,0.001245194,0.001768182,0.002418212,0.003647936,,,,,,,,17.9546,1140.1136,-82.0,,36.9379,1328.7439,-91.0,,,,,0.6309,673559.8264,,,,,1.2,7.4,8.88,branched,acetonitrile,90,24,none,,https://doi.org/10.1016/j.electacta.2013.08.124,"Itoh, Fujita, Inoue, Iwama, Kondoh, Uno, Kubo. Electrochim Acta, 112, 2013, 221-229",C(F)(F)(F)S(=O)(=O)[N-]S(=O)(=O)C(F)(F)F
618,m=23.5,"carbonate, ether",poly (﻿methoxy oligo(ethyleneoxy)ethyl-alt-vinylene carbonate),CC(OCCOCCOCCOCCOCCOCCOCCOCCOCCOCCOCCOCCOCCOCCOCCOCCOCCOCCOCCOCCOCCOCCOCCOC),C1OC(=O)OC1,50.0,25.5,TFSI,,0.0625,,-44.5,-55.0,,,,,no,4.81e-06,3.04e-05,4.98e-05,,7.8e-05,,0.000117274,0.000170266,0.000239721,0.000328475,0.000439383,0.000575263,0.000738839,0.000932695,0.001159236,0.001420657,0.00171892,0.002055742,0.002432582,0.003310863,0.004360342,0.006260647,0.16,80.0,Bruce-Vincent,,,,,16.9917,1024.0705,-83.45,,43.7951,1262.1322,-95.0,,,,,0.6037,594873.022,,,,,1.2,7.4,8.88,branched,acetonitrile,90,24,none,,https://doi.org/10.1016/j.electacta.2013.08.124,"Itoh, Fujita, Inoue, Iwama, Kondoh, Uno, Kubo. Electrochim Acta, 112, 2013, 221-229",C(F)(F)(F)S(=O)(=O)[N-]S(=O)(=O)C(F)(F)F
619,m=23.5,"carbonate, ether",poly (﻿methoxy oligo(ethyleneoxy)ethyl-alt-vinylene carbonate),CC(OCCOCCOCCOCCOCCOCCOCCOCCOCCOCCOCCOCCOCCOCCOCCOCCOCCOCCOCCOCCOCCOCCOCCOC),C1OC(=O)OC1,50.0,25.5,TFSI,,0.05,,-48.3,-55.0,,,,,no,4.13e-06,2.34e-05,3.74e-05,,5.73e-05,,8.46e-05,0.000120911,0.000168017,0.000227647,0.000301573,0.000391543,0.000499242,0.000626275,0.000774135,0.000944191,0.001137671,0.001355656,0.00159907,0.002165112,0.002840116,0.0040607,,,,,,,,11.6038,1055.7656,-87.7,,25.8116,1263.3992,-98.0,,,,,0.5754,157425.6768,,,,,1.2,7.4,8.88,branched,acetonitrile,90,24,none,,https://doi.org/10.1016/j.electacta.2013.08.124,"Itoh, Fujita, Inoue, Iwama, Kondoh, Uno, Kubo. Electrochim Acta, 112, 2013, 221-229",C(F)(F)(F)S(=O)(=O)[N-]S(=O)(=O)C(F)(F)F
620,Phe,"carbonate, ether, phenyl",poly (phenyl glycidyl ether-alt-carbon dioxide),C(COC1=CC=CC=C1)OC,C(=O)O,50.0,2.0,TFSI,0.1,0.05,,41.0,45.0,,,,,no,,,,,,,,,,,,,,,,,9.31e-09,,,1.47e-07,,,,,,,,,,,,,,,,,,,,,,,,,,,4.5,15.0,67.5,branched,chloroform,60,24,yes,,https://doi.org/10.1016/j.polymer.2010.07.037,"Tominaga, Shimomura, Nakamura. Polymer. 51, 2010, 4295-4298",C(F)(F)(F)S(=O)(=O)[N-]S(=O)(=O)C(F)(F)F
621,tBu,"carbonate, ether",poly (tert-butyl glycidyl ether-alt-carbon dioxide),C(COC(C)(C)C)OC,C(=O)O,50.0,2.0,TFSI,0.1,0.05,,18.0,9.0,141,,,,yes,,,,,,,,,6.4e-10,2.07e-09,5.74e-09,1.4e-08,3.05e-08,6.11e-08,1.14e-07,1.99e-07,3.28e-07,5.19e-07,7.87e-07,1.63e-06,,,,,,,,,,0.1601,1062.3638,-24.5,,0.4587,1258.7241,-32.0,,,,,1.3191,1630000000000.0,,,,,1.5,44.0,66.0,branched,chloroform,60,24,yes,,https://doi.org/10.1016/j.polymer.2010.07.037,"Tominaga, Shimomura, Nakamura. Polymer. 51, 2010, 4295-4298",C(F)(F)(F)S(=O)(=O)[N-]S(=O)(=O)C(F)(F)F
622,nBu,"carbonate, ether",poly (n-butyl glycidyl ether-alt-carbon dioxide),C(COCCCC)OC,C(=O)O,50.0,2.0,TFSI,0.1,0.05,,-20.0,-24.0,,,,,no,,,,,,,5.56e-08,1.12e-07,2.1e-07,3.67e-07,6.08e-07,9.61e-07,1.46e-06,2.13e-06,3.02e-06,4.16e-06,5.59e-06,7.35e-06,9.48e-06,1.5e-05,,,,,,,,,,0.2375,1022.6918,-52.4,,1.0569,1384.9966,-70.0,,,,,0.7779,625533.027,,,,,2.3,190.0,437.0,branched,chloroform,60,24,yes,,https://doi.org/10.1016/j.polymer.2010.07.037,"Tominaga, Shimomura, Nakamura. Polymer. 51, 2010, 4295-4298",C(F)(F)(F)S(=O)(=O)[N-]S(=O)(=O)C(F)(F)F
623,MeEt,"carbonate, ether",poly (methoxy ethyl glycidyl ether-alt-carbon dioxide),C(COCCOC)OC,C(=O)O,50.0,3.0,TFSI,0.1,0.033333333,,-55.0,-45.0,,,,,no,,,,,,,2.21e-06,3.64e-06,5.81e-06,9.04e-06,1.37e-05,2.04e-05,2.96e-05,4.22e-05,5.91e-05,8.13e-05,0.000110294,0.000147441,0.000194489,0.000326274,,,,,,,,,,800.9358,2718.9874,-131.4,,112.3283,2013.9243,-105.0,,,,,0.6965,916323.1572,,,,,2.1,17.0,35.7,branched,chloroform,60,24,yes,,https://doi.org/10.1016/j.polymer.2010.07.037,"Tominaga, Shimomura, Nakamura. Polymer. 51, 2010, 4295-4298",C(F)(F)(F)S(=O)(=O)[N-]S(=O)(=O)C(F)(F)F
624,1,ether,poly (ethylene oxide-co-epoxy octane),COC,C(CCCCCC)OC,77.98,,CF3SO3,,0.0625,,,,,,,,no,,2.48e-07,3.3e-07,,4.25e-07,,5.33e-07,6.53e-07,7.84e-07,9.26e-07,1.08e-06,1.23e-06,1.4e-06,1.57e-06,1.75e-06,1.93e-06,2.12e-06,,,,,,,,,,,,,0.0006,339.0059,-64.7421,,,,,,,,,0.3052,0.0544,,,,,,,1000.0,branched,acetonitrile,65,6,yes,vacuum >10^-3 mmHg,https://doi.org/10.1021/ma00207a006,"D. G. H. Ballard, P. Cheshire, T. S. Mann and J. E. Przeworski, Macromolecules, 1990, 23, 1256–1264.",C(F)(F)(F)S(=O)(=O)[O-]
625,2,ether,poly (ethylene oxide-co-butyl glycidyl ether),COC,C(COCCCC)OC,85.96,,CF3SO3,,0.0625,,,,,,,,no,,5.95e-07,9.55e-07,,1.47e-06,,2.17e-06,3.11e-06,4.32e-06,5.84e-06,7.72e-06,1e-05,1.27e-05,1.59e-05,1.96e-05,2.38e-05,2.86e-05,3.4e-05,4e-05,5.37e-05,,,,,,,,,,0.2255,988.5543,-83.7,,,,,,,,,0.509,474.7391,,,,,,,1000.0,branched,acetonitrile,65,6,yes,vacuum >10^-3 mmHg,https://doi.org/10.1021/ma00207a006,"D. G. H. Ballard, P. Cheshire, T. S. Mann and J. E. Przeworski, Macromolecules, 1990, 23, 1256–1264.",C(F)(F)(F)S(=O)(=O)[O-]
626,3,ether,poly (ethylene oxide-co-methyl glycidyl ether),COC,C(COC)OC,78.3,,CF3SO3,,0.0625,,,-68.6,,,,,no,,7.8e-07,1.24e-06,,1.89e-06,,2.79e-06,4e-06,5.57e-06,7.58e-06,1.01e-05,1.32e-05,1.69e-05,2.14e-05,2.66e-05,3.27e-05,3.97e-05,4.77e-05,5.67e-05,7.8e-05,,,,,,,,,,0.7249,1209.731,-95.9,,,,,,,,,0.5079,622.2737,,,,,,,1000.0,branched,acetonitrile,65,6,yes,vacuum >10^-3 mmHg,https://doi.org/10.1021/ma00207a006,"D. G. H. Ballard, P. Cheshire, T. S. Mann and J. E. Przeworski, Macromolecules, 1990, 23, 1256–1264.",C(F)(F)(F)S(=O)(=O)[O-]
627,4,ether,poly (ethylene oxide-co-ethoxyethyl glycidyl ether),COC,C(COCCOCC)OC,82.94,,CF3SO3,,0.0625,,-53.0,-70.0,,,,,no,2.03e-07,1.13e-06,1.81e-06,,2.77e-06,,4.1e-06,5.86e-06,8.15e-06,1.11e-05,1.47e-05,1.91e-05,2.44e-05,3.06e-05,3.79e-05,4.64e-05,5.6e-05,6.68e-05,7.9e-05,0.000107396,,,,,,,,,,0.6558,1091.1083,-89.6,,1.5509,1334.8778,-103.0,,,,,0.5243,1613.3857,,,,,,,1000.0,branched,acetonitrile,65,6,yes,vacuum >10^-3 mmHg,https://doi.org/10.1021/ma00207a006,"D. G. H. Ballard, P. Cheshire, T. S. Mann and J. E. Przeworski, Macromolecules, 1990, 23, 1256–1264.",C(F)(F)(F)S(=O)(=O)[O-]
628,5,ether,poly (ethylene oxide-co-digol ethyl glycidyl ether),COC,C(COCCOCCOCC)OC,61.9,,CF3SO3,,0.0625,,,,,,,,no,2.58e-07,1.7e-06,2.8e-06,,4.4e-06,,6.61e-06,9.58e-06,1.34e-05,1.84e-05,2.44e-05,3.18e-05,4.06e-05,5.1e-05,6.3e-05,7.67e-05,,,,,,,,,,,,,,0.6102,926.8816,-78.0,,,,,,,,,0.6124,76671.4898,,,,,,,1000.0,branched,acetonitrile,65,6,yes,vacuum >10^-3 mmHg,https://doi.org/10.1021/ma00207a006,"D. G. H. Ballard, P. Cheshire, T. S. Mann and J. E. Przeworski, Macromolecules, 1990, 23, 1256–1264.",C(F)(F)(F)S(=O)(=O)[O-]
629,6,ether,poly (ethylene oxide-co-digol methyl glycidyl ether),COC,C(COCCOCCOC)OC,71.15,,CF3SO3,,0.0625,,,-77.0,,,,,no,1.11e-06,5.61e-06,8.69e-06,,1.29e-05,,1.86e-05,2.59e-05,3.52e-05,4.67e-05,6.06e-05,7.73e-05,9.69e-05,0.000119538,0.000145524,0.000174962,0.000207982,,,,,,,,,,,,,1.3426,976.252,-87.2,,,,,,,,,0.535,11355.0758,,,,,,,1000.0,branched,acetonitrile,65,6,yes,vacuum >10^-3 mmHg,https://doi.org/10.1021/ma00207a006,"D. G. H. Ballard, P. Cheshire, T. S. Mann and J. E. Przeworski, Macromolecules, 1990, 23, 1256–1264.",C(F)(F)(F)S(=O)(=O)[O-]
630,7,ether,poly (ethylene oxide-co-trigol methyl glycidyl ether),COC,C(COCCOCCOCCOC)OC,66.89,,CF3SO3,,0.0625,,,,,,,,no,5.97e-07,3.53e-06,5.68e-06,,8.75e-06,,1.3e-05,1.86e-05,2.58e-05,3.49e-05,4.62e-05,5.98e-05,7.61e-05,9.52e-05,0.00011734,0.000142655,0.000171309,0.000203425,,,,,,,,,,,,1.3177,981.1827,-83.1,,,,,,,,,0.5632,22931.2416,,,,,,,1000.0,branched,acetonitrile,65,6,yes,vacuum >10^-3 mmHg,https://doi.org/10.1021/ma00207a006,"D. G. H. Ballard, P. Cheshire, T. S. Mann and J. E. Przeworski, Macromolecules, 1990, 23, 1256–1264.",C(F)(F)(F)S(=O)(=O)[O-]
631,4,ether,poly (ethylene oxide-co-ethoxyethyl glycidyl ether),COC,C(COCCOCC)OC,82.8,,CF3SO3,,0.186219739,,,-70.0,,,,,no,,,4.49e-07,,,,,,,,,,,,,,,,,,,,,,,,,,,,,,,,,,,,,,,,,,,,,,1000.0,branched,acetonitrile,65,6,yes,vacuum >10^-3 mmHg,https://doi.org/10.1021/ma00207a006,"D. G. H. Ballard, P. Cheshire, T. S. Mann and J. E. Przeworski, Macromolecules, 1990, 23, 1256–1264.",C(F)(F)(F)S(=O)(=O)[O-]
632,4,ether,poly (ethylene oxide-co-ethoxyethyl glycidyl ether),COC,C(COCCOCC)OC,82.8,,CF3SO3,,0.147383935,,,-70.0,,,,,no,,,6.47e-07,,,,,,,,,,,,,,,,,,,,,,,,,,,,,,,,,,,,,,,,,,,,,,1000.0,branched,acetonitrile,65,6,yes,vacuum >10^-3 mmHg,https://doi.org/10.1021/ma00207a006,"D. G. H. Ballard, P. Cheshire, T. S. Mann and J. E. Przeworski, Macromolecules, 1990, 23, 1256–1264.",C(F)(F)(F)S(=O)(=O)[O-]
633,4,ether,poly (ethylene oxide-co-ethoxyethyl glycidyl ether),COC,C(COCCOCC)OC,82.8,,CF3SO3,,0.120816721,,,-70.0,,,,,no,,,3.4e-06,,,,,,,,,,,,,,,,,,,,,,,,,,,,,,,,,,,,,,,,,,,,,,1000.0,branched,acetonitrile,65,6,yes,vacuum >10^-3 mmHg,https://doi.org/10.1021/ma00207a006,"D. G. H. Ballard, P. Cheshire, T. S. Mann and J. E. Przeworski, Macromolecules, 1990, 23, 1256–1264.",C(F)(F)(F)S(=O)(=O)[O-]
634,4,ether,poly (ethylene oxide-co-ethoxyethyl glycidyl ether),COC,C(COCCOCC)OC,82.8,,CF3SO3,,0.084175084,,,-70.0,,,,,no,,,5e-06,,,,,,,,,,,,,,,,,,,,,,,,,,,,,,,,,,,,,,,,,,,,,,1000.0,branched,acetonitrile,65,6,yes,vacuum >10^-3 mmHg,https://doi.org/10.1021/ma00207a006,"D. G. H. Ballard, P. Cheshire, T. S. Mann and J. E. Przeworski, Macromolecules, 1990, 23, 1256–1264.",C(F)(F)(F)S(=O)(=O)[O-]
635,4,ether,poly (ethylene oxide-co-ethoxyethyl glycidyl ether),COC,C(COCCOCC)OC,82.8,,CF3SO3,,0.061881188,,-53.0,-70.0,,,,,no,,,5.3e-06,,,,,,,,,,,,,,,,,,,,,,,,,,,,,,,,,,,,,,,,,,,,,,1000.0,branched,acetonitrile,65,6,yes,vacuum >10^-3 mmHg,https://doi.org/10.1021/ma00207a006,"D. G. H. Ballard, P. Cheshire, T. S. Mann and J. E. Przeworski, Macromolecules, 1990, 23, 1256–1264.",C(F)(F)(F)S(=O)(=O)[O-]
636,4,ether,poly (ethylene oxide-co-ethoxyethyl glycidyl ether),COC,C(COCCOCC)OC,82.8,,CF3SO3,,0.041580042,,,-70.0,,,,,no,,,6.5e-06,,,,,,,,,,,,,,,,,,,,,,,,,,,,,,,,,,,,,,,,,,,,,,1000.0,branched,acetonitrile,65,6,yes,vacuum >10^-3 mmHg,https://doi.org/10.1021/ma00207a006,"D. G. H. Ballard, P. Cheshire, T. S. Mann and J. E. Przeworski, Macromolecules, 1990, 23, 1256–1264.",C(F)(F)(F)S(=O)(=O)[O-]
637,4,ether,poly (ethylene oxide-co-ethoxyethyl glycidyl ether),COC,C(COCCOCC)OC,82.8,,CF3SO3,,0.024956326,,,-70.0,,,,,no,,,4e-06,,,,,,,,,,,,,,,,,,,,,,,,,,,,,,,,,,,,,,,,,,,,,,1000.0,branched,acetonitrile,65,6,yes,vacuum >10^-3 mmHg,https://doi.org/10.1021/ma00207a006,"D. G. H. Ballard, P. Cheshire, T. S. Mann and J. E. Przeworski, Macromolecules, 1990, 23, 1256–1264.",C(F)(F)(F)S(=O)(=O)[O-]
638,4,ether,poly (ethylene oxide-co-ethoxyethyl glycidyl ether),COC,C(COCCOCC)OC,82.8,,CF3SO3,,0.013303179,,,-70.0,,,,,no,,,2.3e-06,,,,,,,,,,,,,,,,,,,,,,,,,,,,,,,,,,,,,,,,,,,,,,1000.0,branched,acetonitrile,65,6,yes,vacuum >10^-3 mmHg,https://doi.org/10.1021/ma00207a006,"D. G. H. Ballard, P. Cheshire, T. S. Mann and J. E. Przeworski, Macromolecules, 1990, 23, 1256–1264.",C(F)(F)(F)S(=O)(=O)[O-]
639,4,ether,poly (ethylene oxide-co-ethoxyethyl glycidyl ether),COC,C(COCCOCC)OC,82.8,,CF3SO3,,0.010004002,,,-70.0,,,,,no,,,1.9e-06,,,,,,,,,,,,,,,,,,,,,,,,,,,,,,,,,,,,,,,,,,,,,,1000.0,branched,acetonitrile,65,6,yes,vacuum >10^-3 mmHg,https://doi.org/10.1021/ma00207a006,"D. G. H. Ballard, P. Cheshire, T. S. Mann and J. E. Przeworski, Macromolecules, 1990, 23, 1256–1264.",C(F)(F)(F)S(=O)(=O)[O-]
640,5,ether,poly (ethylene oxide-co-digol ethyl glycidyl ether),COC,C(COCCOCCOCC)OC,61.8,,CF3SO3,,0.1240387,,,,,,,,no,,,2.8e-06,,,,,,,,,,,,,,,,,,,,,,,,,,,,,,,,,,,,,,,,,,,,,,1000.0,branched,acetonitrile,65,6,yes,vacuum >10^-3 mmHg,https://doi.org/10.1021/ma00207a006,"D. G. H. Ballard, P. Cheshire, T. S. Mann and J. E. Przeworski, Macromolecules, 1990, 23, 1256–1264.",C(F)(F)(F)S(=O)(=O)[O-]
641,5,ether,poly (ethylene oxide-co-digol ethyl glycidyl ether),COC,C(COCCOCCOCC)OC,61.8,,CF3SO3,,0.082644628,,,,,,,,no,,,5.79e-06,,,,,,,,,,,,,,,,,,,,,,,,,,,,,,,,,,,,,,,,,,,,,,1000.0,branched,acetonitrile,65,6,yes,vacuum >10^-3 mmHg,https://doi.org/10.1021/ma00207a006,"D. G. H. Ballard, P. Cheshire, T. S. Mann and J. E. Przeworski, Macromolecules, 1990, 23, 1256–1264.",C(F)(F)(F)S(=O)(=O)[O-]
642,5,ether,poly (ethylene oxide-co-digol ethyl glycidyl ether),COC,C(COCCOCCOCC)OC,61.8,,CF3SO3,,0.057971014,,,,,,,,no,,,7.52e-06,,,,,,,,,,,,,,,,,,,,,,,,,,,,,,,,,,,,,,,,,,,,,,1000.0,branched,acetonitrile,65,6,yes,vacuum >10^-3 mmHg,https://doi.org/10.1021/ma00207a006,"D. G. H. Ballard, P. Cheshire, T. S. Mann and J. E. Przeworski, Macromolecules, 1990, 23, 1256–1264.",C(F)(F)(F)S(=O)(=O)[O-]
643,5,ether,poly (ethylene oxide-co-digol ethyl glycidyl ether),COC,C(COCCOCCOCC)OC,61.8,,CF3SO3,,0.033244681,,,,,,,,no,,,5.98e-06,,,,,,,,,,,,,,,,,,,,,,,,,,,,,,,,,,,,,,,,,,,,,,1000.0,branched,acetonitrile,65,6,yes,vacuum >10^-3 mmHg,https://doi.org/10.1021/ma00207a006,"D. G. H. Ballard, P. Cheshire, T. S. Mann and J. E. Przeworski, Macromolecules, 1990, 23, 1256–1264.",C(F)(F)(F)S(=O)(=O)[O-]
644,5,ether,poly (ethylene oxide-co-digol ethyl glycidyl ether),COC,C(COCCOCCOCC)OC,61.8,,CF3SO3,,0.019940179,,,,,,,,no,,,4.58e-06,,,,,,,,,,,,,,,,,,,,,,,,,,,,,,,,,,,,,,,,,,,,,,1000.0,branched,acetonitrile,65,6,yes,vacuum >10^-3 mmHg,https://doi.org/10.1021/ma00207a006,"D. G. H. Ballard, P. Cheshire, T. S. Mann and J. E. Przeworski, Macromolecules, 1990, 23, 1256–1264.",C(F)(F)(F)S(=O)(=O)[O-]
645,5,ether,poly (ethylene oxide-co-digol ethyl glycidyl ether),COC,C(COCCOCCOCC)OC,61.8,,CF3SO3,,0.014283674,,,,,,,,no,,,2.8e-06,,,,,,,,,,,,,,,,,,,,,,,,,,,,,,,,,,,,,,,,,,,,,,1000.0,branched,acetonitrile,65,6,yes,vacuum >10^-3 mmHg,https://doi.org/10.1021/ma00207a006,"D. G. H. Ballard, P. Cheshire, T. S. Mann and J. E. Przeworski, Macromolecules, 1990, 23, 1256–1264.",C(F)(F)(F)S(=O)(=O)[O-]
646,5,ether,poly (ethylene oxide-co-digol ethyl glycidyl ether),COC,C(COCCOCCOCC)OC,61.8,,CF3SO3,,0.00999001,,,,,,,,no,,,2.79e-06,,,,,,,,,,,,,,,,,,,,,,,,,,,,,,,,,,,,,,,,,,,,,,1000.0,branched,acetonitrile,65,6,yes,vacuum >10^-3 mmHg,https://doi.org/10.1021/ma00207a006,"D. G. H. Ballard, P. Cheshire, T. S. Mann and J. E. Przeworski, Macromolecules, 1990, 23, 1256–1264.",C(F)(F)(F)S(=O)(=O)[O-]
647,6,ether,poly (ethylene oxide-co-digol methyl glycidyl ether),COC,C(COCCOCCOC)OC,71.4,,CF3SO3,,0.099403579,,,-77.0,,,,,no,,,1.29e-06,,,,,,,,,,,,,,,,,,,,,,,,,,,,,,,,,,,,,,,,,,,,,,1000.0,branched,acetonitrile,65,6,yes,vacuum >10^-3 mmHg,https://doi.org/10.1021/ma00207a006,"D. G. H. Ballard, P. Cheshire, T. S. Mann and J. E. Przeworski, Macromolecules, 1990, 23, 1256–1264.",C(F)(F)(F)S(=O)(=O)[O-]
648,6,ether,poly (ethylene oxide-co-digol methyl glycidyl ether),COC,C(COCCOCCOC)OC,71.4,,CF3SO3,,0.099601594,,,-77.0,,,,,no,,,2.86e-06,,,,,,,,,,,,,,,,,,,,,,,,,,,,,,,,,,,,,,,,,,,,,,1000.0,branched,acetonitrile,65,6,yes,vacuum >10^-3 mmHg,https://doi.org/10.1021/ma00207a006,"D. G. H. Ballard, P. Cheshire, T. S. Mann and J. E. Przeworski, Macromolecules, 1990, 23, 1256–1264.",C(F)(F)(F)S(=O)(=O)[O-]
649,6,ether,poly (ethylene oxide-co-digol methyl glycidyl ether),COC,C(COCCOCCOC)OC,71.4,,CF3SO3,,0.084317032,,,-77.0,,,,,no,,,1.19e-05,,,,,,,,,,,,,,,,,,,,,,,,,,,,,,,,,,,,,,,,,,,,,,1000.0,branched,acetonitrile,65,6,yes,vacuum >10^-3 mmHg,https://doi.org/10.1021/ma00207a006,"D. G. H. Ballard, P. Cheshire, T. S. Mann and J. E. Przeworski, Macromolecules, 1990, 23, 1256–1264.",C(F)(F)(F)S(=O)(=O)[O-]
650,6,ether,poly (ethylene oxide-co-digol methyl glycidyl ether),COC,C(COCCOCCOC)OC,71.4,,CF3SO3,,0.062460962,,,-77.0,,,,,no,,,2.28e-05,,,,,,,,,,,,,,,,,,,,,,,,,,,,,,,,,,,,,,,,,,,,,,1000.0,branched,acetonitrile,65,6,yes,vacuum >10^-3 mmHg,https://doi.org/10.1021/ma00207a006,"D. G. H. Ballard, P. Cheshire, T. S. Mann and J. E. Przeworski, Macromolecules, 1990, 23, 1256–1264.",C(F)(F)(F)S(=O)(=O)[O-]
651,6,ether,poly (ethylene oxide-co-digol methyl glycidyl ether),COC,C(COCCOCCOC)OC,71.4,,CF3SO3,,0.033156499,,,-77.0,,,,,no,,,1.83e-05,,,,,,,,,,,,,,,,,,,,,,,,,,,,,,,,,,,,,,,,,,,,,,1000.0,branched,acetonitrile,65,6,yes,vacuum >10^-3 mmHg,https://doi.org/10.1021/ma00207a006,"D. G. H. Ballard, P. Cheshire, T. S. Mann and J. E. Przeworski, Macromolecules, 1990, 23, 1256–1264.",C(F)(F)(F)S(=O)(=O)[O-]
652,6,ether,poly (ethylene oxide-co-digol methyl glycidyl ether),COC,C(COCCOCCOC)OC,71.4,,CF3SO3,,0.019904459,,,-77.0,,,,,no,,,1.19e-05,,,,,,,,,,,,,,,,,,,,,,,,,,,,,,,,,,,,,,,,,,,,,,1000.0,branched,acetonitrile,65,6,yes,vacuum >10^-3 mmHg,https://doi.org/10.1021/ma00207a006,"D. G. H. Ballard, P. Cheshire, T. S. Mann and J. E. Przeworski, Macromolecules, 1990, 23, 1256–1264.",C(F)(F)(F)S(=O)(=O)[O-]
653,6,ether,poly (ethylene oxide-co-digol methyl glycidyl ether),COC,C(COCCOCCOC)OC,71.4,,CF3SO3,,0.014263301,,,-77.0,,,,,no,,,5.53e-06,,,,,,,,,,,,,,,,,,,,,,,,,,,,,,,,,,,,,,,,,,,,,,1000.0,branched,acetonitrile,65,6,yes,vacuum >10^-3 mmHg,https://doi.org/10.1021/ma00207a006,"D. G. H. Ballard, P. Cheshire, T. S. Mann and J. E. Przeworski, Macromolecules, 1990, 23, 1256–1264.",C(F)(F)(F)S(=O)(=O)[O-]
654,6,ether,poly (ethylene oxide-co-digol methyl glycidyl ether),COC,C(COCCOCCOC)OC,71.4,,CF3SO3,,0.010007005,,,-77.0,,,,,no,,,4.73e-06,,,,,,,,,,,,,,,,,,,,,,,,,,,,,,,,,,,,,,,,,,,,,,1000.0,branched,acetonitrile,65,6,yes,vacuum >10^-3 mmHg,https://doi.org/10.1021/ma00207a006,"D. G. H. Ballard, P. Cheshire, T. S. Mann and J. E. Przeworski, Macromolecules, 1990, 23, 1256–1264.",C(F)(F)(F)S(=O)(=O)[O-]
